Date,DZ,AO,AR,AU,AT,AZ,BD,BE,BO,BR,BG,CA,CL,CO,CR,HR,CY,CZ,DK,DO,EC,SV,EE,FI,FR,DE,GR,HN,HK,HU,IN,ID,IQ,IE,IT,JP,KZ,LV,LY,LT,LU,MX,MA,MM,NL,NZ,NI,NG,NO,OM,PY,PE,PH,PL,PT,QA,RO,RU,SA,SK,SI,ZA,KR,ES,SE,CH,TW,TH,TN,TR,UA,AE,UK,US,UY,VE
2024-01-01,1.6183333333333332,,,7.705433430989583,3.150441691080729,0.5128333333333334,,4.723550048828125,,,1.3562249959309896,17.234865234375,1.4237366739908854,,,0.676000010172526,0.5765833333333333,3.685608357747396,3.157483357747396,,,,0.6534666697184245,3.057491658528646,15.676158203125,27.98499153645833,3.9193916829427087,,0.3690118306477864,4.319358317057292,14.514956787109375,,2.014666666666667,2.429375,15.067758463541667,15.184821614583335,,0.16759166717529297,,0.8999250081380209,0.09858333333333333,8.15988330078125,,,10.316041748046874,2.065681640625,,,1.3787583516438802,,,,,5.981191650390625,2.1969999796549478,,1.2027166544596355,,31.955333333333332,1.6407083129882813,1.2548250122070312,,8.561276448567709,11.79338330078125,4.0869833984375,8.85841650390625,8.297244791666666,1.0390880004882812,,2.767375040690104,,,10.494900065104167,255.554,,0.6975
2024-02-01,1.6396666666666668,,,8.075066731770834,3.2602916666666664,0.4731666666666667,,4.584125081380208,,,1.4069249877929688,16.54962141927083,1.4194266764322918,,,0.6013583272298177,0.5836666666666667,3.784191650390625,3.1279083251953126,,,,0.6858583272298178,3.282824991861979,15.567716796875,27.58643294270833,3.886999959309896,,0.37005782572428386,4.298233317057292,13.947735026041666,,1.9001666666666668,2.637808349609375,14.515691569010416,14.698611653645834,,0.1690000025431315,,0.8957000020345053,0.0718249994913737,8.555625,,,10.966691731770833,2.2263299560546876,,,1.309750020345052,,,,,6.019216634114583,2.2800916341145836,,1.273133321126302,,31.046833333333332,1.689999979654948,1.3435499877929689,,8.3693515625,12.007450032552084,3.964458292643229,8.893625,8.499698811848958,1.0766270039876302,,2.920883341471354,,,10.349841634114584,250.6525,,0.854
2024-03-01,1.709,,,7.691216634114583,3.2856416015625,0.5454166666666667,,4.517933349609375,,,1.4857916463216145,17.08843359375,1.5544733479817707,,,0.6055833231608072,0.5595833333333333,3.6532166748046877,3.177199991861979,,,,0.6436083272298178,3.1434000244140625,14.6931416015625,26.31470865885417,4.30668330891927,,0.3616586659749349,4.253166625976562,14.167850992838542,,2.0986666666666665,2.5519000040690103,14.34950830078125,14.3872666015625,,0.18026666514078776,,1.080191650390625,0.049291666666666664,8.79081648763021,,,9.424566569010416,2.227751708984375,,,1.460441650390625,,,,,6.148783284505208,2.268824991861979,,1.209758321126302,,28.33683333333333,1.6012750040690105,1.2139833374023437,,8.289738444010416,11.368066569010416,3.863058349609375,8.8401083984375,8.5370693359375,1.0000738321940104,,2.775824991861979,,,9.925933268229166,242.0095,,0.961
2024-04-01,1.747,,,7.976971761067708,3.2391666666666663,0.5340833333333334,,4.603841715494792,,,1.352,16.266710123697916,1.6176866658528646,,,0.6196666564941407,0.5666666666666667,3.416616658528646,3.1194583333333337,,,,0.7309249979654947,3.1377666829427087,15.011424967447915,25.9415,4.036283365885416,,0.39415565999348956,4.215141642252605,13.56676472981771,,2.244,2.4645833333333336,14.231208170572916,14.867790201822917,,0.18167499796549477,,0.9196416524251303,0.0732333329518636,8.662658447265626,,,9.580891764322915,2.4452666625976565,,,1.5040999959309895,,,,,6.08963330078125,2.2969916381835938,,1.1280749918619792,,30.937,1.6167666625976562,1.2365166829427083,,8.195908365885415,11.437075032552084,3.9771333821614583,8.848558186848958,8.775307942708334,0.9749444885253906,,2.878633341471354,,,9.734400065104166,238.9585,,0.93
2024-05-01,1.4756666666666667,,,7.900201741536458,3.002566691080729,0.4901666666666667,,4.2348583984375,,,1.3745333455403645,14.71425,1.731183369954427,,,0.6478333384195963,0.5709166666666666,3.301133341471354,2.957500040690104,,,,0.7323333282470703,2.885675008138021,15.074800130208335,26.21049186197917,3.9123500162760414,,0.3417479960123698,4.179933268229167,14.948134033203125,,1.9653333333333332,2.151933349609375,13.7847666015625,15.271543294270835,,0.18308333333333335,,0.8999249877929687,0.09295000076293945,8.585200032552084,,,9.207683430989585,2.19647499593099,,,1.4379083251953124,,,,,5.961474934895833,2.3307916870117187,,1.0463916829427082,,30.852666666666668,1.5069166870117188,1.1773666585286457,,7.843335123697917,11.45538330078125,3.7250416666666664,8.837291748046875,8.528967041015624,1.0713788146972656,,2.8842666829427084,,,9.228808430989584,238.78,,1.0075
2024-06-01,1.4868333333333332,,,7.887406656901042,2.6293583170572914,0.4405833333333333,,4.372874918619792,,,1.3421416829427082,14.884849934895835,1.726873311360677,,,0.5619250030517579,0.57375,3.2039583333333335,2.8603250325520837,,,,0.7689500020345053,2.688508341471354,15.046633138020834,25.91755794270833,3.708141642252604,,0.33336466979980467,4.219366617838542,13.81227880859375,,1.7566666666666668,2.099824991861979,13.2566416015625,14.539385091145833,,0.18449166361490885,,0.9154166564941406,0.09013333257039388,8.178191650390625,,,8.931650146484374,2.2988350423177084,,,1.201308339436849,,,,,5.838949951171875,2.1716499837239587,,1.0844166666666668,,30.417333333333332,1.4660749918619793,1.2421500244140624,,7.729601643880208,10.59911669921875,3.6658916829427084,8.733074951171876,8.208277994791667,0.9271173950195313,,2.7448416748046873,,,9.230216796875,236.39166666666665,,0.765
2024-07-01,1.6124,,,8.144728434244792,2.433599955240885,0.35983333333333334,,4.444699910481771,,,1.2731333414713542,15.5203349609375,1.6248699951171874,,,0.5562916666666666,0.6814166666666667,3.2011416829427084,2.87863330078125,,,,0.7464166564941406,2.8166666666666664,15.111416829427084,25.91333333333333,3.6236417236328125,,0.3595704956054688,4.186974934895833,14.351280843098959,,1.7365,1.892800028483073,13.286216634114584,13.40631689453125,,0.18730833180745443,,0.9534416809082031,0.08450000127156575,7.90497509765625,,,8.061300048828125,2.425363321940104,,,1.2393333536783855,,,,,5.953024983723958,2.1998166707356774,,0.9773833312988282,,30.016166666666667,1.5111416829427082,1.2125750122070313,,7.920105143229167,9.944241536458334,3.73349169921875,8.642941650390625,8.517343912760417,1.0189525146484375,,2.7842750244140624,,,9.4104833984375,234.99033333333335,,0.6975
2024-08-01,1.6158,,,7.799263346354167,2.405433349609375,0.3796666666666667,,4.453150146484375,,,1.2858083089192707,15.237423177083334,1.5271766764322918,,,0.6182583312988281,0.6771666666666666,3.282824991861979,3.054675008138021,,,,0.7436000010172525,2.7561083170572913,15.584616536458334,25.6556083984375,3.8081333821614587,,0.3805254974365234,4.1841583251953125,13.328305989583335,,1.7293333333333332,1.7195750122070312,13.397474934895834,13.874045084635416,,0.18449166361490885,,1.014,0.0943583329518636,8.414791585286459,,,7.719074951171875,2.4879166666666666,,,1.182999989827474,,,,,5.951616780598958,2.106866678873698,,1.0632916564941406,,30.814,1.5125499877929687,1.3027083333333334,,7.637193359375,10.152674967447917,3.7109583740234373,8.611958333333334,8.39058447265625,0.9707415059407553,,3.0321416829427084,,,9.190783528645834,229.39533333333335,,0.775
2024-09-01,1.4526666666666668,,,7.695481689453125,2.392758341471354,0.306,,4.210916585286458,,,1.2872166544596355,15.789030110677084,1.508500020345052,,,0.5957250010172526,0.663,3.2912750244140625,2.930741658528646,,,,0.6605083211263021,2.7547000325520834,15.518425130208334,25.786583333333333,3.5898416748046875,,0.36585883076985676,4.20669169108073,13.630260091145834,,1.7865,1.753375020345052,13.667874837239584,13.969296712239585,,0.18308333333333335,,0.8759833374023438,0.08590833282470703,8.165516520182292,,,6.7740833333333335,2.411146687825521,,,1.1717333272298176,,,,,5.981191731770833,2.2462916259765624,,0.9196416625976562,,29.9655,1.547758321126302,1.2083500162760417,,7.908731689453125,10.311816569010416,3.557449991861979,8.5457666015625,8.645177083333333,0.958555810546875,,3.0377749837239585,,,9.340066569010416,229.29733333333334,,1.2
2024-10-01,1.2921666666666667,,,7.465171630859375,2.5885166829427084,0.35133333333333333,,4.241899983723958,,,1.2844000244140625,15.834523274739585,1.5515999755859375,,,0.7520499979654948,0.66725,3.319441691080729,2.97299169921875,,,,0.6084000040690104,2.726533406575521,15.329708333333334,25.83587532552083,3.567308349609375,,0.3553720041910807,4.292599934895833,13.968899739583334,,2.003833333333333,1.7646417032877606,14.329791666666667,14.394375162760417,,0.17744999694824218,,0.992875,0.08731666692097981,7.94863330078125,,,6.892383219401042,2.441001688639323,,,1.343550028483073,,,,,6.003724934895833,2.1857333374023438,,1.0928666687011719,,29.606166666666667,1.5040999959309895,1.288625020345052,,8.28405183919271,10.734316569010415,3.653216593424479,8.45845011393229,8.116055013020834,0.9675663452148437,,3.0138333333333334,,,9.428791666666665,223.75266666666667,,1.0385
2024-11-01,1.4935,,,6.529715087890625,2.7110416666666666,0.41225,,4.288375081380208,,,1.2928500061035155,16.006545084635416,1.5343599853515626,,,0.7971166585286459,0.6644166666666667,3.4447833658854163,2.9687666829427086,,,,0.6675499979654947,2.9082083740234377,15.380408528645834,26.1668330078125,3.805316650390625,,0.3532848358154297,4.385549967447917,14.334348958333335,,2.2238333333333333,1.7575999959309896,14.256558430989584,14.636058268229165,,0.17463333129882813,,0.8604916788736979,0.08309166653951008,7.485291666666667,,,7.750058430989583,2.2504983520507813,,,1.4322750040690104,,,,,6.050199951171875,2.3110749715169274,,1.035125,,29.3495,1.5759249877929689,1.2520083414713543,,8.265569986979166,10.976549967447916,3.9010833740234374,8.46549169921875,8.361268798828124,0.9962988159179688,,3.129316650390625,,,9.620325032552085,230.49016666666665,,0.99
2024-12-01,1.4406666666666668,,,6.75433837890625,2.7969500325520835,0.4405833333333333,,4.3207666015625,,,1.4026999918619791,16.167193359375,1.4381033325195312,,,0.8182416788736979,0.6573333333333333,3.5560416666666663,2.99975,,,,0.6886749928792318,2.9011666666666667,14.852283528645835,26.599191731770834,3.5419583740234377,,0.3815763295491536,4.486949991861979,15.6959638671875,,2.3078333333333334,2.001241678873698,13.832650065104167,14.223774739583334,,0.18167499796549477,,0.8478166809082032,0.06760000038146972,8.28522509765625,,,9.031641764322917,2.143873331705729,,,1.318200002034505,,,,,6.019216552734375,2.1646083170572914,,1.1041333414713543,,30.1745,1.5942333374023439,1.273133321126302,,8.309641520182291,10.624466634114585,3.7884166666666665,8.471125,8.089865804036458,1.0642423706054687,,2.981441691080729,,,9.625958333333333,242.42116666666666,,0.713
2023-01-01,,0.6814,,,,,,,,,,,,,,,,,,,,,,,,,,,,,,,,,,,,,,,,,0.66725,,,,,10.788833333333335,,,,0.6948333333333334,3.4255,,,,,,,,,3.8449749755859375,,,,,,,0.782,,,,,,,
2023-02-01,,0.5744,,,,,,,,,,,,,,,,,,,,,,,,,,,,,,,,,,,,,,,,,0.6559166666666666,,,,,10.930166666666667,,,,0.6941666666666666,3.7978333333333336,,,,,,,,,3.936689982096354,,,,,,,0.8599166666666667,,,,,,,
2023-03-01,,0.5046,,,,,,,,,,,,,,,,,,,,,,,,,,,,,,,,,,,,,,,,,0.703375,,,,,8.4395,,,,0.7581666666666667,3.8196666666666665,,,,,,,,,3.9846640625,,,,,,,0.84575,,,,,,,
2023-04-01,,0.5143333333333334,,,,,,,,,,,,,,,,,,,,,,,,,,,,,,,,,,,,,,,,,0.822375,,,,,9.3985,,,,0.6993333333333334,3.6855,,,,,,,,,4.344469075520833,,,,,,,0.9746666666666667,,,,,,,
2023-05-01,,0.37860000000000005,,,,,,,,,,,,,,,,,,,,,,,,,,,,,,,,,,,,,,,,,0.7125833333333333,,,,,9.663833333333335,,,,0.7131666666666666,3.4018333333333333,,,,,,,,,4.3021390380859375,,,,,,,0.9449166666666666,,,,,,,
2023-06-01,,0.32,,,,,,,,,,,,,,,,,,,,,,,,,,,,,,,,,,,,,,,,,0.67575,,,,,8.749333333333334,,,,0.8238333333333334,3.0936666666666666,,,,,,,,,4.203369018554688,,,,,,,0.8740833333333333,,,,,,,
2023-07-01,,0.3696666666666667,,,,,,,,,,,,,,,,,,,,,,,,,,,,,,,,,,,,,,,,,0.6035,,,,,9.344666666666667,,,,0.7111666666666666,3.415,,,,,,,,,4.050980916341146,,,,,,,0.8570833333333334,,,,,,,
2023-08-01,,0.4613333333333333,,,,,,,,,,,,,,,,,,,,,,,,,,,,,,,,,,,,,,,,,0.6318333333333334,,,,,5.107166666666667,,,,0.7005,3.7053333333333334,,,,,,,,,5.210822875976563,,,,,,,0.6601666666666667,,,,,,,
2023-09-01,,0.5056666666666667,,,,,,,,,,,,,,,,,,,,,,,,,,,,,,,,,,,,,,,,,0.6222000000000001,,,,,8.130666666666666,,,,0.7091666666666666,3.539,,,,,,,,,3.949388956705729,,,,,,,0.7366666666666666,,,,,,,
2023-10-01,,0.3315,,,,,,,,,,,,,,,,,,,,,,,,,,,,,,,,,,,,,,,,,0.5595833333333333,,,,,10.645666666666665,,,,0.7083333333333334,3.3963333333333336,,,,,,,,,4.152572998046875,,,,,,,0.918,,,,,,,
2023-11-01,,0.468,,,,,,,,,,,,,,,,,,,,,,,,,,,,,,,,,,,,,,,,,0.5474,,,,,9.7865,,,,0.7476666666666666,3.4891666666666663,,,,,,,,,3.74056103515625,,,,,,,0.8471666666666666,,,,,,,
2023-12-01,,0.4553333333333333,,,,,,,,,,,,,,,,,,,,,,,,,,,,,,,,,,,,,,,,,0.6205,,,,,9.6445,,,,0.6863333333333334,3.325,,,,,,,,,3.531732950846354,,,,,,,0.8007000000000001,,,,,,,
2020-01-01,,,3.0871666666666666,,,,,,,,,,,,,,,,,0.2235,,,,,,,,,,,,,,,,,,,,,,,,,,,,,,,,,,,,,,,,,,,,,,,,,,,,,,,,
2020-02-01,,,3.0056666666666665,,,,,,,,,,,,,,,,,0.259,,,,,,,,,,,,,,,,,,,,,,,,,,,,,,,,,,,,,,,,,,,,,,,,,,,,,,,,
2020-03-01,,,2.9683333333333333,,,,,,,,,,,,,,,,,0.24133333333333334,,,,,,,,,,,,,,,,,,,,,,,,,,,,,,,,,,,,,,,,,,,,,,,,,,,,,,,,
2020-04-01,,,3.0628333333333333,,,,,,,,,,,,,,,,,0.3161666666666667,,,,,,,,,,,,,,,,,,,,,,,,,,,,,,,,,,,,,,,,,,,,,,,,,,,,,,,,
2020-05-01,,,3.1715,,,,,,,,,,,,,,,,,0.233,,,,,,,,,,,,,,,,,,,,,,,,,,,,,,,,,,,,,,,,,,,,,,,,,,,,,,,,
2020-06-01,,,3.2183333333333333,,,,,,,,,,,,,,,,,0.19633333333333333,,,,,,,,,,,,,,,,,,,,,,,,,,,,,,,,,,,,,,,,,,,,,,,,,,,,,,,,
2020-07-01,,,3.1695,,,,,,,,,,,,,,,,,0.23516666666666666,,,,,,,,,,,,,,,,,,,,,,,,,,,,,,,,,,,,,,,,,,,,,,,,,,,,,,,,
2020-08-01,,,3.1725,,,,,,,,,,,,,,,,,0.2265,,,,,,,,,,,,,,,,,,,,,,,,,,,,,,,,,,,,,,,,,,,,,,,,,,,,,,,,
2020-09-01,,,3.1938333333333335,,,,,,,,,,,,,,,,,0.27466666666666667,,,,,,,,,,,,,,,,,,,,,,,,,,,,,,,,,,,,,,,,,,,,,,,,,,,,,,,,
2020-10-01,,,3.1728333333333336,,,,,,,,,,,,,,,,,0.2623333333333333,,,,,,,,,,,,,,,,,,,,,,,,,,,,,,,,,,,,,,,,,,,,,,,,,,,,,,,,
2020-11-01,,,3.0343333333333335,,,,,,,,,,,,,,,,,0.25066666666666665,,,,,,,,,,,,,,,,,,,,,,,,,,,,,,,,,,,,,,,,,,,,,,,,,,,,,,,,
2020-12-01,,,2.6178333333333335,,,,,,,,,,,,,,,,,0.14683333333333334,,,,,,,,,,,,,,,,,,,,,,,,,,,,,,,,,,,,,,,,,,,,,,,,,,,,,,,,
2012-05-01,,,,,,,,,,,,,,,,,,,,,,,,,,,,,,,,,,,,,,,,,,,,,,,,,,,,,,,,,,,,,,,,,,,,,,,,,,,,
2016-01-01,,,,,,,,,0.11266666666666666,,,,,,,,,,,,,,,,,,,,,,,,,,,,,,,,,,,0.6315159912109375,,,,,,0.7593333333333334,,,,,,,,,,,,,,,,,,,,,,,,,,
2016-02-01,,,,,,,,,0.10766666666666667,,,,,,,,,,,,,,,,,,,,,,,,,,,,,,,,,,,0.5845790100097656,,,,,,0.8301666666666666,,,,,,,,,,,,,,,,,,,,,,,,,,
2016-03-01,,,,,,,,,0.11483333333333333,,,,,,,,,,,,,,,,,,,,,,,,,,,,,,,,,,,0.5760450134277344,,,,,,0.8004166666666667,,,,,,,,,,,,,,,,,,,,,,,,,,
2016-04-01,,,,,,,,,0.13316666666666666,,,,,,,,,,,,,,,,,,,,,,,,,,,,,,,,,,,0.5575546671549478,,,,,,0.833,,,,,,,,,,,,,,,,,,,,,,,,,,
2016-05-01,,,,,,,,,0.12483333333333332,,,,,,,,,,,,,,,,,,,,,,,,,,,,,,,,,,,0.5035059814453124,,,,,,0.7579166666666667,,,,,,,,,,,,,,,,,,,,,,,,,,
2016-06-01,,,,,,,,,0.1295,,,,,,,,,,,,,,,,,,,,,,,,,,,,,,,,,,,0.5433313191731771,,,,,,0.8245,,,,,,,,,,,,,,,,,,,,,,,,,,
2016-07-01,,,,,,,,,0.12516666666666668,,,,,,,,,,,,,,,,,,,,,,,,,,,,,,,,,,,0.48643798828125,,,,,,0.93075,,,,,,,,,,,,,,,,,,,,,,,,,,
2016-08-01,,,,,,,,,0.12233333333333332,,,,,,,,,,,,,,,,,,,,,,,,,,,,,,,,,,,0.5461760050455728,,,,,,0.867,,,,,,,,,,,,,,,,,,,,,,,,,,
2016-09-01,,,,,,,,,0.27066666666666667,,,,,,,,,,,,,,,,,,,,,,,,,,,,,,,,,,,0.4608359909057617,,,,,,0.7876666666666666,,,,,,,,,,,,,,,,,,,,,,,,,,
2016-10-01,,,,,,,,,0.11966666666666667,,,,,,,,,,,,,,,,,,,,,,,,,,,,,,,,,,,0.539775505065918,,,,,,0.70975,,,,,,,,,,,,,,,,,,,,,,,,,,
2016-11-01,,,,,,,,,0.1192,,,,,,,,,,,,,,,,,,,,,,,,,,,,,,,,,,,0.5483095016479492,,,,,,0.782,,,,,,,,,,,,,,,,,,,,,,,,,,
2016-12-01,,,,,,,,,0.108,,,,,,,,,,,,,,,,,,,,,,,,,,,,,,,,,,,0.5739115142822265,,,,,,0.7975833333333334,,,,,,,,,,,,,,,,,,,,,,,,,,
2022-01-01,,,,,,,,,,8.498166666666666,,,,,0.2975,,,,,,,,,,,,,,,,,,,,,,,,,,,,,,,,,,,,,,,,,,,,,,,,,,,,,,,,1.36,,,,,
2022-02-01,,,,,,,,,,8.450333333333335,,,,,0.256,,,,,,,,,,,,,,,,,,,,,,,,,,,,,,,,,,,,,,,,,,,,,,,,,,,,,,,,1.3345,,,,,
2022-03-01,,,,,,,,,,8.791333333333334,,,,,0.3541666666666667,,,,,,,,,,,,,,,,,,,,,,,,,,,,,,,,,,,,,,,,,,,,,,,,,,,,,,,,1.2891666666666668,,,,,
2022-04-01,,,,,,,,,,8.431666666666667,,,,,0.3885,,,,,,,,,,,,,,,,,,,,,,,,,,,,,,,,,,,,,,,,,,,,,,,,,,,,,,,,1.2764166666666668,,,,,
2022-05-01,,,,,,,,,,8.748166666666666,,,,,0.4005,,,,,,,,,,,,,,,,,,,,,,,,,,,,,,,,,,,,,,,,,,,,,,,,,,,,,,,,1.25375,,,,,
2022-06-01,,,,,,,,,,8.858333333333334,,,,,0.3046666666666667,,,,,,,,,,,,,,,,,,,,,,,,,,,,,,,,,,,,,,,,,,,,,,,,,,,,,,,,1.2296666666666667,,,,,
2022-07-01,,,,,,,,,,9.272333333333334,,,,,0.3595,,,,,,,,,,,,,,,,,,,,,,,,,,,,,,,,,,,,,,,,,,,,,,,,,,,,,,,,1.1970833333333333,,,,,
2022-08-01,,,,,,,,,,8.843833333333334,,,,,0.378,,,,,,,,,,,,,,,,,,,,,,,,,,,,,,,,,,,,,,,,,,,,,,,,,,,,,,,,1.1758333333333333,,,,,
2022-09-01,,,,,,,,,,8.899833333333333,,,,,0.396,,,,,,,,,,,,,,,,,,,,,,,,,,,,,,,,,,,,,,,,,,,,,,,,,,,,,,,,1.2098333333333333,,,,,
2022-10-01,,,,,,,,,,9.150166666666665,,,,,0.29233333333333333,,,,,,,,,,,,,,,,,,,,,,,,,,,,,,,,,,,,,,,,,,,,,,,,,,,,,,,,1.1446666666666667,,,,,
2022-11-01,,,,,,,,,,8.923333333333334,,,,,0.3315,,,,,,,,,,,,,,,,,,,,,,,,,,,,,,,,,,,,,,,,,,,,,,,,,,,,,,,,1.1843333333333332,,,,,
2022-12-01,,,,,,,,,,9.313166666666666,,,,,0.339,,,,,,,,,,,,,,,,,,,,,,,,,,,,,,,,,,,,,,,,,,,,,,,,,,,,,,,,1.2055833333333332,,,,,
2017-01-01,,,,,,,,,,,,,,1.495,,,,,,,,0.2642,,,,,,,,,,,,,,,,,,,,,,,,,,,,,,,,,,,,,,,,,,,,,,,,,,,,,,
2017-02-01,,,,,,,,,,,,,,1.6966666666666668,,,,,,,,0.2444,,,,,,,,,,,,,,,,,,,,,,,,,,,,,,,,,,,,,,,,,,,,,,,,,,,,,,
2017-03-01,,,,,,,,,,,,,,1.7986666666666666,,,,,,,,0.2286,,,,,,,,,,,,,,,,,,,,,,,,,,,,,,,,,,,,,,,,,,,,,,,,,,,,,,
2017-04-01,,,,,,,,,,,,,,1.6573333333333333,,,,,,,,0.2266,,,,,,,,,,,,,,,,,,,,,,,,,,,,,,,,,,,,,,,,,,,,,,,,,,,,,,
2017-05-01,,,,,,,,,,,,,,1.4956666666666667,,,,,,,,0.26839999999999997,,,,,,,,,,,,,,,,,,,,,,,,,,,,,,,,,,,,,,,,,,,,,,,,,,,,,,
2017-06-01,,,,,,,,,,,,,,1.5813333333333333,,,,,,,,0.34325,,,,,,,,,,,,,,,,,,,,,,,,,,,,,,,,,,,,,,,,,,,,,,,,,,,,,,
2017-07-01,,,,,,,,,,,,,,1.4586666666666668,,,,,,,,0.24180000000000001,,,,,,,,,,,,,,,,,,,,,,,,,,,,,,,,,,,,,,,,,,,,,,,,,,,,,,
2017-08-01,,,,,,,,,,,,,,1.0803333333333334,,,,,,,,0.2435,,,,,,,,,,,,,,,,,,,,,,,,,,,,,,,,,,,,,,,,,,,,,,,,,,,,,,
2017-09-01,,,,,,,,,,,,,,1.32,,,,,,,,0.24975,,,,,,,,,,,,,,,,,,,,,,,,,,,,,,,,,,,,,,,,,,,,,,,,,,,,,,
2017-10-01,,,,,,,,,,,,,,0.9523333333333334,,,,,,,,0.23525,,,,,,,,,,,,,,,,,,,,,,,,,,,,,,,,,,,,,,,,,,,,,,,,,,,,,,
2017-11-01,,,,,,,,,,,,,,1.2916666666666667,,,,,,,,0.2075,,,,,,,,,,,,,,,,,,,,,,,,,,,,,,,,,,,,,,,,,,,,,,,,,,,,,,
2017-12-01,,,,,,,,,,,,,,1.4873333333333332,,,,,,,,0.2005,,,,,,,,,,,,,,,,,,,,,,,,,,,,,,,,,,,,,,,,,,,,,,,,,,,,,,
2019-01-01,,,,,,,,,,,,,,,,,,,,,0.4928333333333333,,,,,,,,,,,,,,,,,,,,,,,,,,,,,,,,,,,,,,,,,,,,,,,,,,,,,,,
2019-02-01,,,,,,,,,,,,,,,,,,,,,0.4918333333333333,,,,,,,,,,,,,,,,,,,,,,,,,,,,,,,,,,,,,,,,,,,,,,,,,,,,,,,
2019-03-01,,,,,,,,,,,,,,,,,,,,,0.5228333333333334,,,,,,,,,,,,,,,,,,,,,,,,,,,,,,,,,,,,,,,,,,,,,,,,,,,,,,,
2019-04-01,,,,,,,,,,,,,,,,,,,,,0.48533333333333334,,,,,,,,,,,,,,,,,,,,,,,,,,,,,,,,,,,,,,,,,,,,,,,,,,,,,,,
2019-05-01,,,,,,,,,,,,,,,,,,,,,0.4666666666666667,,,,,,,,,,,,,,,,,,,,,,,,,,,,,,,,,,,,,,,,,,,,,,,,,,,,,,,
2019-06-01,,,,,,,,,,,,,,,,,,,,,0.4785,,,,,,,,,,,,,,,,,,,,,,,,,,,,,,,,,,,,,,,,,,,,,,,,,,,,,,,
2019-07-01,,,,,,,,,,,,,,,,,,,,,0.4895,,,,,,,,,,,,,,,,,,,,,,,,,,,,,,,,,,,,,,,,,,,,,,,,,,,,,,,
2019-08-01,,,,,,,,,,,,,,,,,,,,,0.5118333333333334,,,,,,,,,,,,,,,,,,,,,,,,,,,,,,,,,,,,,,,,,,,,,,,,,,,,,,,
2019-09-01,,,,,,,,,,,,,,,,,,,,,0.496,,,,,,,,,,,,,,,,,,,,,,,,,,,,,,,,,,,,,,,,,,,,,,,,,,,,,,,
2019-10-01,,,,,,,,,,,,,,,,,,,,,0.5028333333333334,,,,,,,,,,,,,,,,,,,,,,,,,,,,,,,,,,,,,,,,,,,,,,,,,,,,,,,
2019-11-01,,,,,,,,,,,,,,,,,,,,,0.46166666666666667,,,,,,,,,,,,,,,,,,,,,,,,,,,,,,,,,,,,,,,,,,,,,,,,,,,,,,,
2019-12-01,,,,,,,,,,,,,,,,,,,,,0.3723333333333333,,,,,,,,,,,,,,,,,,,,,,,,,,,,,,,,,,,,,,,,,,,,,,,,,,,,,,,
2021-01-01,,,,,,,,,,,,,,,,,,,,,,,,,,,,0.442,,,,,,,,,,,,,,,,,,,0.21033333333333334,,,,,,,,,,,8.392516764322917,,,,,,,,,,,,,,,,,0.6501666666666667,
2021-02-01,,,,,,,,,,,,,,,,,,,,,,,,,,,,0.402,,,,,,,,,,,,,,,,,,,0.23816666666666667,,,,,,,,,,,8.534,,,,,,,,,,,,,,,,,0.6083333333333334,
2021-03-01,,,,,,,,,,,,,,,,,,,,,,,,,,,,0.485,,,,,,,,,,,,,,,,,,,0.21066666666666667,,,,,,,,,,,9.531049967447917,,,,,,,,,,,,,,,,,0.5888333333333333,
2021-04-01,,,,,,,,,,,,,,,,,,,,,,,,,,,,0.402,,,,,,,,,,,,,,,,,,,0.23183333333333334,,,,,,,,,,,9.246950032552084,,,,,,,,,,,,,,,,,0.6386666666666666,
2021-05-01,,,,,,,,,,,,,,,,,,,,,,,,,,,,0.329,,,,,,,,,,,,,,,,,,,0.24266666666666667,,,,,,,,,,,8.535066731770835,,,,,,,,,,,,,,,,,0.668,
2021-06-01,,,,,,,,,,,,,,,,,,,,,,,,,,,,0.41,,,,,,,,,,,,,,,,,,,0.24683333333333335,,,,,,,,,,,8.819166666666666,,,,,,,,,,,,,,,,,0.6866666666666666,
2021-07-01,,,,,,,,,,,,,,,,,,,,,,,,,,,,0.368,,,,,,,,,,,,,,,,,,,0.21833333333333335,,,,,,,,,,,8.819166666666666,,,,,,,,,,,,,,,,,0.7715,
2021-08-01,,,,,,,,,,,,,,,,,,,,,,,,,,,,0.343,,,,,,,,,,,,,,,,,,,0.23316666666666666,,,,,,,,,,,8.820300130208334,,,,,,,,,,,,,,,,,0.7448333333333333,
2021-09-01,,,,,,,,,,,,,,,,,,,,,,,,,,,,0.266,,,,,,,,,,,,,,,,,,,0.22,,,,,,,,,,,8.67661669921875,,,,,,,,,,,,,,,,,0.7413333333333334,
2021-10-01,,,,,,,,,,,,,,,,,,,,,,,,,,,,0.319,,,,,,,,,,,,,,,,,,,0.22633333333333333,,,,,,,,,,,7.96486669921875,,,,,,,,,,,,,,,,,0.715,
2021-11-01,,,,,,,,,,,,,,,,,,,,,,,,,,,,0.389,,,,,,,,,,,,,,,,,,,0.2338,,,,,,,,,,,7.822450032552083,,,,,,,,,,,,,,,,,0.7013333333333334,
2021-12-01,,,,,,,,,,,,,,,,,,,,,,,,,,,,0.298,,,,,,,,,,,,,,,,,,,0.198,,,,,,,,,,,7.3947333984375,,,,,,,,,,,,,,,,,0.649,
2014-01-01,,,,,,,,,,,,,,,,,,,,,,,,,,,,,,,,8.646,,,,,,,,,,,,,,,,,,,,,,,,,,,,,,,,,,,,,,,,,,,,
2014-02-01,,,,,,,,,,,,,,,,,,,,,,,,,,,,,,,,9.075,,,,,,,,,,,,,,,,,,,,,,,,,,,,,,,,,,,,,,,,,,,,
2014-03-01,,,,,,,,,,,,,,,,,,,,,,,,,,,,,,,,9.089666666666666,,,,,,,,,,,,,,,,,,,,,,,,,,,,,,,,,,,,,,,,,,,,
2014-04-01,,,,,,,,,,,,,,,,,,,,,,,,,,,,,,,,8.9255,,,,,,,,,,,,,,,,,,,,,,,,,,,,,,,,,,,,,,,,,,,,
2014-05-01,,,,,,,,,,,,,,,,,,,,,,,,,,,,,,,,8.703,,,,,,,,,,,,,,,,,,,,,,,,,,,,,,,,,,,,,,,,,,,,
2014-06-01,,,,,,,,,,,,,,,,,,,,,,,,,,,,,,,,8.6066,,,,,,,,,,,,,,,,,,,,,,,,,,,,,,,,,,,,,,,,,,,,
2014-07-01,,,,,,,,,,,,,,,,,,,,,,,,,,,,,,,,8.1388,,,,,,,,,,,,,,,,,,,,,,,,,,,,,,,,,,,,,,,,,,,,
2014-08-01,,,,,,,,,,,,,,,,,,,,,,,,,,,,,,,,8.5716,,,,,,,,,,,,,,,,,,,,,,,,,,,,,,,,,,,,,,,,,,,,
2014-09-01,,,,,,,,,,,,,,,,,,,,,,,,,,,,,,,,9.28625,,,,,,,,,,,,,,,,,,,,,,,,,,,,,,,,,,,,,,,,,,,,
2014-10-01,,,,,,,,,,,,,,,,,,,,,,,,,,,,,,,,9.15225,,,,,,,,,,,,,,,,,,,,,,,,,,,,,,,,,,,,,,,,,,,,
2014-11-01,,,,,,,,,,,,,,,,,,,,,,,,,,,,,,,,9.02975,,,,,,,,,,,,,,,,,,,,,,,,,,,,,,,,,,,,,,,,,,,,
2014-12-01,,,,,,,,,,,,,,,,,,,,,,,,,,,,,,,,9.211,,,,,,,,,,,,,,,,,,,,,,,,,,,,,,,,,,,,,,,,,,,,
2011-01-01,,,,,,,,,,,,,,,,,,,,,,,,,,,,,,,,,,,,,,,0.003,,,,,,,,,,,,,,,,,,,,,,,,,,,,,,,,,,,,,
2011-02-01,,,,,,,,,,,,,,,,,,,,,,,,,,,,,,,,,,,,,,,0.003,,,,,,,,,,,,,,,,,,,,,,,,,,,,,,,,,,,,,
2011-03-01,,,,,,,,,,,,,,,,,,,,,,,,,,,,,,,,,,,,,,,0.003,,,,,,,,,,,,,,,,,,,,,,,,,,,,,,,,,,,,,
2011-04-01,,,,,,,,,,,,,,,,,,,,,,,,,,,,,,,,,,,,,,,0.003,,,,,,,,,,,,,,,,,,,,,,,,,,,,,,,,,,,,,
2011-05-01,,,,,,,,,,,,,,,,,,,,,,,,,,,,,,,,,,,,,,,0.003,,,,,,,,,,,,,,,,,,,,,,,,,,,,,,,,,,,,,
2011-06-01,,,,,,,,,,,,,,,,,,,,,,,,,,,,,,,,,,,,,,,0.003,,,,,,,,,,,,,,,,,,,,,,,,,,,,,,,,,,,,,
2011-07-01,,,,,,,,,,,,,,,,,,,,,,,,,,,,,,,,,,,,,,,0.003,,,,,,,,,,,,,,,,,,,,,,,,,,,,,,,,,,,,,
2011-08-01,,,,,,,,,,,,,,,,,,,,,,,,,,,,,,,,,,,,,,,0.003,,,,,,,,,,,,,,,,,,,,,,,,,,,,,,,,,,,,,
2011-09-01,,,,,,,,,,,,,,,,,,,,,,,,,,,,,,,,,,,,,,,0.003,,,,,,,,,,,,,,,,,,,,,,,,,,,,,,,,,,,,,
2011-10-01,,,,,,,,,,,,,,,,,,,,,,,,,,,,,,,,,,,,,,,0.003,,,,,,,,,,,,,,,,,,,,,,,,,,,,,,,,,,,,,
2011-11-01,,,,,,,,,,,,,,,,,,,,,,,,,,,,,,,,,,,,,,,0.003,,,,,,,,,,,,,,,,,,,,,,,,,,,,,,,,,,,,,
2011-12-01,,,,,,,,,,,,,,,,,,,,,,,,,,,,,,,,,,,,,,,0.003,,,,,,,,,,,,,,,,,,,,,,,,,,,,,,,,,,,,,
2009-01-01,,,,,,,,,,,,,,,,,,,,,,,,,,,,,,,,,,,,,,,,,,,,,,,,,,,0.034,,,,,,,,,,,,,,,,,,,,,,,,,
2009-02-01,,,,,,,,,,,,,,,,,,,,,,,,,,,,,,,,,,,,,,,,,,,,,,,,,,,0.0375,,,,,,,,,,,,,,,,,,,,,,,,,
2009-03-01,,,,,,,,,,,,,,,,,,,,,,,,,,,,,,,,,,,,,,,,,,,,,,,,,,,0.0425,,,,,,,,,,,,,,,,,,,,,,,,,
2009-04-01,,,,,,,,,,,,,,,,,,,,,,,,,,,,,,,,,,,,,,,,,,,,,,,,,,,0.0365,,,,,,,,,,,,,,,,,,,,,,,,,
2009-05-01,,,,,,,,,,,,,,,,,,,,,,,,,,,,,,,,,,,,,,,,,,,,,,,,,,,0.0295,,,,,,,,,,,,,,,,,,,,,,,,,
2009-06-01,,,,,,,,,,,,,,,,,,,,,,,,,,,,,,,,,,,,,,,,,,,,,,,,,,,0.05633333333333333,,,,,,,,,,,,,,,,,,,,,,,,,
2009-07-01,,,,,,,,,,,,,,,,,,,,,,,,,,,,,,,,,,,,,,,,,,,,,,,,,,,0.048,,,,,,,,,,,,,,,,,,,,,,,,,
2009-08-01,,,,,,,,,,,,,,,,,,,,,,,,,,,,,,,,,,,,,,,,,,,,,,,,,,,0.0805,,,,,,,,,,,,,,,,,,,,,,,,,
2009-09-01,,,,,,,,,,,,,,,,,,,,,,,,,,,,,,,,,,,,,,,,,,,,,,,,,,,0.0815,,,,,,,,,,,,,,,,,,,,,,,,,
2009-10-01,,,,,,,,,,,,,,,,,,,,,,,,,,,,,,,,,,,,,,,,,,,,,,,,,,,0.08,,,,,,,,,,,,,,,,,,,,,,,,,
2009-11-01,,,,,,,,,,,,,,,,,,,,,,,,,,,,,,,,,,,,,,,,,,,,,,,,,,,0.097,,,,,,,,,,,,,,,,,,,,,,,,,
2009-12-01,,,,,,,,,,,,,,,,,,,,,,,,,,,,,,,,,,,,,,,,,,,,,,,,,,,0.051,,,,,,,,,,,,,,,,,,,,,,,,,
2018-01-01,,,,,,,,,,,,,,,,,,,,,,,,,,,,,,,,,,,,,,,,,,,,,,,,,,,,,,,,1.4143333333333332,,,,,,,,,,,,,,,,5.143,,,,
2018-02-01,,,,,,,,,,,,,,,,,,,,,,,,,,,,,,,,,,,,,,,,,,,,,,,,,,,,,,,,1.3298333333333332,,,,,,,,,,,,,,,,4.581,,,,
2018-03-01,,,,,,,,,,,,,,,,,,,,,,,,,,,,,,,,,,,,,,,,,,,,,,,,,,,,,,,,1.4541666666666668,,,,,,,,,,,,,,,,4.257,,,,
2018-04-01,,,,,,,,,,,,,,,,,,,,,,,,,,,,,,,,,,,,,,,,,,,,,,,,,,,,,,,,1.3408333333333333,,,,,,,,,,,,,,,,4.0985,,,,
2018-05-01,,,,,,,,,,,,,,,,,,,,,,,,,,,,,,,,,,,,,,,,,,,,,,,,,,,,,,,,1.3461666666666667,,,,,,,,,,,,,,,,4.0915,,,,
2018-06-01,,,,,,,,,,,,,,,,,,,,,,,,,,,,,,,,,,,,,,,,,,,,,,,,,,,,,,,,1.2071666666666667,,,,,,,,,,,,,,,,4.0915,,,,
2018-07-01,,,,,,,,,,,,,,,,,,,,,,,,,,,,,,,,,,,,,,,,,,,,,,,,,,,,,,,,1.2738333333333332,,,,,,,,,,,,,,,,4.1295,,,,
2018-08-01,,,,,,,,,,,,,,,,,,,,,,,,,,,,,,,,,,,,,,,,,,,,,,,,,,,,,,,,1.421,,,,,,,,,,,,,,,,4.956,,,,
2018-09-01,,,,,,,,,,,,,,,,,,,,,,,,,,,,,,,,,,,,,,,,,,,,,,,,,,,,,,,,1.2368333333333332,,,,,,,,,,,,,,,,5.049,,,,
2018-10-01,,,,,,,,,,,,,,,,,,,,,,,,,,,,,,,,,,,,,,,,,,,,,,,,,,,,,,,,1.2865,,,,,,,,,,,,,,,,5.3325,,,,
2018-11-01,,,,,,,,,,,,,,,,,,,,,,,,,,,,,,,,,,,,,,,,,,,,,,,,,,,,,,,,1.4126666666666667,,,,,,,,,,,,,,,,5.7595,,,,
2018-12-01,,,,,,,,,,,,,,,,,,,,,,,,,,,,,,,,,,,,,,,,,,,,,,,,,,,,,,,,1.5551666666666668,,,,,,,,,,,,,,,,4.202,,,,
