,Date,Code,GMS
0,2014-01-01,CNY,18509.82694852074
1,2014-02-01,CNY,18426.406197668133
2,2014-03-01,CNY,18701.274967234865
3,2014-04-01,CNY,18731.156294677905
4,2014-05-01,CNY,18971.727492484257
5,2014-06-01,CNY,19523.86489305591
6,2014-07-01,CNY,19348.4787552244
7,2014-08-01,CNY,19485.28526405143
8,2014-09-01,CNY,19571.270920825766
9,2014-10-01,CNY,19604.460885471297
10,2014-11-01,CNY,19678.285627865975
11,2014-12-01,CNY,19831.78722026327
12,2015-01-01,CNY,19938.646465605438
13,2015-02-01,CNY,20129.708785855055
14,2015-03-01,CNY,20624.06463817967
15,2015-04-01,CNY,20717.53869016407
16,2015-05-01,CNY,21151.31112632419
17,2015-06-01,CNY,21562.561923409703
18,2015-07-01,CNY,21792.327274131727
19,2015-08-01,CNY,21270.77969683811
20,2015-09-01,CNY,21385.592538944948
21,2015-10-01,CNY,21517.122609777514
22,2015-11-01,CNY,21484.04668585952
23,2015-12-01,CNY,21440.241447697506
24,2016-01-01,CNY,21535.922742738006
25,2016-02-01,CNY,21752.499347951936
26,2016-03-01,CNY,22410.38551623111
27,2016-04-01,CNY,22315.313651904686
28,2016-05-01,CNY,22203.0734962039
29,2016-06-01,CNY,22417.498368150435
30,2016-07-01,CNY,22473.45270939982
31,2016-08-01,CNY,22627.97719343032
32,2016-09-01,CNY,22739.146765133963
33,2016-10-01,CNY,22432.81452566588
34,2016-11-01,CNY,22232.690692260374
35,2016-12-01,CNY,22325.910302122607
36,2017-01-01,CNY,23037.137836092978
37,2017-02-01,CNY,23154.145347867834
38,2017-03-01,CNY,23360.675923318435
39,2017-04-01,CNY,23279.294793619654
40,2017-05-01,CNY,23638.95161040129
41,2017-06-01,CNY,24184.200381619856
42,2017-07-01,CNY,24336.21675522333
43,2017-08-01,CNY,25087.61537662814
44,2017-09-01,CNY,25005.49234050671
45,2017-10-01,CNY,25064.448401315654
46,2017-11-01,CNY,25407.509373829853
47,2017-12-01,CNY,25978.870793645874
48,2018-01-01,CNY,27383.96595141299
49,2018-02-01,CNY,27324.558512057974
50,2018-03-01,CNY,27737.86790919512
51,2018-04-01,CNY,27441.157366806194
52,2018-05-01,CNY,27195.00240577879
53,2018-06-01,CNY,26751.809945472047
54,2018-07-01,CNY,26071.850651618777
55,2018-08-01,CNY,26186.92677335614
56,2018-09-01,CNY,26229.30406476351
57,2018-10-01,CNY,25740.23964876147
58,2018-11-01,CNY,26054.958531727745
59,2018-12-01,CNY,26556.924604289343
60,2019-01-01,CNY,27846.45729494732
61,2019-02-01,CNY,27897.045343028276
62,2019-03-01,CNY,28149.34894778407
63,2019-04-01,CNY,27984.047148006786
64,2019-05-01,CNY,27387.756397177083
65,2019-06-01,CNY,27980.43801037031
66,2019-07-01,CNY,27880.59988520632
67,2019-08-01,CNY,27044.472047815136
68,2019-09-01,CNY,27309.920635604343
69,2019-10-01,CNY,27639.50927785904
70,2019-11-01,CNY,27890.513851450367
71,2019-12-01,CNY,28527.97306957674
72,2020-01-01,CNY,29164.663170742264
73,2020-02-01,CNY,29045.451474528418
74,2020-03-01,CNY,29381.61125280456
75,2020-04-01,CNY,29643.790425707364
76,2020-05-01,CNY,29425.476562591564
77,2020-06-01,CNY,30216.532882919768
78,2020-07-01,CNY,30471.640476235392
79,2020-08-01,CNY,31200.607035316374
80,2020-09-01,CNY,31867.879377294255
81,2020-10-01,CNY,32127.556631954783
82,2020-11-01,CNY,33014.66411192496
83,2020-12-01,CNY,33474.62500985105
84,2021-01-01,CNY,34429.28657266469
85,2021-02-01,CNY,34512.47523257773
86,2021-03-01,CNY,34741.23319744167
87,2021-04-01,CNY,34938.692200492675
88,2021-05-01,CNY,35722.4129617446
89,2021-06-01,CNY,35894.64197532235
90,2021-07-01,CNY,35628.7590163601
91,2021-08-01,CNY,35789.726793054666
92,2021-09-01,CNY,36268.537984342205
93,2021-10-01,CNY,36470.01185758527
94,2021-11-01,CNY,37019.21321651134
95,2021-12-01,CNY,37491.105287663784
96,2022-01-01,CNY,38215.78044476469
97,2022-02-01,CNY,38696.072030360374
98,2022-03-01,CNY,39396.621013404845
99,2022-04-01,CNY,37825.687317828146
100,2022-05-01,CNY,37871.14172239356
101,2022-06-01,CNY,38533.74235866863
102,2022-07-01,CNY,38226.59170828133
103,2022-08-01,CNY,37662.105155736645
104,2022-09-01,CNY,36910.980289124906
105,2022-10-01,CNY,35779.14871129548
106,2022-11-01,CNY,37391.897281141275
107,2022-12-01,CNY,38625.0687995569
108,2023-01-01,CNY,40364.25967649167
109,2023-02-01,CNY,39738.801218152716
110,2023-03-01,CNY,40976.078777151604
111,2023-04-01,CNY,40631.21851589802
112,2023-05-01,CNY,39659.49557419517
113,2023-06-01,CNY,39612.59350564913
114,2023-07-01,CNY,40167.927579141855
115,2023-08-01,CNY,39389.19232369378
116,2023-09-01,CNY,39711.80368552326
117,2023-10-01,CNY,39394.21804750058
118,2023-11-01,CNY,41098.80808933155
119,2023-12-01,CNY,41289.43488611425
120,2024-01-01,CNY,41908.95288767023
121,2024-02-01,CNY,41673.454936848895
122,2024-03-01,CNY,42207.80431819789
123,2014-01-01,USD,11101.599609375
124,2014-02-01,USD,11153.400390625
125,2014-03-01,USD,11278.400390625
126,2014-04-01,USD,11331.599609375
127,2014-05-01,USD,11274.7998046875
128,2014-06-01,USD,11336.7998046875
129,2014-07-01,USD,11391.7998046875
130,2014-08-01,USD,11422.7001953125
131,2014-09-01,USD,11470.599609375
132,2014-10-01,USD,11538.599609375
133,2014-11-01,USD,11615.0
134,2014-12-01,USD,11760.0
135,2015-01-01,USD,11759.0
136,2015-02-01,USD,11847.099609375
137,2015-03-01,USD,11956.7001953125
138,2015-04-01,USD,12004.7001953125
139,2015-05-01,USD,11907.900390625
140,2015-06-01,USD,11962.5
141,2015-07-01,USD,12012.900390625
142,2015-08-01,USD,12070.400390625
143,2015-09-01,USD,12138.2001953125
144,2015-10-01,USD,12171.5
145,2015-11-01,USD,12297.900390625
146,2015-12-01,USD,12427.2998046875
147,2016-01-01,USD,12478.400390625
148,2016-02-01,USD,12517.099609375
149,2016-03-01,USD,12684.7998046875
150,2016-04-01,USD,12778.599609375
151,2016-05-01,USD,12708.400390625
152,2016-06-01,USD,12789.0
153,2016-07-01,USD,12850.099609375
154,2016-08-01,USD,12946.7001953125
155,2016-09-01,USD,13016.2001953125
156,2016-10-01,USD,13079.400390625
157,2016-11-01,USD,13191.7998046875
158,2016-12-01,USD,13299.900390625
159,2017-01-01,USD,13281.599609375
160,2017-02-01,USD,13305.599609375
161,2017-03-01,USD,13491.7001953125
162,2017-04-01,USD,13565.0
163,2017-05-01,USD,13474.099609375
164,2017-06-01,USD,13522.099609375
165,2017-07-01,USD,13584.400390625
166,2017-08-01,USD,13653.7001953125
167,2017-09-01,USD,13705.5
168,2017-10-01,USD,13750.7001953125
169,2017-11-01,USD,13819.900390625
170,2017-12-01,USD,13945.0
171,2018-01-01,USD,13863.099609375
172,2018-02-01,USD,13849.099609375
173,2018-03-01,USD,14031.0
174,2018-04-01,USD,14069.5
175,2018-05-01,USD,13980.400390625
176,2018-06-01,USD,14074.7001953125
177,2018-07-01,USD,14109.599609375
178,2018-08-01,USD,14164.900390625
179,2018-09-01,USD,14199.5
180,2018-10-01,USD,14201.400390625
181,2018-11-01,USD,14255.099609375
182,2018-12-01,USD,14448.7998046875
183,2019-01-01,USD,14423.7998046875
184,2019-02-01,USD,14401.900390625
185,2019-03-01,USD,14572.5
186,2019-04-01,USD,14623.0
187,2019-05-01,USD,14575.0
188,2019-06-01,USD,14734.7998046875
189,2019-07-01,USD,14814.400390625
190,2019-08-01,USD,14896.099609375
191,2019-09-01,USD,14986.7998046875
192,2019-10-01,USD,15112.2001953125
193,2019-11-01,USD,15259.400390625
194,2019-12-01,USD,15412.5
195,2020-01-01,USD,15397.099609375
196,2020-02-01,USD,15382.2998046875
197,2020-03-01,USD,16051.5
198,2020-04-01,USD,17097.69921875
199,2020-05-01,USD,17762.5
200,2020-06-01,USD,18099.099609375
201,2020-07-01,USD,18248.099609375
202,2020-08-01,USD,18315.099609375
203,2020-09-01,USD,18538.0
204,2020-10-01,USD,18681.5
205,2020-11-01,USD,18968.69921875
206,2020-12-01,USD,19233.0
207,2021-01-01,USD,19355.400390625
208,2021-02-01,USD,19503.0
209,2021-03-01,USD,19921.69921875
210,2021-04-01,USD,20244.80078125
211,2021-05-01,USD,20289.599609375
212,2021-06-01,USD,20410.19921875
213,2021-07-01,USD,20561.69921875
214,2021-08-01,USD,20753.19921875
215,2021-09-01,USD,20926.599609375
216,2021-10-01,USD,21092.69921875
217,2021-11-01,USD,21326.900390625
218,2021-12-01,USD,21649.5
219,2022-01-01,USD,21632.0
220,2022-02-01,USD,21585.19921875
221,2022-03-01,USD,21860.69921875
222,2022-04-01,USD,21851.0
223,2022-05-01,USD,21549.69921875
224,2022-06-01,USD,21577.0
225,2022-07-01,USD,21572.30078125
226,2022-08-01,USD,21538.0
227,2022-09-01,USD,21497.69921875
228,2022-10-01,USD,21409.0
229,2022-11-01,USD,21409.400390625
230,2022-12-01,USD,21436.30078125
231,2023-01-01,USD,21292.0
232,2023-02-01,USD,21137.80078125
233,2023-03-01,USD,21041.69921875
234,2023-04-01,USD,20855.5
235,2023-05-01,USD,20719.69921875
236,2023-06-01,USD,20752.900390625
237,2023-07-01,USD,20728.19921875
238,2023-08-01,USD,20697.099609375
239,2023-09-01,USD,20669.69921875
240,2023-10-01,USD,20629.30078125
241,2023-11-01,USD,20703.099609375
242,2023-12-01,USD,20857.80078125
243,2024-01-01,USD,20825.599609375
244,2024-02-01,USD,20751.900390625
245,2024-03-01,USD,20982.19921875
246,2014-01-01,EUR,13318.053190638
247,2014-02-01,EUR,13657.60017378
248,2014-03-01,EUR,13625.864835827
249,2014-04-01,EUR,13702.233543658
250,2014-05-01,EUR,13553.508275999999
251,2014-06-01,EUR,13657.251701592
252,2014-07-01,EUR,13398.482125659997
253,2014-08-01,EUR,13200.908821919998
254,2014-09-01,EUR,12753.533273571
255,2014-10-01,EUR,12679.464769118002
256,2014-11-01,EUR,12682.359202836
257,2014-12-01,EUR,12493.997981733999
258,2015-01-01,EUR,11744.023149825
259,2015-02-01,EUR,11686.489255044999
260,2015-03-01,EUR,11249.562148656001
261,2015-04-01,EUR,11824.39235354
262,2015-05-01,EUR,11592.58899456
263,2015-06-01,EUR,11785.49869056
264,2015-07-01,EUR,11709.975146924999
265,2015-08-01,EUR,11961.980102268
266,2015-09-01,EUR,11945.641382358
267,2015-10-01,EUR,11864.618795736
268,2015-11-01,EUR,11455.828156551997
269,2015-12-01,EUR,11773.474565308
270,2016-01-01,EUR,11817.627186758
271,2016-02-01,EUR,11944.40612975
272,2016-03-01,EUR,12503.24986542
273,2016-04-01,EUR,12638.221409675
274,2016-05-01,EUR,12339.317435322
275,2016-06-01,EUR,12341.750358684001
276,2016-07-01,EUR,12488.06060775
277,2016-08-01,EUR,12498.250969412002
278,2016-09-01,EUR,12637.190765925
279,2016-10-01,EUR,12363.041286360001
280,2016-11-01,EUR,12010.528547549999
281,2016-12-01,EUR,11976.050880192
282,2017-01-01,EUR,12362.660657269002
283,2017-02-01,EUR,12147.792521067002
284,2017-03-01,EUR,12354.250129649998
285,2017-04-01,EUR,12633.634322341999
286,2017-05-01,EUR,13048.456408053002
287,2017-06-01,EUR,13320.811327934
288,2017-07-01,EUR,13799.469266380001
289,2017-08-01,EUR,13982.208287108999
290,2017-09-01,EUR,13914.045950464002
291,2017-10-01,EUR,13758.063968465998
292,2017-11-01,EUR,14101.132232224
293,2017-12-01,EUR,14231.255653412001
294,2018-01-01,EUR,14786.874842992
295,2018-02-01,EUR,14540.946973831999
296,2018-03-01,EUR,14721.709681524999
297,2018-04-01,EUR,14495.790601789
298,2018-05-01,EUR,14111.856196206001
299,2018-06-01,EUR,14204.328414796
300,2018-07-01,EUR,14183.514018912001
301,2018-08-01,EUR,14126.024526261
302,2018-09-01,EUR,14154.161148390001
303,2018-10-01,EUR,13870.649921872
304,2018-11-01,EUR,13929.480113640002
305,2018-12-01,EUR,14216.656167
306,2019-01-01,EUR,14195.143103217999
307,2019-02-01,EUR,14166.869954391997
308,2019-03-01,EUR,14071.97546253
309,2019-04-01,EUR,14140.8749928
310,2019-05-01,EUR,14193.37018707
311,2019-06-01,EUR,14457.994310088
312,2019-07-01,EUR,14148.730678368
313,2019-08-01,EUR,14182.943584748999
314,2019-09-01,EUR,14076.12867672
315,2019-10-01,EUR,14471.706172552002
316,2019-11-01,EUR,14336.81678
317,2019-12-01,EUR,14571.642690228
318,2020-01-01,EUR,14486.094303490001
319,2020-02-01,EUR,14494.521263600001
320,2020-03-01,EUR,14865.19300763
321,2020-04-01,EUR,14933.777777604002
322,2020-05-01,EUR,15354.50359366
323,2020-06-01,EUR,15630.03456672
324,2020-07-01,EUR,16475.650535454
325,2020-08-01,EUR,16736.334683064004
326,2020-09-01,EUR,16587.909835691
327,2020-10-01,EUR,16639.002335250003
328,2020-11-01,EUR,17131.891416360002
329,2020-12-01,EUR,17638.77835075
330,2021-01-01,EUR,17692.529940630997
331,2021-02-01,EUR,17735.428080544003
332,2021-03-01,EUR,17301.336134944
333,2021-04-01,EUR,17806.4685675
334,2021-05-01,EUR,18240.24759135
335,2021-06-01,EUR,17774.245201740003
336,2021-07-01,EUR,17922.317128400002
337,2021-08-01,EUR,17928.731606355
338,2021-09-01,EUR,17824.558343265
339,2021-10-01,EUR,17763.682137214
340,2021-11-01,EUR,17473.185126012
341,2021-12-01,EUR,17629.942427905
342,2022-01-01,EUR,17384.449974554
343,2022-02-01,EUR,17557.013803489997
344,2022-03-01,EUR,17413.621744365002
345,2022-04-01,EUR,16667.255527496
346,2022-05-01,EUR,17022.599141184004
347,2022-06-01,EUR,16699.404973095003
348,2022-07-01,EUR,16323.396347807999
349,2022-08-01,EUR,16180.6276275
350,2022-09-01,EUR,15879.661870086
351,2022-10-01,EUR,15945.776387009999
352,2022-11-01,EUR,16814.838375784002
353,2022-12-01,EUR,17236.16028666
354,2023-01-01,EUR,17481.447834576
355,2023-02-01,EUR,16995.18422322
356,2023-03-01,EUR,17449.09758258
357,2023-04-01,EUR,17615.549925559997
358,2023-05-01,EUR,17116.191575523
359,2023-06-01,EUR,17378.592166331004
360,2023-07-01,EUR,17531.336451874
361,2023-08-01,EUR,17409.5017156
362,2023-09-01,EUR,16932.244436345
363,2023-10-01,EUR,16895.580829540002
364,2023-11-01,EUR,17429.494272554
365,2023-12-01,EUR,17836.508239968
366,2024-01-01,EUR,17385.52821174
367,2024-02-01,EUR,17415.971797212
368,2024-03-01,EUR,17472.291231945
369,2014-01-01,JPY,11535.643805249554
370,2014-02-01,JPY,11509.88537544491
371,2014-03-01,JPY,11382.227695831798
372,2014-04-01,JPY,11568.388202700622
373,2014-05-01,JPY,11619.480729292525
374,2014-06-01,JPY,11714.850689118388
375,2014-07-01,JPY,11576.81322715838
376,2014-08-01,JPY,11417.340918794333
377,2014-09-01,JPY,10859.395850309962
378,2014-10-01,JPY,10680.933839345464
379,2014-11-01,JPY,10095.70069934715
380,2014-12-01,JPY,10091.40109863713
381,2015-01-01,JPY,10295.151483551475
382,2015-02-01,JPY,10089.706160467827
383,2015-03-01,JPY,10082.72045718816
384,2015-04-01,JPY,10213.87019021115
385,2015-05-01,JPY,9837.654078400476
386,2015-06-01,JPY,9997.696447644446
387,2015-07-01,JPY,9900.180479520224
388,2015-08-01,JPY,10125.670208219917
389,2015-09-01,JPY,10228.924328351432
390,2015-10-01,JPY,10172.838742765805
391,2015-11-01,JPY,10007.1723637591
392,2015-12-01,JPY,10289.577380487503
393,2016-01-01,JPY,10237.142122109764
394,2016-02-01,JPY,10963.408186551475
395,2016-03-01,JPY,11015.225093762701
396,2016-04-01,JPY,11748.079424660013
397,2016-05-01,JPY,11332.901014838879
398,2016-06-01,JPY,12218.262899900443
399,2016-07-01,JPY,12335.86307105242
400,2016-08-01,JPY,12216.939762463366
401,2016-09-01,JPY,12460.992902354139
402,2016-10-01,JPY,12069.287648745723
403,2016-11-01,JPY,11085.269133874219
404,2016-12-01,JPY,10945.535948076193
405,2017-01-01,JPY,11388.394177454786
406,2017-02-01,JPY,11321.701964028396
407,2017-03-01,JPY,11521.027817018536
408,2017-04-01,JPY,11626.3435867716
409,2017-05-01,JPY,11698.918181729357
410,2017-06-01,JPY,11582.25400025824
411,2017-07-01,JPY,11823.847545350778
412,2017-08-01,JPY,11845.23972507733
413,2017-09-01,JPY,11613.679547843201
414,2017-10-01,JPY,11512.591470933981
415,2017-11-01,JPY,11679.235560980274
416,2017-12-01,JPY,11708.722113691287
417,2018-01-01,JPY,12093.65499604643
418,2018-02-01,JPY,12333.707049858433
419,2018-03-01,JPY,12394.700893387298
420,2018-04-01,JPY,12160.136111564634
421,2018-05-01,JPY,12241.0874699729
422,2018-06-01,JPY,12072.349340226961
423,2018-07-01,JPY,11965.994358511014
424,2018-08-01,JPY,12040.78508219569
425,2018-09-01,JPY,11756.407352069999
426,2018-10-01,JPY,11863.492058232043
427,2018-11-01,JPY,11822.913746987579
428,2018-12-01,JPY,12285.934633377992
429,2019-01-01,JPY,12381.42577214775
430,2019-02-01,JPY,12054.242551412028
431,2019-03-01,JPY,12108.89788356137
432,2019-04-01,JPY,12178.967294475548
433,2019-05-01,JPY,12563.085101897834
434,2019-06-01,JPY,12562.70314821051
435,2019-07-01,JPY,12526.378760234014
436,2019-08-01,JPY,12819.16654002332
437,2019-09-01,JPY,12616.291238865519
438,2019-10-01,JPY,12632.957940760381
439,2019-11-01,JPY,12519.594860182171
440,2019-12-01,JPY,12662.456613227218
441,2020-01-01,JPY,12715.287680680125
442,2020-02-01,JPY,12708.480229682036
443,2020-03-01,JPY,12827.052487840381
444,2020-04-01,JPY,13028.67719423335
445,2020-05-01,JPY,13155.353719742663
446,2020-06-01,JPY,13357.685200877086
447,2020-07-01,JPY,13722.991322209118
448,2020-08-01,JPY,13772.769135549286
449,2020-09-01,JPY,13894.494839184188
450,2020-10-01,JPY,14018.90282145
451,2020-11-01,JPY,14139.323188840455
452,2020-12-01,JPY,14348.49085064756
453,2021-01-01,JPY,14194.885164269663
454,2021-02-01,JPY,13939.698543144295
455,2021-03-01,JPY,13448.216882153536
456,2021-04-01,JPY,13798.900876681299
457,2021-05-01,JPY,13830.753727544263
458,2021-06-01,JPY,13656.339967145077
459,2021-07-01,JPY,13852.9428988425
460,2021-08-01,JPY,13808.994029274554
461,2021-09-01,JPY,13628.614597028334
462,2021-10-01,JPY,13355.979932857737
463,2021-11-01,JPY,13480.595980815393
464,2021-12-01,JPY,13300.123434419518
465,2022-01-01,JPY,13317.733979621149
466,2022-02-01,JPY,13311.732184450424
467,2022-03-01,JPY,12614.477842896875
468,2022-04-01,JPY,11982.572790983779
469,2022-05-01,JPY,12101.356577057551
470,2022-06-01,JPY,11505.506696643095
471,2022-07-01,JPY,11729.464324330327
472,2022-08-01,JPY,11234.823331440832
473,2022-09-01,JPY,10800.45283895118
474,2022-10-01,JPY,10502.461949968761
475,2022-11-01,JPY,11406.885766683567
476,2022-12-01,JPY,11969.243804541724
477,2023-01-01,JPY,12085.70194252009
478,2023-02-01,JPY,11476.267791611172
479,2023-03-01,JPY,11810.89794429294
480,2023-04-01,JPY,11638.349273660937
481,2023-05-01,JPY,11431.40460888261
482,2023-06-01,JPY,11011.10141649273
483,2023-07-01,JPY,11206.45617871582
484,2023-08-01,JPY,10913.073842084843
485,2023-09-01,JPY,10656.65298967864
486,2023-10-01,JPY,10512.411692623358
487,2023-11-01,JPY,10770.02054111641
488,2023-12-01,JPY,11318.681553937635
489,2024-01-01,JPY,10871.59744101759
490,2024-02-01,JPY,10612.362458955502
491,2024-03-01,JPY,10549.234433746169
492,2014-01-01,GBP,3928.0864394203268
493,2014-02-01,GBP,4051.1525415647566
494,2014-03-01,GBP,3956.0605449263653
495,2014-04-01,GBP,4004.4809971869377
496,2014-05-01,GBP,3985.7352144051133
497,2014-06-01,GBP,4053.6301301694944
498,2014-07-01,GBP,3987.1116215749216
499,2014-08-01,GBP,3946.987568642016
500,2014-09-01,GBP,3840.0801043870683
501,2014-10-01,GBP,3768.247883359218
502,2014-11-01,GBP,3720.0094713518242
503,2014-12-01,GBP,3669.0564762207664
504,2015-01-01,GBP,3530.922405616258
505,2015-02-01,GBP,3616.641720656843
506,2015-03-01,GBP,3510.3805648010075
507,2015-04-01,GBP,3633.3985331484223
508,2015-05-01,GBP,3633.072248248928
509,2015-06-01,GBP,3702.3588406088793
510,2015-07-01,GBP,3717.702349649723
511,2015-08-01,GBP,3662.2203592625083
512,2015-09-01,GBP,3586.8538757094343
513,2015-10-01,GBP,3672.8310264820225
514,2015-11-01,GBP,3607.8340962173656
515,2015-12-01,GBP,3518.898401869045
516,2016-01-01,GBP,3425.278712224909
517,2016-02-01,GBP,3390.2962416118885
518,2016-03-01,GBP,3506.6602246470316
519,2016-04-01,GBP,3561.812585787973
520,2016-05-01,GBP,3565.894095677052
521,2016-06-01,GBP,3378.2699847769195
522,2016-07-01,GBP,3400.279898987271
523,2016-08-01,GBP,3408.863322279666
524,2016-09-01,GBP,3378.512669971156
525,2016-10-01,GBP,3230.3590237605727
526,2016-11-01,GBP,3317.180812687408
527,2016-12-01,GBP,3237.8789440532614
528,2017-01-01,GBP,3327.0341504346216
529,2017-02-01,GBP,3316.343515435601
530,2017-03-01,GBP,3388.6619266976304
531,2017-04-01,GBP,3521.5499378714217
532,2017-05-01,GBP,3514.4544837490553
533,2017-06-01,GBP,3560.123813469566
534,2017-07-01,GBP,3625.909199118062
535,2017-08-01,GBP,3599.8404560489867
536,2017-09-01,GBP,3730.960420093271
537,2017-10-01,GBP,3729.199474350231
538,2017-11-01,GBP,3822.9672116383645
539,2017-12-01,GBP,3764.815119804214
540,2018-01-01,GBP,4002.4145464677426
541,2018-02-01,GBP,3877.7098389841585
542,2018-03-01,GBP,3896.043605966891
543,2018-04-01,GBP,3844.222007709795
544,2018-05-01,GBP,3765.479631366404
545,2018-06-01,GBP,3734.5482946205466
546,2018-07-01,GBP,3711.5587790988316
547,2018-08-01,GBP,3683.524347957398
548,2018-09-01,GBP,3714.0428433383818
549,2018-10-01,GBP,3685.740887597293
550,2018-11-01,GBP,3713.882106274942
551,2018-12-01,GBP,3690.852497794325
552,2019-01-01,GBP,3755.0456568840436
553,2019-02-01,GBP,3763.1814083200466
554,2019-03-01,GBP,3698.4308763588137
555,2019-04-01,GBP,3729.885768593023
556,2019-05-01,GBP,3632.43224366715
557,2019-06-01,GBP,3648.9200456615804
558,2019-07-01,GBP,3504.149520776916
559,2019-08-01,GBP,3530.159678889995
560,2019-09-01,GBP,3547.6512580524045
561,2019-10-01,GBP,3715.007273429028
562,2019-11-01,GBP,3760.220352233888
563,2019-12-01,GBP,3828.062354173069
564,2020-01-01,GBP,3817.9824310422373
565,2020-02-01,GBP,3746.441767627561
566,2020-03-01,GBP,3823.137474594599
567,2020-04-01,GBP,3909.9027041514805
568,2020-05-01,GBP,3901.854499201467
569,2020-06-01,GBP,3942.012320526632
570,2020-07-01,GBP,4187.557679133353
571,2020-08-01,GBP,4255.8175815842915
572,2020-09-01,GBP,4141.725939500501
573,2020-10-01,GBP,4153.354190454125
574,2020-11-01,GBP,4306.481833569793
575,2020-12-01,GBP,4444.527336856463
576,2021-01-01,GBP,4452.300982905297
577,2021-02-01,GBP,4569.442042727536
578,2021-03-01,GBP,4553.167201319379
579,2021-04-01,GBP,4600.557998615994
580,2021-05-01,GBP,4765.76063436025
581,2021-06-01,GBP,4667.494286844206
582,2021-07-01,GBP,4689.725535893813
583,2021-08-01,GBP,4666.849804137039
584,2021-09-01,GBP,4667.291733957648
585,2021-10-01,GBP,4746.553327558369
586,2021-11-01,GBP,4668.485744128329
587,2021-12-01,GBP,4715.983760248631
588,2022-01-01,GBP,4635.266822528745
589,2022-02-01,GBP,4717.898384103186
590,2022-03-01,GBP,4659.404942492419
591,2022-04-01,GBP,4455.492464446562
592,2022-05-01,GBP,4464.266501024886
593,2022-06-01,GBP,4336.42463388308
594,2022-07-01,GBP,4345.835924052654
595,2022-08-01,GBP,4166.758631451985
596,2022-09-01,GBP,4130.9308881575425
597,2022-10-01,GBP,4222.408457205993
598,2022-11-01,GBP,4386.63675407906
599,2022-12-01,GBP,4341.153977236867
600,2023-01-01,GBP,4439.741861608521
601,2023-02-01,GBP,4314.587157163058
602,2023-03-01,GBP,4405.46978238702
603,2023-04-01,GBP,4448.294044718484
604,2023-05-01,GBP,4427.439625554753
605,2023-06-01,GBP,4491.702259593455
606,2023-07-01,GBP,4542.894075963548
607,2023-08-01,GBP,4511.386812525511
608,2023-09-01,GBP,4322.178877706793
609,2023-10-01,GBP,4244.1321633124935
610,2023-11-01,GBP,4418.011114634533
611,2023-12-01,GBP,4493.966223591813
612,2024-01-01,GBP,4404.460657823772
613,2024-02-01,GBP,4420.53118588265
614,2024-03-01,GBP,4517.400354778919
615,2014-01-01,BRL,1638.3054542879581
616,2014-02-01,BRL,1696.7067927162554
617,2014-03-01,BRL,1757.9154543118996
618,2014-04-01,BRL,1805.2371117196035
619,2014-05-01,BRL,1818.0460326115915
620,2014-06-01,BRL,1854.2766513971887
621,2014-07-01,BRL,1845.8960714858936
622,2014-08-01,BRL,1907.124858324499
623,2014-09-01,BRL,1762.7579611207364
624,2014-10-01,BRL,1757.574784753037
625,2014-11-01,BRL,1713.73411335397
626,2014-12-01,BRL,1666.7920151926828
627,2015-01-01,BRL,1663.3833918973257
628,2015-02-01,BRL,1559.7822296062361
629,2015-03-01,BRL,1396.2632356540441
630,2015-04-01,BRL,1497.5014576166107
631,2015-05-01,BRL,1432.6270923260831
632,2015-06-01,BRL,1464.2767587196768
633,2015-07-01,BRL,1349.4125962014732
634,2015-08-01,BRL,1270.7382320224474
635,2015-09-01,BRL,1164.6243230457083
636,2015-10-01,BRL,1210.2308118032172
637,2015-11-01,BRL,1220.5473700159841
638,2015-12-01,BRL,1228.2580929195283
639,2016-01-01,BRL,1207.3363121668351
640,2016-02-01,BRL,1217.0400609189655
641,2016-03-01,BRL,1376.8267103861713
642,2016-04-01,BRL,1444.928993669985
643,2016-05-01,BRL,1388.9477239889795
644,2016-06-01,BRL,1562.9361988481082
645,2016-07-01,BRL,1572.3370692221795
646,2016-08-01,BRL,1598.671236469588
647,2016-09-01,BRL,1596.095676213115
648,2016-10-01,BRL,1634.3100488961968
649,2016-11-01,BRL,1545.199890222344
650,2016-12-01,BRL,1650.7035248664274
651,2017-01-01,BRL,1714.8266707693874
652,2017-02-01,BRL,1746.355222262726
653,2017-03-01,BRL,1764.298560123364
654,2017-04-01,BRL,1726.247338157358
655,2017-05-01,BRL,1703.5167685260144
656,2017-06-01,BRL,1669.4719215430516
657,2017-07-01,BRL,1772.8366196479692
658,2017-08-01,BRL,1787.8590644562094
659,2017-09-01,BRL,1794.9019315809544
660,2017-10-01,BRL,1746.17352901439
661,2017-11-01,BRL,1746.0377758023417
662,2017-12-01,BRL,1742.307836294229
663,2018-01-01,BRL,1812.3627335471454
664,2018-02-01,BRL,1787.1292532040093
665,2018-03-01,BRL,1772.849867135916
666,2018-04-01,BRL,1676.363685587552
667,2018-05-01,BRL,1578.3704911504205
668,2018-06-01,BRL,1533.8320310211711
669,2018-07-01,BRL,1585.471577764552
670,2018-08-01,BRL,1492.0637777026452
671,2018-09-01,BRL,1506.4279179409853
672,2018-10-01,BRL,1649.0033374097857
673,2018-11-01,BRL,1590.7055146036341
674,2018-12-01,BRL,1630.2201839412164
675,2019-01-01,BRL,1714.4337724183338
676,2019-02-01,BRL,1669.2870450283424
677,2019-03-01,BRL,1608.9903202579228
678,2019-04-01,BRL,1615.2107681364917
679,2019-05-01,BRL,1633.9786666483687
680,2019-06-01,BRL,1678.0413851027579
681,2019-07-01,BRL,1708.3265998629258
682,2019-08-01,BRL,1580.7832957845674
683,2019-09-01,BRL,1599.031858579266
684,2019-10-01,BRL,1659.2715448027063
685,2019-11-01,BRL,1581.472151868317
686,2019-12-01,BRL,1694.9066868926213
687,2020-01-01,BRL,1576.2805549804966
688,2020-02-01,BRL,1517.5177018570287
689,2020-03-01,BRL,1320.7389308403501
690,2020-04-01,BRL,1283.2191015511307
691,2020-05-01,BRL,1351.2374773624763
692,2020-06-01,BRL,1354.6872064374297
693,2020-07-01,BRL,1447.6357880645542
694,2020-08-01,BRL,1400.030859232721
695,2020-09-01,BRL,1381.9753829421147
696,2020-10-01,BRL,1356.9454745638266
697,2020-11-01,BRL,1469.4475008683596
698,2020-12-01,BRL,1547.2044807213356
699,2021-01-01,BRL,1462.546678200927
700,2021-02-01,BRL,1429.6288269814993
701,2021-03-01,BRL,1431.2892530675895
702,2021-04-01,BRL,1495.3274075498484
703,2021-05-01,BRL,1574.879078997607
704,2021-06-01,BRL,1678.975007900057
705,2021-07-01,BRL,1621.817242437954
706,2021-08-01,BRL,1656.375014050352
707,2021-09-01,BRL,1581.0564471802343
708,2021-10-01,BRL,1519.1942910328462
709,2021-11-01,BRL,1545.2433497671218
710,2021-12-01,BRL,1582.207906723038
711,2022-01-01,BRL,1622.872342505079
712,2022-02-01,BRL,1692.7475402551966
713,2022-03-01,BRL,1905.7178248874159
714,2022-04-01,BRL,1828.4897752041552
715,2022-05-01,BRL,1941.4120309355728
716,2022-06-01,BRL,1762.105154906192
717,2022-07-01,BRL,1785.6811718197202
718,2022-08-01,BRL,1833.3863478724309
719,2022-09-01,BRL,1772.7690402210535
720,2022-10-01,BRL,1836.6077559479988
721,2022-11-01,BRL,1854.8627818199964
722,2022-12-01,BRL,1832.34997618177
723,2023-01-01,BRL,1888.7151688172312
724,2023-02-01,BRL,1858.3070276676344
725,2023-03-01,BRL,1960.4277842488223
726,2023-04-01,BRL,2005.9038424091295
727,2023-05-01,BRL,1984.2655773031017
728,2023-06-01,BRL,2105.87182396653
729,2023-07-01,BRL,2187.3663438679155
730,2023-08-01,BRL,2143.346979797965
731,2023-09-01,BRL,2093.8217868047873
732,2023-10-01,BRL,2103.5031321132237
733,2023-11-01,BRL,2175.960768797559
734,2023-12-01,BRL,2235.6399280462633
735,2024-01-01,BRL,2197.267927172256
736,2024-02-01,BRL,2217.4928803864577
737,2024-03-01,BRL,2232.9726099001778
738,2014-01-01,AUD,1424.3556428505115
739,2014-02-01,AUD,1453.708926757926
740,2014-03-01,AUD,1512.3840008960497
741,2014-04-01,AUD,1524.4172326736984
742,2014-05-01,AUD,1539.569747732708
743,2014-06-01,AUD,1570.7735649844442
744,2014-07-01,AUD,1567.6143095823322
745,2014-08-01,AUD,1584.1843574007075
746,2014-09-01,AUD,1496.2527391345154
747,2014-10-01,AUD,1508.7183068458532
748,2014-11-01,AUD,1455.3011395216192
749,2014-12-01,AUD,1418.639131200606
750,2015-01-01,AUD,1351.7065309122072
751,2015-02-01,AUD,1368.6265280182827
752,2015-03-01,AUD,1335.6303246483471
753,2015-04-01,AUD,1394.1900196200158
754,2015-05-01,AUD,1348.4941546867897
755,2015-06-01,AUD,1368.5546376803425
756,2015-07-01,AUD,1317.8879073001663
757,2015-08-01,AUD,1282.9513892702776
758,2015-09-01,AUD,1271.9904134413582
759,2015-10-01,AUD,1299.3593819749485
760,2015-11-01,AUD,1322.9816451771255
761,2015-12-01,AUD,1338.4279170391044
762,2016-01-01,AUD,1309.2921365982745
763,2016-02-01,AUD,1320.3716134504728
764,2016-03-01,AUD,1424.969459959562
765,2016-04-01,AUD,1418.5660935786916
766,2016-05-01,AUD,1351.8781586281216
767,2016-06-01,AUD,1400.9735515495277
768,2016-07-01,AUD,1450.2517681624424
769,2016-08-01,AUD,1440.015416003732
770,2016-09-01,AUD,1470.3899898153627
771,2016-10-01,AUD,1467.9112631956582
772,2016-11-01,AUD,1434.8947877760475
773,2016-12-01,AUD,1415.0403474177092
774,2017-01-01,AUD,1499.3877167352719
775,2017-02-01,AUD,1512.8402558881705
776,2017-03-01,AUD,1516.2361300430025
777,2017-04-01,AUD,1500.3459051159593
778,2017-05-01,AUD,1492.4047775839617
779,2017-06-01,AUD,1561.1269409785684
780,2017-07-01,AUD,1634.8300791278164
781,2017-08-01,AUD,1624.47647206867
782,2017-09-01,AUD,1606.9748897624577
783,2017-10-01,AUD,1575.729742449399
784,2017-11-01,AUD,1555.6550751151676
785,2017-12-01,AUD,1599.067732233877
786,2018-01-01,AUD,1662.8189476889875
787,2018-02-01,AUD,1596.2617539752
788,2018-03-01,AUD,1581.367595287608
789,2018-04-01,AUD,1548.3775734873159
790,2018-05-01,AUD,1557.1274321486192
791,2018-06-01,AUD,1529.6990105913637
792,2018-07-01,AUD,1545.8343300540719
793,2018-08-01,AUD,1506.9078077762902
794,2018-09-01,AUD,1510.9074294347838
795,2018-10-01,AUD,1487.2182943403502
796,2018-11-01,AUD,1533.2957753690425
797,2018-12-01,AUD,1477.5717695276605
798,2019-01-01,AUD,1540.021054748641
799,2019-02-01,AUD,1506.4457731029095
800,2019-03-01,AUD,1522.5787863055057
801,2019-04-01,AUD,1512.2857346754147
802,2019-05-01,AUD,1487.06000366755
803,2019-06-01,AUD,1508.245598977858
804,2019-07-01,AUD,1461.6078063700795
805,2019-08-01,AUD,1438.8467677287924
806,2019-09-01,AUD,1443.2437686602102
807,2019-10-01,AUD,1481.1787448605503
808,2019-11-01,AUD,1455.5974370154215
809,2019-12-01,AUD,1507.5803255998171
810,2020-01-01,AUD,1451.268622336667
811,2020-02-01,AUD,1414.504325567519
812,2020-03-01,AUD,1371.9597829162162
813,2020-04-01,AUD,1496.941547316269
814,2020-05-01,AUD,1537.7508521668583
815,2020-06-01,AUD,1608.3741373781188
816,2020-07-01,AUD,1693.1291238001209
817,2020-08-01,AUD,1761.5818639566237
818,2020-09-01,AUD,1719.1084727620917
819,2020-10-01,AUD,1694.8862918843722
820,2020-11-01,AUD,1780.7752880143655
821,2020-12-01,AUD,1865.228428820086
822,2021-01-01,AUD,1863.630766355654
823,2021-02-01,AUD,1892.194168305467
824,2021-03-01,AUD,1863.7492452945573
825,2021-04-01,AUD,1902.0287384411458
826,2021-05-01,AUD,1911.996044249054
827,2021-06-01,AUD,1883.2223220443893
828,2021-07-01,AUD,1877.6632498825124
829,2021-08-01,AUD,1871.0551677723604
830,2021-09-01,AUD,1876.9776348302005
831,2021-10-01,AUD,1959.818295368387
832,2021-11-01,AUD,1866.663463622761
833,2021-12-01,AUD,1925.9757912742966
834,2022-01-01,AUD,1858.4945830013728
835,2022-02-01,AUD,1923.265733355932
836,2022-03-01,AUD,2008.3574250265299
837,2022-04-01,AUD,1907.5193901768134
838,2022-05-01,AUD,1953.959920587242
839,2022-06-01,AUD,1903.0868938880956
840,2022-07-01,AUD,1944.2142547687395
841,2022-08-01,AUD,1900.3911526000009
842,2022-09-01,AUD,1779.769689260406
843,2022-10-01,AUD,1792.8597993998112
844,2022-11-01,AUD,1910.7609489767835
845,2022-12-01,AUD,1919.9652618872349
846,2023-01-01,AUD,2025.4039687428904
847,2023-02-01,AUD,1904.6439976721247
848,2023-03-01,AUD,1911.2562184453016
849,2023-04-01,AUD,1896.6867257248555
850,2023-05-01,AUD,1870.3641841958593
851,2023-06-01,AUD,1900.87931299074
852,2023-07-01,AUD,1945.5505640101305
853,2023-08-01,AUD,1880.3142004188092
854,2023-09-01,AUD,1875.6469034604568
855,2023-10-01,AUD,1852.3373308546184
856,2023-11-01,AUD,1941.8040159469656
857,2023-12-01,AUD,2017.1717043675364
858,2024-01-01,AUD,1956.4258014137135
859,2024-02-01,AUD,1935.6446732275049
860,2024-03-01,AUD,1959.5296395440926
861,2014-01-01,MXN,495.1925186939387
862,2014-02-01,MXN,500.5134795196727
863,2014-03-01,MXN,507.6057764907827
864,2014-04-01,MXN,513.1540337644384
865,2014-05-01,MXN,523.5026875715697
866,2014-06-01,MXN,527.9299811004489
867,2014-07-01,MXN,523.221107619077
868,2014-08-01,MXN,530.9613830826453
869,2014-09-01,MXN,513.6262417848505
870,2014-10-01,MXN,525.8675571824316
871,2014-11-01,MXN,512.5689067703407
872,2014-12-01,MXN,490.4209391691389
873,2015-01-01,MXN,490.53398872159187
874,2015-02-01,MXN,491.99541652235354
875,2015-03-01,MXN,476.6684213900053
876,2015-04-01,MXN,482.4550043992179
877,2015-05-01,MXN,487.05137962712104
878,2015-06-01,MXN,476.8166111790324
879,2015-07-01,MXN,466.3268207988567
880,2015-08-01,MXN,450.57314327870546
881,2015-09-01,MXN,440.7838372901811
882,2015-10-01,MXN,460.09488254016856
883,2015-11-01,MXN,454.60877674689067
884,2015-12-01,MXN,450.20447718351807
885,2016-01-01,MXN,434.68974059959606
886,2016-02-01,MXN,431.98177349596523
887,2016-03-01,MXN,453.00166485417003
888,2016-04-01,MXN,456.8138432208448
889,2016-05-01,MXN,429.98237923997715
890,2016-06-01,MXN,439.1304283796623
891,2016-07-01,MXN,433.5167790775343
892,2016-08-01,MXN,430.1149958489678
893,2016-09-01,MXN,426.8031209696849
894,2016-10-01,MXN,435.98845210946837
895,2016-11-01,MXN,407.54833831856206
896,2016-12-01,MXN,414.2633680107319
897,2017-01-01,MXN,411.48062519575694
898,2017-02-01,MXN,424.46497434228013
899,2017-03-01,MXN,457.37107127643293
900,2017-04-01,MXN,456.96492354143794
901,2017-05-01,MXN,458.6563920014704
902,2017-06-01,MXN,481.8747497975274
903,2017-07-01,MXN,498.74597414492234
904,2017-08-01,MXN,491.6699163194623
905,2017-09-01,MXN,491.80291577029175
906,2017-10-01,MXN,469.1154042446666
907,2017-11-01,MXN,491.2731627195984
908,2017-12-01,MXN,483.27802327788595
909,2018-01-01,MXN,494.8195936602182
910,2018-02-01,MXN,492.3439003948495
911,2018-03-01,MXN,524.0747468564886
912,2018-04-01,MXN,509.02541419531406
913,2018-05-01,MXN,483.0901240254378
914,2018-06-01,MXN,488.80277244834707
915,2018-07-01,MXN,516.2739870301497
916,2018-08-01,MXN,509.0453940427956
917,2018-09-01,MXN,522.5489101624396
918,2018-10-01,MXN,482.57475046100114
919,2018-11-01,MXN,488.37875081931315
920,2018-12-01,MXN,512.9019832873672
921,2019-01-01,MXN,525.8154894836578
922,2019-02-01,MXN,519.6054030890575
923,2019-03-01,MXN,522.7274925766931
924,2019-04-01,MXN,532.4136424359048
925,2019-05-01,MXN,522.7400764983065
926,2019-06-01,MXN,538.1478520931473
927,2019-07-01,MXN,537.173462882867
928,2019-08-01,MXN,525.2257057030561
929,2019-09-01,MXN,533.234886554976
930,2019-10-01,MXN,546.8990618362427
931,2019-11-01,MXN,546.2914875333715
932,2019-12-01,MXN,568.4411405701178
933,2020-01-01,MXN,569.3979731054511
934,2020-02-01,MXN,553.4053721027216
935,2020-03-01,MXN,472.95604429417045
936,2020-04-01,MXN,478.52704423340475
937,2020-05-01,MXN,525.6719649199416
938,2020-06-01,MXN,504.3945184936015
939,2020-07-01,MXN,527.3057582791769
940,2020-08-01,MXN,536.7933158915662
941,2020-09-01,MXN,533.2811458959894
942,2020-10-01,MXN,559.1251477011529
943,2020-11-01,MXN,590.7098437520173
944,2020-12-01,MXN,608.024855766052
945,2021-01-01,MXN,596.1347299887996
946,2021-02-01,MXN,589.8618605536906
947,2021-03-01,MXN,609.2270777727748
948,2021-04-01,MXN,616.77605262761
949,2021-05-01,MXN,630.1149145513584
950,2021-06-01,MXN,628.0271210187485
951,2021-07-01,MXN,640.5043815484381
952,2021-08-01,MXN,638.0298592293225
953,2021-09-01,MXN,641.9929049151594
954,2021-10-01,MXN,633.6145119512042
955,2021-11-01,MXN,619.2857949357574
956,2021-12-01,MXN,656.9674313160461
957,2022-01-01,MXN,639.5117699179835
958,2022-02-01,MXN,656.8743771412469
959,2022-03-01,MXN,681.4398023666536
960,2022-04-01,MXN,670.4567437178903
961,2022-05-01,MXN,700.1711365915597
962,2022-06-01,MXN,685.4273617036191
963,2022-07-01,MXN,690.926023820515
964,2022-08-01,MXN,695.26145816054
965,2022-09-01,MXN,698.5812475879839
966,2022-10-01,MXN,714.9897809924944
967,2022-11-01,MXN,745.7089552742655
968,2022-12-01,MXN,753.0635825574
969,2023-01-01,MXN,779.546721289205
970,2023-02-01,MXN,800.4553230371479
971,2023-03-01,MXN,824.7534960917757
972,2023-04-01,MXN,829.9099009362985
973,2023-05-01,MXN,852.301124596339
974,2023-06-01,MXN,887.0510475717577
975,2023-07-01,MXN,914.260072645918
976,2023-08-01,MXN,915.1548631366757
977,2023-09-01,MXN,889.3348957887182
978,2023-10-01,MXN,866.3988850155338
979,2023-11-01,MXN,918.0713098439658
980,2023-12-01,MXN,954.1363559148598
981,2024-01-01,MXN,940.533374728774
982,2024-02-01,MXN,969.6056066605196
983,2024-03-01,MXN,1001.0348624273093
984,2014-01-01,SAR,424.9049822833128
985,2014-02-01,SAR,426.1338208391521
986,2014-03-01,SAR,435.87877892934694
987,2014-04-01,SAR,440.52987011420447
988,2014-05-01,SAR,442.47886524838987
989,2014-06-01,SAR,442.98575803432385
990,2014-07-01,SAR,454.607253183651
991,2014-08-01,SAR,451.0919735824093
992,2014-09-01,SAR,452.68033122853353
993,2014-10-01,SAR,457.6739504286248
994,2014-11-01,SAR,455.1339581798075
995,2014-12-01,SAR,464.11379139400947
996,2015-01-01,SAR,455.8091122767617
997,2015-02-01,SAR,475.14695908578676
998,2015-03-01,SAR,479.6944853538828
999,2015-04-01,SAR,482.4228562762502
1000,2015-05-01,SAR,489.06959950350296
1001,2015-06-01,SAR,488.09947182172186
1002,2015-07-01,SAR,484.6065666937094
1003,2015-08-01,SAR,482.15619152959067
1004,2015-09-01,SAR,490.31204266481745
1005,2015-10-01,SAR,475.42630105279557
1006,2015-11-01,SAR,480.0837897502192
1007,2015-12-01,SAR,475.54052054004865
1008,2016-01-01,SAR,473.59563015025293
1009,2016-02-01,SAR,469.9776281940906
1010,2016-03-01,SAR,476.94983553363767
1011,2016-04-01,SAR,474.69008692980253
1012,2016-05-01,SAR,472.9367051656985
1013,2016-06-01,SAR,475.66335318512546
1014,2016-07-01,SAR,470.7313039611528
1015,2016-08-01,SAR,469.9693626716489
1016,2016-09-01,SAR,470.8537518265694
1017,2016-10-01,SAR,477.16221820805475
1018,2016-11-01,SAR,481.07860779780464
1019,2016-12-01,SAR,479.8703453150758
1020,2017-01-01,SAR,475.26169535282634
1021,2017-02-01,SAR,470.6993035702794
1022,2017-03-01,SAR,477.9369104371224
1023,2017-04-01,SAR,478.0767182362154
1024,2017-05-01,SAR,475.92088419418405
1025,2017-06-01,SAR,488.8156067786419
1026,2017-07-01,SAR,484.4266301340873
1027,2017-08-01,SAR,482.66494119069137
1028,2017-09-01,SAR,476.4181967588723
1029,2017-10-01,SAR,475.02846681956515
1030,2017-11-01,SAR,475.6576860036554
1031,2017-12-01,SAR,481.4069570776643
1032,2018-01-01,SAR,482.9647388908535
1033,2018-02-01,SAR,480.72841686527914
1034,2018-03-01,SAR,478.7753307766705
1035,2018-04-01,SAR,479.53109577138247
1036,2018-05-01,SAR,478.1388462018981
1037,2018-06-01,SAR,484.3089773303644
1038,2018-07-01,SAR,480.108507083232
1039,2018-08-01,SAR,482.20262746591123
1040,2018-09-01,SAR,490.0927942076663
1041,2018-10-01,SAR,483.4933171737559
1042,2018-11-01,SAR,485.4484572675827
1043,2018-12-01,SAR,494.08200137966566
1044,2019-01-01,SAR,487.5290003113905
1045,2019-02-01,SAR,488.47337320939374
1046,2019-03-01,SAR,487.71596309733985
1047,2019-04-01,SAR,493.37953308355213
1048,2019-05-01,SAR,501.9894790047035
1049,2019-06-01,SAR,501.89680406396593
1050,2019-07-01,SAR,499.00918699673934
1051,2019-08-01,SAR,505.7372652479489
1052,2019-09-01,SAR,503.2255526155435
1053,2019-10-01,SAR,507.27607612219987
1054,2019-11-01,SAR,510.9633611518364
1055,2019-12-01,SAR,529.2145977277813
1056,2020-01-01,SAR,519.4470636037173
1057,2020-02-01,SAR,524.6663328181446
1058,2020-03-01,SAR,533.6149185305362
1059,2020-04-01,SAR,541.8167627243735
1060,2020-05-01,SAR,552.6850158688353
1061,2020-06-01,SAR,546.9081215607265
1062,2020-07-01,SAR,546.5037772527395
1063,2020-08-01,SAR,553.2474527878276
1064,2020-09-01,SAR,556.6705921034157
1065,2020-10-01,SAR,561.859418949079
1066,2020-11-01,SAR,570.2983236663921
1067,2020-12-01,SAR,572.9112189193401
1068,2021-01-01,SAR,567.1804298190112
1069,2021-02-01,SAR,576.2496187314565
1070,2021-03-01,SAR,583.201230179181
1071,2021-04-01,SAR,587.8556872926158
1072,2021-05-01,SAR,590.1663628234026
1073,2021-06-01,SAR,596.9386363722238
1074,2021-07-01,SAR,600.1023748538661
1075,2021-08-01,SAR,597.0267113000776
1076,2021-09-01,SAR,603.1430283251981
1077,2021-10-01,SAR,605.9761168858063
1078,2021-11-01,SAR,606.0972882686599
1079,2021-12-01,SAR,615.000536162446
1080,2022-01-01,SAR,611.6257845109185
1081,2022-02-01,SAR,621.1334718641344
1082,2022-03-01,SAR,632.2519339773457
1083,2022-04-01,SAR,638.8439163131176
1084,2022-05-01,SAR,635.9257337257249
1085,2022-06-01,SAR,650.0303878606542
1086,2022-07-01,SAR,647.6725792926369
1087,2022-08-01,SAR,649.2777237337124
1088,2022-09-01,SAR,656.3543210948887
1089,2022-10-01,SAR,657.5353054808191
1090,2022-11-01,SAR,661.1602048175063
1091,2022-12-01,SAR,663.8768261898089
1092,2023-01-01,SAR,659.6021777475793
1093,2023-02-01,SAR,667.1867805531152
1094,2023-03-01,SAR,695.12190358428
1095,2023-04-01,SAR,699.2608111917054
1096,2023-05-01,SAR,693.9334385170002
1097,2023-06-01,SAR,709.408814763516
1098,2023-07-01,SAR,708.9260418291786
1099,2023-08-01,SAR,712.9463143950194
1100,2023-09-01,SAR,710.1208794236533
1101,2023-10-01,SAR,716.6991495053556
1102,2023-11-01,SAR,711.8523308295324
1103,2023-12-01,SAR,716.0956791449681
1104,2024-01-01,SAR,725.5624302368775
1105,2024-02-01,SAR,734.9390892488666
1106,2024-03-01,SAR,752.0545934506996
1107,2014-01-01,CAD,253.11558152945477
1108,2014-02-01,CAD,256.4330058076004
1109,2014-03-01,CAD,255.6434535226122
1110,2014-04-01,CAD,260.45838789009997
1111,2014-05-01,CAD,263.0715818728698
1112,2014-06-01,CAD,272.08472718631316
1113,2014-07-01,CAD,269.82186527503313
1114,2014-08-01,CAD,270.98801112306865
1115,2014-09-01,CAD,263.16698344899413
1116,2014-10-01,CAD,261.73295678842356
1117,2014-11-01,CAD,258.4057384353132
1118,2014-12-01,CAD,250.53836332887417
1119,2015-01-01,CAD,229.43550779467512
1120,2015-02-01,CAD,233.44987178086498
1121,2015-03-01,CAD,234.39130390841967
1122,2015-04-01,CAD,243.966458787442
1123,2015-05-01,CAD,231.18264250401256
1124,2015-06-01,CAD,231.74965955048893
1125,2015-07-01,CAD,227.88217698847023
1126,2015-08-01,CAD,228.6209287664362
1127,2015-09-01,CAD,222.19127866649492
1128,2015-10-01,CAD,227.79143918992065
1129,2015-11-01,CAD,226.17935542390157
1130,2015-12-01,CAD,220.84142585257493
1131,2016-01-01,CAD,218.7631545462471
1132,2016-02-01,CAD,227.23913156904584
1133,2016-03-01,CAD,236.93172750491053
1134,2016-04-01,CAD,250.16955191799522
1135,2016-05-01,CAD,242.02706322255455
1136,2016-06-01,CAD,248.17384130520932
1137,2016-07-01,CAD,244.5247118988796
1138,2016-08-01,CAD,245.46800854586365
1139,2016-09-01,CAD,246.90818909151025
1140,2016-10-01,CAD,240.98966651341132
1141,2016-11-01,CAD,237.83151098680935
1142,2016-12-01,CAD,238.8352832242297
1143,2017-01-01,CAD,247.2017130877092
1144,2017-02-01,CAD,240.8856366745988
1145,2017-03-01,CAD,241.5581299300156
1146,2017-04-01,CAD,236.2234548326146
1147,2017-05-01,CAD,239.06457579747257
1148,2017-06-01,CAD,244.5587334185627
1149,2017-07-01,CAD,251.7674532932841
1150,2017-08-01,CAD,250.73425486615264
1151,2017-09-01,CAD,252.0418622153132
1152,2017-10-01,CAD,242.84957114875075
1153,2017-11-01,CAD,244.88528190228152
1154,2017-12-01,CAD,251.98943410559403
1155,2018-01-01,CAD,254.3947550282477
1156,2018-02-01,CAD,250.09169040717444
1157,2018-03-01,CAD,247.38319999635104
1158,2018-04-01,CAD,246.7843516201693
1159,2018-05-01,CAD,246.0248683518552
1160,2018-06-01,CAD,248.06867100314983
1161,2018-07-01,CAD,251.9994899142774
1162,2018-08-01,CAD,252.61849392408172
1163,2018-09-01,CAD,258.6749129433774
1164,2018-10-01,CAD,251.17965024522363
1165,2018-11-01,CAD,248.68776989452547
1166,2018-12-01,CAD,246.2284384033194
1167,2019-01-01,CAD,253.0120656865179
1168,2019-02-01,CAD,257.16824798703794
1169,2019-03-01,CAD,256.34070875679197
1170,2019-04-01,CAD,254.84411256692837
1171,2019-05-01,CAD,245.79820366488795
1172,2019-06-01,CAD,256.5025769985277
1173,2019-07-01,CAD,253.99416999745364
1174,2019-08-01,CAD,248.93391065176715
1175,2019-09-01,CAD,252.7139290415988
1176,2019-10-01,CAD,257.6275582824424
1177,2019-11-01,CAD,255.4970221102581
1178,2019-12-01,CAD,260.5896522389922
1179,2020-01-01,CAD,258.8687920281663
1180,2020-02-01,CAD,261.35250709202364
1181,2020-03-01,CAD,256.72668713209407
1182,2020-04-01,CAD,274.0208841038724
1183,2020-05-01,CAD,279.4824222018545
1184,2020-06-01,CAD,283.5402112225937
1185,2020-07-01,CAD,282.2160270770361
1186,2020-08-01,CAD,286.2864440582511
1187,2020-09-01,CAD,276.3160803980907
1188,2020-10-01,CAD,270.29934795809197
1189,2020-11-01,CAD,275.4974613684969
1190,2020-12-01,CAD,281.1732803682497
1191,2021-01-01,CAD,277.7867011316306
1192,2021-02-01,CAD,282.9002786422688
1193,2021-03-01,CAD,277.59759736023767
1194,2021-04-01,CAD,258.06233943472904
1195,2021-05-01,CAD,268.4641068825318
1196,2021-06-01,CAD,254.45892830966298
1197,2021-07-01,CAD,254.0114901393745
1198,2021-08-01,CAD,251.94715125724434
1199,2021-09-01,CAD,251.6957334045194
1200,2021-10-01,CAD,255.6379259529492
1201,2021-11-01,CAD,248.82068617389774
1202,2021-12-01,CAD,252.3412699973213
1203,2022-01-01,CAD,249.50851586555754
1204,2022-02-01,CAD,255.34399026951004
1205,2022-03-01,CAD,259.6642788084911
1206,2022-04-01,CAD,262.1315070934738
1207,2022-05-01,CAD,272.45721556695565
1208,2022-06-01,CAD,278.5856056772396
1209,2022-07-01,CAD,284.3428426176923
1210,2022-08-01,CAD,290.5054995220845
1211,2022-09-01,CAD,277.50595417274036
1212,2022-10-01,CAD,290.0858882568004
1213,2022-11-01,CAD,306.87246313889267
1214,2022-12-01,CAD,304.42455082497224
1215,2023-01-01,CAD,320.27186768521705
1216,2023-02-01,CAD,314.0224690973636
1217,2023-03-01,CAD,319.53577734328513
1218,2023-04-01,CAD,319.8822294678775
1219,2023-05-01,CAD,319.7828327525172
1220,2023-06-01,CAD,330.26522535025464
1221,2023-07-01,CAD,335.84988520141115
1222,2023-08-01,CAD,330.05313815838383
1223,2023-09-01,CAD,328.86880641959596
1224,2023-10-01,CAD,324.27266361038545
1225,2023-11-01,CAD,338.37854616893213
1226,2023-12-01,CAD,344.82259166272394
1227,2024-01-01,CAD,343.76215711445434
1228,2024-02-01,CAD,348.21879827522014
1229,2024-03-01,CAD,340.5141446862452
1230,2014-01-01,ZAR,226.2446119355911
1231,2014-02-01,ZAR,233.3804147386607
1232,2014-03-01,ZAR,245.6854027890747
1233,2014-04-01,ZAR,246.95953157091725
1234,2014-05-01,ZAR,250.10409292234826
1235,2014-06-01,ZAR,247.81976309538013
1236,2014-07-01,ZAR,248.20833157371865
1237,2014-08-01,ZAR,248.73131062352113
1238,2014-09-01,ZAR,239.56902374604016
1239,2014-10-01,ZAR,245.4049546823325
1240,2014-11-01,ZAR,247.78655694892151
1241,2014-12-01,ZAR,233.34991067842356
1242,2015-01-01,ZAR,232.49418275981824
1243,2015-02-01,ZAR,233.03532453072722
1244,2015-03-01,ZAR,229.2591010422813
1245,2015-04-01,ZAR,236.94363854384912
1246,2015-05-01,ZAR,234.89923124653248
1247,2015-06-01,ZAR,234.7345821576736
1248,2015-07-01,ZAR,230.65130530144594
1249,2015-08-01,ZAR,219.43674155817916
1250,2015-09-01,ZAR,211.10201555939798
1251,2015-10-01,ZAR,214.6263321408143
1252,2015-11-01,ZAR,208.0128404084356
1253,2015-12-01,ZAR,192.12025190489362
1254,2016-01-01,ZAR,185.08145045345137
1255,2016-02-01,ZAR,184.98558284329008
1256,2016-03-01,ZAR,204.62858819276238
1257,2016-04-01,ZAR,212.3476359905282
1258,2016-05-01,ZAR,192.76876091269776
1259,2016-06-01,ZAR,204.24623995153547
1260,2016-07-01,ZAR,219.69058929940306
1261,2016-08-01,ZAR,209.40042444713094
1262,2016-09-01,ZAR,225.7961907234715
1263,2016-10-01,ZAR,234.82784721220824
1264,2016-11-01,ZAR,223.20841929551716
1265,2016-12-01,ZAR,229.8862921192181
1266,2017-01-01,ZAR,235.3951312870681
1267,2017-02-01,ZAR,239.01970892571907
1268,2017-03-01,ZAR,237.8701368982566
1269,2017-04-01,ZAR,238.42790428942686
1270,2017-05-01,ZAR,245.7769014708942
1271,2017-06-01,ZAR,245.67065743345583
1272,2017-07-01,ZAR,248.13986160485237
1273,2017-08-01,ZAR,252.87314416850552
1274,2017-09-01,ZAR,244.842031861985
1275,2017-10-01,ZAR,235.3128816796674
1276,2017-11-01,ZAR,244.37882211809236
1277,2017-12-01,ZAR,271.83604622870604
1278,2018-01-01,ZAR,283.1650697966101
1279,2018-02-01,ZAR,284.60793595766745
1280,2018-03-01,ZAR,287.1628680149819
1281,2018-04-01,ZAR,272.09745894191565
1282,2018-05-01,ZAR,267.6465940314752
1283,2018-06-01,ZAR,247.06508844060576
1284,2018-07-01,ZAR,261.35046846918283
1285,2018-08-01,ZAR,239.365561067229
1286,2018-09-01,ZAR,251.4007772619087
1287,2018-10-01,ZAR,238.40528430674246
1288,2018-11-01,ZAR,255.54055354925333
1289,2018-12-01,ZAR,245.02177365103876
1290,2019-01-01,ZAR,265.7672190670831
1291,2019-02-01,ZAR,251.04882723365918
1292,2019-03-01,ZAR,253.28158375566323
1293,2019-04-01,ZAR,257.39473381048504
1294,2019-05-01,ZAR,254.17684188041684
1295,2019-06-01,ZAR,262.28438057138186
1296,2019-07-01,ZAR,261.27611708909257
1297,2019-08-01,ZAR,248.80607365782078
1298,2019-09-01,ZAR,248.72509715628868
1299,2019-10-01,ZAR,250.06526796485335
1300,2019-11-01,ZAR,259.79287362500764
1301,2019-12-01,ZAR,268.62876422485186
1302,2020-01-01,ZAR,251.522910657206
1303,2020-02-01,ZAR,243.04612898165885
1304,2020-03-01,ZAR,222.85228641287927
1305,2020-04-01,ZAR,219.11041546938537
1306,2020-05-01,ZAR,233.15333283870123
1307,2020-06-01,ZAR,236.45434475012013
1308,2020-07-01,ZAR,242.6732301350451
1309,2020-08-01,ZAR,247.01443876087808
1310,2020-09-01,ZAR,246.24928179452036
1311,2020-10-01,ZAR,255.30149259803804
1312,2020-11-01,ZAR,266.633724868882
1313,2020-12-01,ZAR,280.89069773120775
1314,2021-01-01,ZAR,271.2605526024906
1315,2021-02-01,ZAR,271.88487859419945
1316,2021-03-01,ZAR,278.66789512075377
1317,2021-04-01,ZAR,286.04292601669454
1318,2021-05-01,ZAR,304.1014554967405
1319,2021-06-01,ZAR,287.70513734560905
1320,2021-07-01,ZAR,289.01411463784024
1321,2021-08-01,ZAR,294.96839237441054
1322,2021-09-01,ZAR,286.67674193108707
1323,2021-10-01,ZAR,280.7680962952815
1324,2021-11-01,ZAR,275.4331846726215
1325,2021-12-01,ZAR,272.89869322443815
1326,2022-01-01,ZAR,279.134760624736
1327,2022-02-01,ZAR,283.23421288674416
1328,2022-03-01,ZAR,305.76367244492684
1329,2022-04-01,ZAR,282.88163094010037
1330,2022-05-01,ZAR,286.29786535394913
1331,2022-06-01,ZAR,273.0696977492756
1332,2022-07-01,ZAR,274.5253144379457
1333,2022-08-01,ZAR,270.232887118916
1334,2022-09-01,ZAR,257.8829138905163
1335,2022-10-01,ZAR,256.2510436213502
1336,2022-11-01,ZAR,277.7612588434005
1337,2022-12-01,ZAR,277.71721799347523
1338,2023-01-01,ZAR,277.2663177797982
1339,2023-02-01,ZAR,263.10474543562736
1340,2023-03-01,ZAR,273.4323306128889
1341,2023-04-01,ZAR,268.41592519938604
1342,2023-05-01,ZAR,250.20894930221198
1343,2023-06-01,ZAR,263.55869274932985
1344,2023-07-01,ZAR,279.23190769089587
1345,2023-08-01,ZAR,268.8139510698517
1346,2023-09-01,ZAR,265.4840414107555
1347,2023-10-01,ZAR,267.58014420940816
1348,2023-11-01,ZAR,266.33581139683776
1349,2023-12-01,ZAR,278.15833708631624
1350,2024-01-01,ZAR,272.3403670032146
1351,2024-02-01,ZAR,265.7209511333584
1352,2024-03-01,ZAR,275.59490552894545
