Date,AL,AR,AU,AT,AZ,BD,BY,BE,BA,BR,BG,KH,CA,CL,CN,CO,CR,HR,CY,CZ,DK,DO,EG,EE,EU,FI,FR,DE,GR,HN,HK,HU,IN,ID,IR,IE,IL,IT,JP,JO,KZ,LA,LV,LT,LU,MO,MY,MX,MN,MA,NL,NZ,NG,NO,OM,PK,PA,PE,PH,PL,PT,QA,RO,RU,SA,RS,SG,SK,SI,ZA,KR,ES,SE,CH,TW,TH,TN,TR,UA,AE,UK,US,UY,UZ,VE,VN
1947-01-01,,,,,,,,,,,,,,,,,,,,,,,,,,,,,,,,,,,,,,,,,,,,,,,,,,,,,,,,,,,,,,,,,,,,,,,,,,,,,,,,,,2182681,,,,
1947-04-01,,,,,,,,,,,,,,,,,,,,,,,,,,,,,,,,,,,,,,,,,,,,,,,,,,,,,,,,,,,,,,,,,,,,,,,,,,,,,,,,,,2176892,,,,
1947-07-01,,,,,,,,,,,,,,,,,,,,,,,,,,,,,,,,,,,,,,,,,,,,,,,,,,,,,,,,,,,,,,,,,,,,,,,,,,,,,,,,,,2172432,,,,
1947-10-01,,,,,,,,,,,,,,,,,,,,,,,,,,,,,,,,,,,,,,,,,,,,,,,,,,,,,,,,,,,,,,,,,,,,,,,,,,,,,,,,,,2206452,,,,
1948-01-01,,,,,,,,,,,,,,,,,,,,,,,,,,,,,,,,,,,,,,,,,,,,,,,,,,,,,,,,,,,,,,,,,,,,,,,,,,,,,,,,,,2239682,,,,
1948-04-01,,,,,,,,,,,,,,,,,,,,,,,,,,,,,,,,,,,,,,,,,,,,,,,,,,,,,,,,,,,,,,,,,,,,,,,,,,,,,,,,,,2276690,,,,
1948-07-01,,,,,,,,,,,,,,,,,,,,,,,,,,,,,,,,,,,,,,,,,,,,,,,,,,,,,,,,,,,,,,,,,,,,,,,,,,,,,,,,,,2289770,,,,
1948-10-01,,,,,,,,,,,,,,,,,,,,,,,,,,,,,,,,,,,,,,,,,,,,,,,,,,,,,,,,,,,,,,,,,,,,,,,,,,,,,,,,,,2292364,,,,
1949-01-01,,,,,,,,,,,,,,,,,,,,,,,,,,,,,,,,,,,,,,,,,,,,,,,,,,,,,,,,,,,,,,,,,,,,,,,,,,,,,,,,,,2260807,,,,
1949-04-01,,,,,,,,,,,,,,,,,,,,,,,,,,,,,,,,,,,,,,,,,,,,,,,,,,,,,,,,,,,,,,,,,,,,,,,,,,,,,,,,,,2253128,,,,
1949-07-01,,,,,,,,,,,,,,,,,,,,,,,,,,,,,,,,,,,,,,,,,,,,,,,,,,,,,,,,,,,,,,,,,,,,,,,,,,,,,,,,,,2276424,,,,
1949-10-01,,,,,,,,,,,,,,,,,,,,,,,,,,,,,,,,,,,,,,,,,,,,,,,,,,,,,,,,,,,,,,,,,,,,,,,,,,,,,,,,,,2257352,,,,
1950-01-01,,,,,,,,,,,,,,,,,,,,,,,,,,,,,,,,,,,,,,,,,,,,,,,,,,,,,,,,,,,,,,,,,,,,,,,,,,,,,,,,,,2346104,,,,
1950-04-01,,,,,,,,,,,,,,,,,,,,,,,,,,,,,,,,,,,,,,,,,,,,,,,,,,,,,,,,,,,,,,,,,,,,,,,,,,,,,,,,,,2417682,,,,
1950-07-01,,,,,,,,,,,,,,,,,,,,,,,,,,,,,,,,,,,,,,,,,,,,,,,,,,,,,,,,,,,,,,,,,,,,,,,,,,,,,,,,,,2511127,,,,
1950-10-01,,,,,,,,,,,,,,,,,,,,,,,,,,,,,,,,,,,,,,,,,,,,,,,,,,,,,,,,,,,,,,,,,,,,,,,,,,,,,,,,,,2559214,,,,
1951-01-01,,,,,,,,,,,,,,,,,,,,,,,,,,,,,,,,,,,,,,,,,,,,,,,,,,,,,,,,,,,,,,,,,,,,,,,,,,,,,,,,,,2593967,,,,
1951-04-01,,,,,,,,,,,,,,,,,,,,,,,,,,,,,,,,,,,,,,,,,,,,,,,,,,,,,,,,,,,,,,,,,,,,,,,,,,,,,,,,,,2638898,,,,
1951-07-01,,,,,,,,,,,,,,,,,,,,,,,,,,,,,,,,,,,,,,,,,,,,,,,,,,,,,,,,,,,,,,,,,,,,,,,,,,,,,,,,,,2693259,,,,
1951-10-01,,,,,,,,,,,,,,,,,,,,,,,,,,,,,,,,,,,,,,,,,,,,,,,,,,,,,,,,,,,,,,,,,,,,,,,,,,,,,,,,,,2699156,,,,
1952-01-01,,,,,,,,,,,,,,,,,,,,,,,,,,,,,,,,,,,,,,,,,,,,,,,,,,,,,,,,,,,,,,,,,,,,,,,,,,,,,,,,,,2727954,,,,
1952-04-01,,,,,,,,,,,,,,,,,,,,,,,,,,,,,,,,,,,,,,,,,,,,,,,,,,,,,,,,,,,,,,,,,,,,,,,,,,,,,,,,,,2733800,,,,
1952-07-01,,,,,,,,,,,,,,,,,,,,,,,,,,,,,,,,,,,,,,,,,,,,,,,,,,,,,,,,,,,,,,,,,,,,,,,,,,,,,,,,,,2753517,,,,
1952-10-01,,,,,,,,,,,,,,,,,,,,,,,,,,,,,,,,,,,,,,,,,,,,,,,,,,,,,,,,,,,,,,,,,,,,,,,,,,,,,,,,,,2843941,,,,
1953-01-01,,,,,,,,,,,,,,,,,,,,,,,,,,,,,,,,,,,,,,,,,,,,,,,,,,,,,,,,,,,,,,,,,,,,,,,,,,,,,,,,,,2896811,,,,
1953-04-01,,,,,,,,,,,,,,,,,,,,,,,,,,,,,,,,,,,,,,,,,,,,,,,,,,,,,,,,,,,,,,,,,,,,,,,,,,,,,,,,,,2919206,,,,
1953-07-01,,,,,,,,,,,,,,,,,,,,,,,,,,,,,,,,,,,,,,,,,,,,,,,,,,,,,,,,,,,,,,,,,,,,,,,,,,,,,,,,,,2902785,,,,
1953-10-01,,,,,,,,,,,,,,,,,,,,,,,,,,,,,,,,,,,,,,,,,,,,,,,,,,,,,,,,,,,,,,,,,,,,,,,,,,,,,,,,,,2858845,,,,
1954-01-01,,,,,,,,,,,,,,,,,,,,,,,,,,,,,,,,,,,,,,,,,,,,,,,,,,,,,,,,,,,,,,,,,,,,,,,,,,,,,,,,,,2845192,,,,
1954-04-01,,,,,,,,,,,,,,,,,,,,,,,,,,,,,,,,,,,,,,,,,,,,,,,,,,,,,,,,,,,,,,,,,,,,,,,,,,,,,,,,,,2848305,,,,
1954-07-01,,,,,,,,,,,,,,,,,,,,,,,,,,,,,,,,,,,,,,,,,,,,,,,,,,,,,,,,,,,,,,,,,,,,,,,,,,,,,,,,,,2880482,,,,
1954-10-01,,,,,,,,,,,,,,,,,,,,,,,,,,,,,,,,,,,,,,,,,,,,,,,,,,,,,,,,,,,,,,,,,,,,,,,,,,,,,,,,,,2936852,,,,
1955-01-01,,,,,,,,,,,,,,,,,,,,,,,,,,,,,,,,,,,,,,,,,,,,,,,,,,,,,,,,,,,,,,,,,,,,,,,,,,,,,,,,,121747.0,3020746,,,,
1955-04-01,,,,,,,,,,,,,,,,,,,,,,,,,,,,,,,,,,,,,,,,,,,,,,,,,,,,,,,,,,,,,,,,,,,,,,,,,,,,,,,,,121765.0,3069910,,,,
1955-07-01,,,,,,,,,,,,,,,,,,,,,,,,,,,,,,,,,,,,,,,,,,,,,,,,,,,,,,,,,,,,,,,,,,,,,,,,,,,,,,,,,124204.0,3111379,,,,
1955-10-01,,,,,,,,,,,,,,,,,,,,,,,,,,,,,,,,,,,,,,,,,,,,,,,,,,,,,,,,,,,,,,,,,,,,,,,,,,,,,,,,,123527.0,3130068,,,,
1956-01-01,,,,,,,,,,,,,,,,,,,,,,,,,,,,,,,,,,,,,,,,,,,,,,,,,,,,,,,,,,,,,,,,,,,,,,,,,,,,,,,,,124881.0,3117922,,,,
1956-04-01,,,,,,,,,,,,,,,,,,,,,,,,,,,,,,,,,,,,,,,,,,,,,,,,,,,,,,,,,,,,,,,,,,,,,,,,,,,,,,,,,124751.0,3143694,,,,
1956-07-01,,,,,,,,,,,,,,,,,,,,,,,,,,,,,,,,,,,,,,,,,,,,,,,,,,,,,,,,,,,,,,,,,,,,,,,,,,,,,,,,,124594.0,3140874,,,,
1956-10-01,,,,,,,,,,,,,,,,,,,,,,,,,,,,,,,,,,,,,,,,,,,,,,,,,,,,,,,,,,,,,,,,,,,,,,,,,,,,,,,,,125329.0,3192570,,,,
1957-01-01,,,,,,,,,,,,,,,,,,,,,,,,,,,,,,,,,,,,,,,,,,,,,,,,,,,,,,,,,,,,,,,,,,,,,,,,,,,,,,,,,127685.0,3213011,,,,
1957-04-01,,,,,,,,,,,,,,,,,,,,,,,,,,,,,,,,,,,,,,,,,,,,,,,,,,,,,,,,,,,,,,,,,,,,,,,,,,,,,,,,,127644.0,3205970,,,,
1957-07-01,,,,,,,,,,,,,,,,,,,,,,,,,,,,,,,,,,,,,,,,,,,,,,,,,,,,,,,,,,,,,,,,,,,,,,,,,,,,,,,,,126847.0,3237386,,,,
1957-10-01,,,,,,,,,,,,,,,,,,,,,,,,,,,,,,,,,,,,,,,,,,,,,,,,,,,,,,,,,,,,,,,,,,,,,,,,,,,,,,,,,127203.0,3203894,,,,
1958-01-01,,,,,,,,,,,,,,,,,,,,,,,,,,,,,,,,,,,,,,,,,,,,,,,,,,,,,,,,,,,,,,,,,,,,,,,,,,,,,,,,,130017.0,3120724,,,,
1958-04-01,,,,,,,,,,,,,,,,,,,,,,,,,,,,,,,,,,,,,,,,,,,,,,,,,,,,,,,,,,,,,,,,,,,,,,,,,,,,,,,,,126750.0,3141224,,,,
1958-07-01,,,,,,,,,,,,,,,,,,,,,,,,,,,,,,,,,,,,,,,,,,,,,,,,,,,,,,,,,,,,,,,,,,,,,,,,,,,,,,,,,129561.0,3213884,,,,
1958-10-01,,,,,,,,,,,,,,,,,,,,,,,,,,,,,,,,,,,,,,,,,,,,,,,,,,,,,,,,,,,,,,,,,,,,,,,,,,,,,,,,,129911.0,3289032,,,,
1959-01-01,,,,,,,,,,,,,,,,,,,,,,,,,,,,,,,,,,,,,,,,,,,,,,,,,,,,,,,,,,,,,,,,,,,,,,,,,,,,,,,,,130713.0,3352129,,,,
1959-04-01,,,,,,,,,,,,,,,,,,,,,,,,,,,,,,,,,,,,,,,,,,,,,,,,,,,,,,,,,,,,,,,,,,,,,,,,,,,,,,,,,132823.0,3427667,,,,
1959-07-01,,,74022.0,,,,,,,,,,,,,,,,,,,,,,,,,,,,,,,,,,,,,,,,,,,,,,,,,,,,,,,,,,,,,,,,,,,,,,,,,,,,,,135648.0,3430057,,,,
1959-10-01,,,74685.0,,,,,,,,,,,,,,,,,,,,,,,,,,,,,,,,,,,,,,,,,,,,,,,,,,,,,,,,,,,,,,,,,,,,,,,,,,,,,,139094.0,3439832,,,,
1960-01-01,,,75059.0,,,,,,,,,,,,,,,,,,,,,,,,,,,,,,,,,,,,,,,,,,,,,,,,,,,,,,,,,,,,,,,,,,,,,,,,,,,,,,142565.0,3517181,,,,
1960-04-01,,,77125.0,,,,,,,,,,,,,,,,,,,,,,,,,,,,,,,,,,,,,,,,,,,,,,,,,,,,,,,,,,,,,,,,,,,,,,,,,,,,,,141565.0,3498246,,,,
1960-07-01,,,77299.0,,,,,,,,,,,,,,,,,,,,,,,,,,,,,,,,,,,,,,,,,,,,,,,,,,,,,,,,,,,,,,,,,,,,,,,,,,,,,,143674.0,3515385,,,,
1960-10-01,,,77150.0,,,,,,,,,,,,,,,,,,,,,,,,,,,,,,,,,,,,,,,,,,,,,,,,,,,,,,,,,,,,,,,,,,,,,,,,,,,,,,144509.0,3470278,,,,
1961-01-01,,,77381.0,,,,,,,,,,363923.0,,,,,,,,,,,,,,,,,,,,,,,,,,,,,,,,,,,,,,,,,,,,,,,,,,,,,,,,,,,,,,,,,,,,146876.0,3493703,,,,
1961-04-01,,,76533.0,,,,,,,,,,373138.0,,,,,,,,,,,,,,,,,,,,,,,,,,,,,,,,,,,,,,,,,,,,,,,,,,,,,,,,,,,,,,,,,,,,147484.0,3553021,,,,
1961-07-01,,,75983.0,,,,,,,,,,382218.0,,,,,,,,,,,,,,,,,,,,,,,,,,,,,,,,,,,,,,,,,,,,,,,,,,,,,,,,,,,,,,,,,,,,146753.0,3621252,,,,
1961-10-01,,,76846.0,,,,,,,,,,387418.0,,,,,,,,,,,,,,,,,,,,,,,,,,,,,,,,,,,,,,,,,,,,,,,,,,,,,,,,,,,,,,,,,,,,146476.0,3692289,,,,
1962-01-01,,,79003.0,,,,,,,,,,397727.0,,,,,,,,,,,,,,,,,,,,,,,,,,,,,,,,,,,,,,,,,,,,,,,,,,,,,,,,,,,,,,,,,,,,147109.0,3758147,,,,
1962-04-01,,,80521.0,,,,,,,,,,400888.0,,,,,,,,,,,,,,,,,,,,,,,,,,,,,,,,,,,,,,,,,,,,,,,,,,,,,,,,,,,,,,,,,,,,148500.0,3792149,,,,
1962-07-01,,,81168.0,,,,,,,,,,406015.0,,,,,,,,,,,,,,,,,,,,,,,,,,,,,,,,,,,,,,,,,,,,,,,,,,,,,,,,,,,,,,,,,,,,149408.0,3838776,,,,
1962-10-01,,,82627.0,,,,,,,,,,413982.0,,,,,,,,,,,,,,,,,,,,,,,,,,,,,,,,,,,,,,,,,,,,,,,,,,,,,,,,,,,,,,,,,,,,148870.0,3851421,,,,
1963-01-01,,,84535.0,,,,,,,,,,416607.0,,,,,,,,,,,,,,,,,,,,,,,,,,,,,,,,,,,,,,,,,,,,,,,,,,,,,,,,,,,,,,,,,,,,149550.0,3893482,,,,
1963-04-01,,,83440.0,,,,,,,,,,422666.0,,,,,,,,,,,,,,,,,,,,,,,,,,,,,,,,,,,,,,,,,,,,,,,,,,,,,,,,,,,,,,,,,,,,156027.0,3937183,,,,
1963-07-01,,,86863.0,,,,,,,,,,425878.0,,,,,,,,,,,,,,,,,,,,,,,,,,,,,,,,,,,,,,,,,,,,,,,,,,,,,,,,,,,,,,,,,,,,156716.0,4023755,,,,
1963-10-01,,,88723.0,,,,,,,,,,439206.0,,,,,,,,,,,,,,,,,,,,,,,,,,,,,,,,,,,,,,,,,,,,,,,,,,,,,,,,,,,,,,,,,,,,160273.0,4050147,,,,
1964-01-01,,,88579.0,,,,,,,,,,450201.0,,,,,,,,,,,,,,,,,,,,,,,,,,,,,,,,,,,,,,,,,,,,,,,,,,,,,,,,,,,,,,,,,,,,161333.0,4135553,,,,
1964-04-01,,,90764.0,,,,,,,,,,451887.0,,,,,,,,,,,,,,,,,,,,,,,,,,,,,,,,,,,,,,,,,,,,,,,,,,,,,,,,,,,,,,,,,,,,164347.0,4180592,,,,
1964-07-01,,,91327.0,,,,,,,,,,456710.0,,,,,,,,,,,,,,,,,,,,,,,,,,,,,,,,,,,,,,,,,,,,,,,,,,,,,,,,,,,,,,,,,,,,164952.0,4245918,,,,
1964-10-01,,,93921.0,,,,,,,,,,459001.0,,,,,,,,,,,,,,,,,,,,,,,,,,,,,,,,,,,,,,,,,,,,,,,,,,,,,,,,,,,,,,,,,,,,167430.0,4259046,,,,
1965-01-01,,,94711.0,,,,,,,,,,473602.0,,,,,,,,,,,,,,,,,,,,,,,,,,,,,,,,,,,,,,,,,,,,,,,,,,,,,,,,,,,,,,,,,,,,166975.0,4362111,,,,
1965-04-01,,,96195.0,,,,,,,,,,477938.0,,,,,,,,,,,,,,,,,,,,,,,,,,,,,,,,,,,,,,,,,,,,,,,,,,,,,,,,,,,,,,,,,,,,167074.0,4417225,,,,
1965-07-01,,,95912.0,,,,,,,,,,484608.0,,,,,,,,,,,,,,,,,,,,,,,,,,,,,,,,,,,,,,,,,,,,,,,,,,,,,,,,,,,,,,,,,,,,168424.0,4515427,,,,
1965-10-01,,,96144.0,,,,,,,,,,496485.0,,,,,,,,,,,,,,,,,,,,,,,,,,,,,,,,,,,,,,,,,,,,,,,,,,,,,,,,,,,,,,,,,,,,169502.0,4619458,,,,
1966-01-01,,,95867.0,,,,,,,,,,506146.0,,,,,,,,,,,,,,,,,,,,,,,,,,,,,,,,,,,,,,,,,,,,,,,,,,,,,,,,,,,,,,,,,,,,169749.0,4731888,,,,
1966-04-01,,,97181.0,,,,,,,,,,517072.0,,,,,,,,,,,,,,,,,,,,,,,,,,,,,,,,,,,,,,,,,,,,,,,,,,,,,,,,,,,,,,,,,,,,170745.0,4748046,,,,
1966-07-01,,,99928.0,,,,,,,,,,516825.0,,,,,,,,,,,,,,,,,,,,,,,,,,,,,,,,,,,,,,,,,,,,,,,,,,,,,,,,,,,,,,,,,,,,171303.0,4788254,,,,
1966-10-01,,,100584.0,,,,,,,,,,523230.0,,,,,,,,,,,,,,,,,,,,,,,,,,,,,,,,,,,,,,,,,,,,,,,,,,,,,,,,,,,,,,,,,,,,170622.0,4827537,,,,
1967-01-01,,,104511.0,,,,,,,,,,522051.0,,,,,,,,,,,,,,,,,,,,,,,,,,,,,,,,,,,,,,,,,,,,,,,,,,,,,,,,,,,,,,,,,,,,172902.0,4870299,,,,
1967-04-01,,,104361.0,,,,,,,,,,532927.0,,,,,,,,,,,,,,,,,,,,,,,,,,,,,,,,,,,,,,,,,,,,,,,,,,,,,,,,,,,,,,,,,,,,175314.0,4873287,,,,
1967-07-01,,,106321.0,,,,,,,,,,534607.0,,,,,,,,,,,,,,,,,,,,,,,,,,,,,,,,,,,,,,,,,,,,,,,,,,,,,,,,,,,,,,,,,,,,176021.0,4919392,,,,
1967-10-01,,,107244.0,,,,,,,,,,536936.0,,,,,,,,,,,,,,,,,,,,,,,,,,,,,,,,,,,,,,,,,,,,,,,,,,,,,,,,,,,,,,,,,,,,176978.0,4956477,,,,
1968-01-01,,,106290.0,,,,,,,,,,541513.0,,,,,,,,,,,,,,,,,,,,,,,,,,,,,,,,,,,,,,,,,,,,,,,,,,,,,,,,,,,,,,,,,,,,183476.0,5057553,,,,
1968-04-01,,,110382.0,,,,,,,,,,556071.0,,,,,,,,,,,,,,,,,,,,,,,,,,,,,,,,,,,,,,,,,,,,,,,,,,,,,,,,,,,,,,,,,,,,182717.0,5142033,,,,
1968-07-01,,,111842.0,,,,,,,,,,563816.0,,,,,,,,,,,,,,,,,,,,,,,,,,,,,,,,,,,,,,,,,,,,,,,,,,,,,,,,,,,,,,,,,,,,186277.0,5181859,,,,
1968-10-01,,,116009.0,,,,,,,,,,571623.0,,,,,,,,,,,,,,,,,,,,,,,,,,,,,,,,,,,,,,,,,,,,,,,,,,,,,,,,,,,,,,,,,,,,186998.0,5202212,,,,
1969-01-01,,,115207.0,,,,,,,,,,579449.0,,,,,,,,,,,,,,,,,,,,,,,,,,,,,,,,,,,,,,,,,,,,,,,,,,,,,,,,,,,,,,,,,,,,186620.0,5283597,,,,
1969-04-01,,,117490.0,,,,,,,,,,581833.0,,,,,,,,,,,,,,,,,,,,,,,,,,,,,,,,,,,,,,,,,,,,,,,,,,,,,,,,,,,,,,,,,,,,188017.0,5299625,,,,
1969-07-01,,,119438.0,,,,,,,,,,588288.0,,,,,,,,,,,,,,,,,,,,,,,,,,,,,,,,,,,,,,,,,,,,,,,,,,,,,,,,,,,,,,,,,,,,189030.0,5334600,,,,
1969-10-01,,,122188.0,,,,,,,,,,596601.0,,,,,,,,,,,,,,,,,,,,,,,,,,,,,,,,,,,,,,,,,,,,,,,,,,,,,,,,,,,,,,,,,,,,189939.0,5308556,,,,
1970-01-01,,,124730.0,,,,,,,,,,600288.0,,,,,,,,,,,,,,,,,,,,,,,,,,,,,,,,,,,,,,,,,,,,,,,,,,,,,,,,,,,,,,,,,,,,188748.0,5300652,,,,
1970-04-01,,,127239.0,,,,,,,,,,600338.0,,,,,,,,,,,,,,,,,,,,,,,,,,,,,,,,,,,,,,,,,,,,,,,,,,,,,,,,,,,,,,,,,,,,193258.0,5308164,,,,
1970-07-01,,,126971.0,,,,,,,,,,606551.0,,,,,,,,,,,,,,,,,,,,,,,,,,,,,,,,,,,,,,,,,,,,,,,,,,,,,,,,,,,,,,,,,,,,195099.0,5357077,,,,
1970-10-01,,,127574.0,,,,,,,,,,607472.0,,,,,,,,,,,,,,,,,,,,,,,,,,,,,,,,,,,,,,,,,,,,,,,,,,,,,,,,,,,,,,,,,,,,196872.0,5299672,,,,
1971-01-01,,,129120.0,,,,,,,,,,604347.0,,,,,,,,,,,,,,,,,,,,,,,,,,,,,,,,,,,,,,,,,,,,,,,,,,,,,,,,,,,,,,,,,,,,195942.0,5443619,,,,
1971-04-01,,,129679.0,,,,,,,,,,621993.0,,,,,,,,,,,,,,,,,,,,,,,,,,,,,,,,,,,,,,,,,,,,,,,,,,,,,,,,,,,,,,,,,,,,199456.0,5473059,,,,
1971-07-01,,,133749.0,,,,,,,,,,639182.0,,,,,,,,,,,,,,,,,,,,,,,,,,,,,,,,,,,,,,,,,,,,,,,,,,,,,,,,,,,,,,,,,,,,202884.0,5518072,,,,
1971-10-01,,,133315.0,,,,,,,,,,646168.0,,,,,,,,,,,,,,,,,,,,,,,,,,,,,,,,,,,,,,,,,,,,,,,,,,,,,,,,,,,,,,,,,,,,203687.0,5531032,,,,
1972-01-01,,,131699.0,,,,,,,,,,644006.0,,,,,,,,,,,,,,,,,,,,,,,,,,,,,,,,,,,,,,,,,,,,,,,,,,,,,,,,,,,,,,,,,,,,204098.0,5632649,,,,
1972-04-01,,,134652.0,,,,,,,,,,662263.0,,,,,,,,,,,,,,,,,,,,,,,,,,,,,,,,,,,,,,,,,,,,,,,,,,,,,,,,,,,,,,,,,,,,209482.0,5760470,,,,
1972-07-01,,,133970.0,,,,,,,,,,664228.0,,,,,,,,,,,,,,,,,,,,,,,,,,,,,,,,,,,,,,,,,,,,,,,,,,,,,,,,,,,,,,,,,,,,210040.0,5814854,,,,
1972-10-01,,,135385.0,,,,,,,,,,679830.0,,,,,,,,,,,,,,,,,,,,,,,,,,,,,,,,,,,,,,,,,,,,,,,,,,,,,,,,,,,,,,,,,,,,213318.0,5912220,,,,
1973-01-01,,,138882.0,,,,,,,,,,697278.0,,,,,,,,,,,,,,,,,,77537.0,,,,,,,,,,,,,,,,,,,,,,,,,,,,,,,,,,,,,,,,,,,,,,,,,,223780.0,6058544,,,,
1973-04-01,,,139150.0,,,,,,,,,,703930.0,,,,,,,,,,,,,,,,,,76875.0,,,,,,,,,,,,,,,,,,,,,,,,,,,,,,,,,,,,,,,,,,,,,,,,,,224213.0,6124506,,,,
1973-07-01,,,140556.0,,,,,,,,,,707203.0,,,,,,,,,,,,,,,,,,82081.0,,,,,,,,,,,,,,,,,,,,,,,,,,,,,,,,,,,,,,,,,,,,,,,,,,222122.0,6092301,,,,
1973-10-01,,,144060.0,,,,,,,,,,720247.0,,,,,,,,,,,,,,,,,,79398.0,,,,,,,,,,,,,,,,,,,,,,,,,,,,,,,,,,,,,,,,,,,,,,,,,,221266.0,6150131,,,,
1974-01-01,,,144086.0,,,,,,,,,,726208.0,,,,,,,,,,,,,,,,,,82311.0,,,,,,,,,,,,,,,,,,,,,,,,,,,,,,,,,,,,,,,,,,,,,,,,,,215122.0,6097258,,,,
1974-04-01,,,141169.0,,,,,,,,,,733657.0,,,,,,,,,,,,,,,,,,78857.0,,,,,,,,,,,,,,,,,,,,,,,,,,,,,,,,,,,,,,,,,,,,,,,,,,218215.0,6111751,,,,
1974-07-01,,,142853.0,,,,,,,,,,733798.0,,,,,,,,,,,,,,,,,,85380.0,,,,,,,,,,,,,,,,,,,,,,,,,,,,,,,,,,,,,,,,,,,,,,,,,,219517.0,6053978,,,,
1974-10-01,,,142990.0,,,,,,,,,,729975.0,,,,,,,,,,,,,,,,,,76638.0,,,,,,,,,,,,,,,,,,,,,,,,,,,,,,,,,,,,,,,,,,,,,,,,,,216301.0,6030464,,,,
1975-01-01,,,143554.0,,,,,,,,,,725998.0,,,,,,,,,,,,,,237727.0,,,,78575.0,,,,,,,,,,,,,,,,,,,,,,,,,,,,,,,,,,,,7546.0,,,,,,,,,,,,,,216390.0,5957035,,,,
1975-04-01,,,148090.0,,,,,,,,,,735312.0,,,,,,,,,,,,,,237076.0,,,,80552.0,,,,,,,,,,,,,,,,,,,,,,,,,,,,,,,,,,,,7682.0,,,,,,,,,,,,,,212882.0,5999610,,,,
1975-07-01,,,146467.0,,,,,,,,,,749419.0,,,,,,,,,,,,,,237162.0,,,,85333.0,,,,,,,,,,,,,,,,,,,,,,,,,,,,,,,,,,,,7837.0,,,,,,,,,,,,,,212192.0,6102326,,,,
1975-10-01,,,144251.0,,,,,,,,,,758091.0,,,,,,,,,,,,,,242059.0,,,,80715.0,,,,,,,,,,,,,,,,,,,,,,,,,,,,,,,,,,,,7948.0,,,,,,,,,,,,,,214585.0,6184530,,,,
1976-01-01,,,150625.0,,,,,,,,,,771302.0,,,,,,,,,,,,,,244436.0,,,,92276.0,,,,,,,,,,,,,,,,,,,,,,,,,,,,,,,,,,,,8170.0,,,,,,,,,,,,,,218180.0,6323649,,,,
1976-04-01,,,151095.0,,,,,,,,,,787935.0,,,,,,,,,,,,,,247810.0,,,,91112.0,,,,,,,,,,,,,,,,,,,,,,,,,,,,,,,,,,,,8247.0,,,,,,,,,,,,,,217883.0,6370025,,,,
1976-07-01,,,152317.0,,,,,,,,,,791573.0,,,,,,,,,,,,,,250549.0,,,,97819.0,,,,,,,,,,,,,,,,,,,,,,,,,,,,,,,,,,,,8408.0,,,,,,,,,,,,,,220587.0,6404895,,,,
1976-10-01,,,153640.0,,,,,,,,,,792852.0,,,,,,,,,,,,,,252236.0,,,,97262.0,,,,,,,,,,,,,,,,,,,,,,,,,,,,,,,,,,,,8496.0,,,,,,,,,,,,,,225228.0,6451177,,,,
1977-01-01,,,152806.0,,,,,,,,,,805013.0,,,,,,,,,,,,,,255139.0,,,,102234.0,,,,,,,,,,,,,,,,,,,,,,,,,,,,,,,,,,,,8684.0,,,,,,,,,,,,,,225362.0,6527703,,,,
1977-04-01,,,154973.0,,,,,,,,,,809121.0,,,,,,,,,,,,,,255962.0,,,,100624.0,,,,,,,,,,,,,,,,,,,,,,,,,,,,,,,,,,,,8864.0,,,,,,,,,,,,,,223815.0,6654466,,,,
1977-07-01,,,154310.0,,,,,,,,,,813877.0,,,,,,,,,,,,,,258288.0,,,,110230.0,,,,,,,,,,,,,,,,,,,,,,,,,,,,,,,,,,,,8954.0,,,,,,,,,,,,,,225295.0,6774457,,,,
1977-10-01,,,153818.0,,,,,,,,,,826774.0,,,,,,,,,,,,,,260391.0,,,,109179.0,,,,,,,,,,,,,,,,,,,,,,,,,,,,,,,,,,,,9104.0,,,,,,,,,,,,,,229115.0,6774592,,,,
1978-01-01,,,154908.0,,,,,,,,,,833914.0,,,,,,,,,,,,,,263824.0,,,,113530.0,,,,,,,,,,,,,,,,,,,,,,,295701.0,,,,,,,,,,,,,9177.0,,,,,,,,,,,,,,231258.0,6796260,,,,
1978-04-01,,,156183.0,,,,,,,,,,839590.0,,,,,,,,,,,,,,266635.0,,,,114585.0,,,,,,,,,,,,,,,,,,,,,,,300519.0,,,,,,,,,,,,,9396.0,,,,,,,,,,,,,,233910.0,7058920,,,,
1978-07-01,,,158559.0,,,,,,,,,,847422.0,,,,,,,,,,,,,,268767.0,,,,114249.0,,,,,,,,,,,,,,,,,,,,,,,304143.0,,,,,,,,,,,,,9762.0,,,,,,,,,,,,,,237107.0,7129915,,,,
1978-10-01,,,159870.0,,,,,,,,,,855457.0,,,,,,,,,,,,,,271679.0,,,,115143.0,,,,,,,,,,,,,,,,,,,,,,,304545.0,,,,,,,,,,,,,10028.0,,,,,,,,,,,,,,239186.0,7225750,,,,
1979-01-01,,,164253.0,,,,,,,,,,862282.0,,,,,,,,,,,,,,274054.0,,,,122427.0,,,,,,,,,,,,,,,,,,,,,,,302965.0,,,,,,,,,,,,,10053.0,,,,,,,,,,,,,,238472.0,7238727,,,,
1979-04-01,,,161618.0,,,,,,,,,,873721.0,,,,,,,,,,,,,,275524.0,,,,126044.0,,,,,,,,,,,,,,,,,,,,,,,312076.0,,,,,,,,,,,,,10385.0,,,,,,,,,,,,,,248867.0,7246454,,,,
1979-07-01,,,163125.0,,,,,,,,,,880126.0,,,,,,,,,,,,,,279153.0,,,,129863.0,,,,,,,,,,,,,,,,,,,,,,,320256.0,,,,,,,,,,,,,10575.0,,,,,,,,,,,,,,243369.0,7300281,,,,
1979-10-01,,,166270.0,,,,,,,,,,886031.0,,,,,,,,,,,,,,279886.0,,,,132106.0,,,,,,,,,,,,,,,,,,,,,,,323146.0,,,,,,,,,,,,,11026.0,,,,,,,,,,,,,,245858.0,7318535,,,,
1980-01-01,,,167016.0,,,,,,,,,,892183.0,,,,,,,,,,,,,,294593.0,,,,130647.0,,,,,,,,,,,,,,,,,,,,,,,335315.0,,,,,,,,,,,,,11206.0,,,,,,,88120.0,,,,,,,243513.0,7341557,,,,
1980-04-01,,,167448.0,,,,,,,,,,891793.0,,,,,,,,,,,,,,292304.0,,,,141055.0,,,,,,,,,,,,,,,,,,,,,,,328422.0,,,,,,,,,,,,,11432.0,,,,,,,90809.0,,,,,,,238722.0,7190289,,,,
1980-07-01,,,168343.0,,,,,,,,,,891052.0,,,,,,,,,,,,,,292624.0,,,,146659.0,,,,,,,,,,,,,,,,,,,,,,,322466.0,,,,,,,,,,,,,11687.0,,,,,,,90255.0,,,,,,,238432.0,7181743,,,,
1980-10-01,,,171235.0,,,,,,,,,,903381.0,,,,,,,,,,,,,,292122.0,,,,143509.0,,,,,,,,,,,,,,,,,,,,,,,329477.0,,,,,,,,,,,,,11983.0,,,,,,,94327.0,,,,,,,235866.0,7315677,,,,
1981-01-01,,,171903.0,,,,,,,,,,922843.0,,,,,,,,,,,,,,293116.0,,,,144709.0,,,,,,,,,,,,,,,,,,,,,,,335236.0,,,,,,,,,,,,,12338.0,,,,,,,89101.0,597718.0,,,,,,235712.0,7459022,,,,
1981-04-01,,,174550.0,,,,,,,,,,932933.0,,,,,,,,,,,,,,295124.0,,,,149885.0,,,,,,,,,,,,,,,,,,,,,,,336636.0,,,,,,,,,,,,,12724.0,,,,,,,92841.0,628045.0,,,,,,236272.0,7403745,,,,
1981-07-01,,,178082.0,,,,,,,,,,924545.0,,,,,,,,,,,,,,297089.0,,,,155970.0,,,,,,,,,,,,,,,,,,,,,,,332412.0,,,,,,,,,,,,,13002.0,,,,,,,92282.0,630398.0,,,,,,238846.0,7492405,,,,
1981-10-01,,,177353.0,,,,,,,,,,920293.0,,,,,,,,,,,,,,298809.0,,,,162956.0,,,,,,,,,,,,,,,,,,,,,,,332327.0,,,,,,,,,,,,,13259.0,,,,,,,95108.0,656434.0,,,,,,239131.0,7410768,,,,
1982-01-01,,,175927.0,,,,,,,,,,909761.0,,,,,,,,,,,,,,301301.0,,,,153037.0,,,,,,,,,,,,,,,,,,,,,,,334543.0,,,,,,,,,,,,,13430.0,,,,,,,89638.0,624718.0,,,,,,239578.0,7295631,,,,
1982-04-01,,,177481.0,,,,,,,,,,899287.0,,,,,,,,,,,,,,303478.0,,,,152128.0,,,,,,,,,,,,,,,,,,,,,,,334576.0,,,,,,,,,,,,,13644.0,,,,,,,91568.0,660700.0,,,,,,242095.0,7328912,,,,
1982-07-01,,,176312.0,,,,,,,,,,891312.0,,,,,,,,,,,,,,303345.0,,,,161074.0,,,,,,,,,,,,,,,,,,,,,,,334477.0,,,,,,,,,,,,,13848.0,,,,,,,90290.0,660153.0,,,,,,242639.0,7300896,,,,
1982-10-01,,,173506.0,,,,,,,,,,883087.0,,,,,,,,,,,,,,305185.0,,,,164991.0,,,,,,,,,,,,,,,,,,,,,,,335553.0,,,,,,,,,,,,,14052.0,,,,,,,93000.0,687884.0,,,,,,244317.0,7303817,,,,
1983-01-01,,,171801.0,,,,,,,,,,897519.0,,,,,,,,,,,,,,306371.0,,,,153876.0,,,,,,,,,,,,,,,,,,,,,,,342812.0,,,,,,,,,,,,,14418.0,,,,,,,89226.0,651390.0,,,,,,249032.0,7400066,,,,
1983-04-01,,,171456.0,,,,,,,,,,915225.0,,,,,,,,,,,,,,306457.0,,,,161683.0,,,,,,,,,,,,,,,,,,,,,,,346608.0,,,,,,,,,,,,,14726.0,,,,,,,91628.0,716106.0,,,,,,250761.0,7568456,,,,
1983-07-01,,,176264.0,,,,,,,,,,925507.0,,,,,,,,,,,,,,306879.0,,,,173369.0,,,,,,,,,,,,,,,,,,,,,,,351417.0,,,,,,,,,,,,,15032.0,,,,,,,91276.0,734683.0,,,,,,253655.0,7719746,,,,
1983-10-01,,,179188.0,,,,,,,,,,937013.0,,,,,,,,,,,,,,308676.0,,,,180268.0,,,,,,,,,,,,,,,,,,,,,,,351549.0,,,,,,,,,,,,,15484.0,,,,,,,94695.0,768900.0,,,,,,255533.0,7880794,,,,
1984-01-01,,,183676.0,,,,,,,,,,953242.0,,,,,,,,,,,,,,309940.0,,,,173087.0,,,,,,,,,,,,,,,,,,,,,,,360447.0,,,,,,,,,,,,,15974.0,,,,,,,91137.0,728835.0,,,,,,257683.0,8034847,,,,
1984-04-01,,,185771.0,,,,,,,,,,971741.0,,,,,,,,,,,,,,311345.0,,,,184719.0,,,,,,,,,,,,,,,,,,,,,,,362696.0,,,,,,,,,,,,,16164.0,,,,,,,93864.0,799706.0,,,,,,255100.0,8173670,,,,
1984-07-01,,,187452.0,,,,,,,,,,975919.0,,,,,,,,,,,,,,313378.0,,,,192020.0,,,,,,,,,,,,,,,,,,,,,,,373251.0,,,,,,,,,,,,,16355.0,,,,,,,94509.0,806316.0,,,,,,256975.0,8252465,,,,
1984-10-01,,,188679.0,,,,,,,,,,991150.0,,,,,,,,,,,,,,313120.0,,,,186305.0,,,,,,,,,,,,,,,,,,,,,,,381042.0,,,,,,,,,,,,,16413.0,,,,,,,98351.0,824734.0,,,,,,261627.0,8320199,,,,
1985-01-01,,,191410.0,,,,,,,,,,1006378.0,,,,,,,,,,,,,,314058.0,,,,183442.0,,,,,,,,,,,,,,,,,,,,,,,387316.0,,,,,,,,,,,,,16603.0,,,,,,,94862.0,770158.0,,,,,,264127.0,8400820,,,,
1985-04-01,,,195621.0,,,,,,,,,,1009615.0,,,,,,,,,,,,,,316786.0,,,,179992.0,,,,,,,,,,,,,,,,,,,,,,,381953.0,,,,,,,,,,,,,16148.0,,,,,,,98029.0,833615.0,,,,,,269787.0,8474787,,,,
1985-07-01,,,198226.0,,,,,,,,,,1022432.0,,,,,,,,,,,,,,318470.0,,,,187156.0,,,,,,,,,,,,,,,,,,,,,,,393146.0,,,,,,,,,,,,,15968.0,,,,,,,97344.0,835102.0,,,,,,269737.0,8604220,,,,
1985-10-01,,,197644.0,,,,,,,,,,1038020.0,,,,,,,,,,,,,,319993.0,,,,190804.0,,,,,,,,,,,,,,,,,,,,,,,396969.0,,,,,,,,,,,,,15797.0,,,,,,,101507.0,872608.0,,,,,,269896.0,8668188,,,,
1986-01-01,,,198953.0,,,,,,,,,,1037494.0,,,,,,,,,,,,,,321061.0,,,,184506.0,,,,,,,,,,,,,,,,,,,,,,,403938.0,,,,,,,,,,,,,15950.0,,,,,,,96464.0,848555.0,,,,,,272720.0,8749127,,,,
1986-04-01,,,198605.0,,,,,,,,,,1043457.0,,,,,,,,,,,,,,324480.0,,,,195212.0,,,,,,,,,,,,,,,,,,,,,,,398411.0,,,,,,,,,,,,,16156.0,,,,,,,100536.0,913226.0,,,,,,275136.0,8788524,,,,
1986-07-01,,,199149.0,,,,,,,,,,1044769.0,,,,,,,,,,,,,,326135.0,,,,218867.0,,,,,,,,,,,,,,,,,,,,,,,408904.0,,,,,,,,,,,,,16413.0,,,,,,,99258.0,937985.0,,,,,,276863.0,8872601,,,,
1986-10-01,,,202486.0,,,,,,,,,,1037206.0,,,,,,,,,,,,,,326466.0,,,,225132.0,,,,,,,,,,,,,,,,,,,,,,,411163.0,,,,,,,,,,,,,16834.0,,,,,,,102765.0,992935.0,,,,,,282193.0,8920193,,,,
1987-01-01,,,204434.0,,,,,,,,,,1061180.0,,,,,,,,,,,,,,326868.0,,,,208773.0,,,,,,,,,,,,,,,,,,,,,,,409617.0,,,,,,,,,,,,,17246.0,,,,,,,97518.0,959884.0,,,,,,284172.0,8986367,,,,
1987-04-01,,,207690.0,,,,,,,,,,1074774.0,,,,,,,,,,,,,,331768.0,,,,221660.0,,,,,,,,,,,,,,,,,,,,,26643.0,,418693.0,,,,,,,,,,,,,17794.0,,,,,,,100874.0,1043361.0,,,,,,288385.0,9083256,,,,
1987-07-01,,,211447.0,,,,,,,,,,1091195.0,,,,,,,,,,,,,,334011.0,,,,252116.0,,,,,,,,,,,,,,,,,,,,,26712.0,,407686.0,,,,,,,,,,,,,18413.0,,,,,,,101434.0,1065644.0,,,,,,295493.0,9162024,,,,
1987-10-01,,,215715.0,,,,,,,,,,1105292.0,,,,,,,,,,,,,,338946.0,,,,251508.0,,,,,,,,,,,,,,,,,,,,,26780.0,,415142.0,,,,,,,,,,,,,18948.0,,,,,,,105524.0,1094662.0,,,,,,298855.0,9319332,,,,
1988-01-01,,,216635.0,,,,,,,,,,1121396.0,,,,,,,,,,,,,,343094.0,,,,229016.0,,,,,,,,,,,,,,,,,,,,,26879.0,,414768.0,,,,,,,,,,,,,19161.0,,,,,,,101037.0,1043481.0,,,,,,303698.0,9367502,,,,
1988-04-01,,,216787.0,,,,,,,,,,1131347.0,,,,,,,,,,,,,,345988.0,,,,241517.0,,,,,,,,,,,,,,,,,,,,,26924.0,,408375.0,,,,,,,,,,,,,19936.0,,,,,,,103783.0,1118408.0,,,,,,305281.0,9490594,,,,
1988-07-01,,,218584.0,,,,,,,,,,1131515.0,,,,,,,,,,,,,,350392.0,,,,270410.0,,,,,,,,,,,,,,,,,,,,,27345.0,,411844.0,,,,,,,,,,,,,20467.0,,,,,,,104403.0,1149845.0,,,,,,309097.0,9546206,,,,
1988-10-01,,,222007.0,,,,,,,,,,1139280.0,,,,,,,,,,,,,,353284.0,,,,272616.0,,,,,,,,,,,,,,,,,,,,,27335.0,,412437.0,,,,,,,,,,,,,21002.0,,,,,,,109411.0,1185893.0,,,,,,311574.0,9673405,,,,
1989-01-01,,,224294.0,,,,,,,,,,1152444.0,,,,,,,,,,,,,,357368.0,,,,244715.0,,,,,,,,,,,,,,,,,,,,,27662.0,,409827.0,,,,,,,,,,,,,21030.0,,,,,,,105068.0,1138333.0,,,,,,313083.0,9771725,,,,
1989-04-01,,,229078.0,,,,,,,,,,1156927.0,,,,,,,,,,,,,,361765.0,,,,248634.0,,,,,,,,,,,,,,,,,,,,,27821.0,,414686.0,,,,,,,,,,,,,22232.0,,,,,,,109381.0,1221465.0,,,,,,315039.0,9846293,,,,
1989-07-01,,,230918.0,,,,,,,,,,1161104.0,,,,,,,,,,,,,,365757.0,,,,271143.0,,,,,,,,,,,,,,,,,,,,,26758.0,,418742.0,,,,,,,,,,,,,22488.0,,,,,,,109161.0,1250117.0,,,,,,315554.0,9919228,,,,
1989-10-01,,,230312.0,,,,,,,,,,1158793.0,,,,,,,,,,,,,,370998.0,,,,272145.0,,,,,,,,,,,,,,,,,,,,,27439.0,,421687.0,,,,,,,,,,,,,23001.0,,,,,,,113156.0,1279992.0,,,,,,315515.0,9938767,,,,
1990-01-01,,,232236.0,,,,,,,,,,1169937.0,,,,,,,,,,,,,35966.0,372060.0,,,,246921.0,,,,,,,,,,,,,,,,,,,,,27735.0,,420034.0,,,,,,,,,,,,,23950.0,,,,109315.0,,,111377.0,1222797.0,,,,,,317117.0,10047386,,,,
1990-04-01,,,232491.0,,,,,,,,,,1165243.0,,,,,,,,,,,,,35471.0,373997.0,,,,259703.0,,,,,,,,,,,,,,,,,,,,,27562.0,,424595.0,,,,,,,,,,,,,24201.0,,,,111753.0,,,113743.0,1270934.0,,,,,,319239.0,10083855,,,,
1990-07-01,,,231184.0,,,,,,,,,,1156892.0,,,,,,,,,,,,,34711.0,376243.0,,,,284513.0,,,,,,,,,,,,,,,,,,,,,27580.0,,420397.0,,,,,,,,,,,,,24472.0,,,,115366.0,,,112642.0,1302245.0,,,,,,315744.0,10090569,,,,
1990-10-01,,,232533.0,,,,,,,,,,1146591.0,,,,,,,,,,,,,34512.0,375593.0,,,,285209.0,,,,,,,,,,,,,,,,,,,,,28222.0,,431711.0,,,,,,,,,,,,,24864.0,,,,117712.0,,,115053.0,1364883.0,,,,,,314148.0,9998704,,,,
1991-01-01,,,229535.0,,,,,,,,,,1130096.0,,,,,,,,,43.2,,,,33839.0,376441.0,557517.0,,,261909.0,,,,,,,,,,,,,,,,,12843455.0,,,,27129.0,,435315.0,,,,,,,,,,,,,25458.0,,,,122126.0,,,110951.0,1308637.0,,,,,,312596.0,9951916,,,,
1991-04-01,,,229170.0,,,,,,,,,,1135520.0,,,,,,,,,40.7,,,,33434.0,377686.0,554566.0,,,273444.0,,,,,,,,,,,,,,,,,12983757.0,,,,26884.0,,437603.0,,,,,,,,,,,,,25819.0,,,,124155.0,,,112130.0,1380742.0,,,,,,312235.0,10029510,,,,
1991-07-01,,,230185.0,,,,,,,,,,1137026.0,,,,,,,,,37.8,,,,32746.0,379016.0,553356.0,,,299239.0,,,,,,,,,,,,,,,,,13049787.0,,,,27266.0,,436529.0,,,,,,,,,,,,,26244.0,,,,126819.0,,,111338.0,1422180.0,,,,,,311624.0,10080195,,,,
1991-10-01,,,230317.0,,,,,,,,,,1139024.0,,,,,,,,,41.1,,,,32362.0,381160.0,560468.0,,,303127.0,,,,,,,,,,,,,,,,,13282702.0,,,,27219.0,,439747.0,,,,,,,,,,,,,26456.0,,,,129994.0,,,114249.0,1481356.0,,,,,,312006.0,10115329,,,,
1992-01-01,,,232114.0,,,,,,,,,,1139828.0,,,,,,,,,46.3,,,,32466.0,384253.0,569054.0,,,278334.0,,,,,,,,,,,,,,,,,13278477.0,,,,27407.0,,449025.0,,,,,,,,,,,,,26919.0,,,,132308.0,,,111236.0,1446437.0,,,,,,311904.0,10236435,,,,
1992-04-01,,,233751.0,,,,,,,,,,1141127.0,,,,,,,,,46.4,,,,32101.0,384778.0,564666.0,,,291620.0,,,,,,,,,,,,,,,,,13461669.0,,,,27654.0,,451378.0,,,,,,,,,,,,,27242.0,,,,133237.0,,,112769.0,1498242.0,,,,,,311418.0,10347429,,,,
1992-07-01,,,236088.0,,,,,,,,,,1147308.0,,,,,,,,,42.3,,,,31839.0,384120.0,563683.0,,,319325.0,,,,,,,,,,,,,,,,,13655224.0,,,,27125.0,,457323.0,,,,,,,,,,,,,27974.0,,,,133327.0,,,111305.0,1535102.0,,,,,,312896.0,10449673,,,,
1992-10-01,,,241009.0,,,,,,,,,,1153845.0,,,,,,,,,46.0,,,,31614.0,383689.0,561867.0,,,319376.0,,,,,,,,,,,,,,,,,13651186.0,,,,27420.0,,454032.0,,,,,,,,,,,,,28725.0,,,,135408.0,,,113163.0,1577917.0,,,,,,315307.0,10558648,,,,
1993-01-01,,,242663.0,,,,,,,,,13752.0,1161171.0,,,,,,,,,49.2,,,,31688.0,381270.0,557801.0,,,296067.0,,,,,,,,,,,,,,,,,13798754.0,,,,28028.0,,451119.0,,,,,,,,,,,,,29363.0,,,2015139.0,138103.0,,587712.0,108855.0,1544362.0,1067301.0,,,,,316882.0,10576275,,,,
1993-04-01,,,244080.0,,,,,,,,,,1171748.0,,,,,,,,,50.3,,,,31627.0,380976.0,557649.0,,,309364.0,,,,,,,,,,,,,,,,,13804581.0,,,,28242.0,,458990.0,,,,,,,,,,,,,30627.0,,,2046649.0,141646.0,,595518.0,111711.0,1604467.0,1039924.0,,,,,318302.0,10637847,,,,
1993-07-01,,,244402.0,,,,,,,,,,1182954.0,,,,,,,,,46.7,,,,31808.0,381358.0,560902.0,,,338259.0,,,,,,,,,,,,,,,,,13965180.0,,,,29044.0,,468181.0,,,,,,,,,,,,,31161.0,,,2099214.0,144257.0,,600242.0,112075.0,1636111.0,1086494.0,,,,,321218.0,10688606,,,,
1993-10-01,,,248869.0,,,,,,,,,,1188014.0,,,,,,,,,48.2,,,,32048.0,382662.0,560524.0,,,339915.0,,,,,,,,,,,,,,,,,14052609.0,,,,29550.0,,484918.0,,,,,,,,,,,,,32391.0,,,2062979.0,147018.0,,601987.0,115266.0,1685527.0,1147308.0,,,,,323400.0,10833987,,,,
1994-01-01,,,252946.0,,,,,,,,,8965.0,1205531.0,,,,,,,,,51.5,,,,32261.0,385143.0,568298.0,,,319467.0,,,,,,,,109110.0,,,,,,,,,14191240.0,,,,30489.0,,479620.0,,,,,,,,,,,,,33391.0,,,2089351.0,151306.0,,608930.0,111823.0,1636858.0,1179517.0,,,,,326585.0,10939116,,,,
1994-04-01,,,255980.0,,,,,,,,,,1223130.0,,,,,,,,,50.6,,,,32541.0,388996.0,569660.0,,,330306.0,,,,,,,,107766.0,,,,,,,,,14515178.0,,,,30748.0,,490840.0,,,,,,,,,,,,,33773.0,,,2183532.0,153775.0,,615119.0,112016.0,1728014.0,1146232.0,,,,,329584.0,11087361,,,,
1994-07-01,,,257964.0,,,,,,,,,,1238811.0,,,,,,,,,47.2,,,,33284.0,392446.0,573594.0,,,353762.0,,,,,,,,112078.0,,,,,,,,,14597254.0,,,,30812.0,,484143.0,,,,,,,,,,,,,34809.0,,,2220300.0,156362.0,,620248.0,113139.0,1750480.0,1135828.0,,,,,332911.0,11152176,,,,
1994-10-01,,,260664.0,,,,,,,,,,1247810.0,,,,,,,,,50.1,,,,34122.0,395997.0,580554.0,,,357548.0,,,,,,,,117568.0,,,,,,,,,14754334.0,,,,31076.0,,503360.0,,,,,,,,,,,,,35324.0,,,2218284.0,162507.0,,631464.0,116616.0,1840588.0,1226603.0,,,,,334363.0,11279932,,,,
1995-01-01,,,260679.0,59817.0,,,,71086.0,,,12974.0,9853.0,1259275.0,,,,,7600.0,2818.0,696390.0,380563.0,52.7,,2325.8,2198087.0,33840.0,397289.0,578473.0,39214.0,,331860.0,5554158.0,,,,23309.0,136498.0,373226.0,110525.0,,,,2786.0,3951.0,6788.0,,,14073608.0,,,,31495.0,,499712.0,,,,,,198486.0,35220.0,,105543.0,,,590148.0,35181.0,8931.0,5923.0,2228904.0,165905.0,177501.0,639639.0,111697.0,1760277.0,1265610.0,,,,,336090.0,11319951,,,,
1995-04-01,,,261808.0,60197.0,,,,71385.0,,,14502.0,,1259810.0,,,,,7581.0,2871.0,709569.0,379474.0,53.1,,2302.8,2211176.0,34749.0,399834.0,582710.0,39585.0,,339985.0,5542464.0,,,,23588.0,139413.0,374398.0,110855.0,,,,2798.0,4035.0,6860.0,,,13227190.0,,,,32022.0,,504094.0,,,,,,202206.0,35635.0,,105548.0,,,610663.0,36239.0,9080.0,5954.0,2317284.0,169259.0,178613.0,642441.0,113806.0,1839816.0,1256367.0,,,,,336789.0,11353721,,,,
1995-07-01,,,267685.0,60432.0,,,,71813.0,,,14574.0,,1261475.0,,,,,7364.0,2865.0,718503.0,381057.0,50.9,,2295.0,2219567.0,34592.0,400433.0,583769.0,39798.0,,358249.0,5540699.0,,,,23767.0,140987.0,373621.0,115234.0,,,,2767.0,4036.0,6931.0,,,13509275.0,,,,32046.0,,516033.0,,,,,,207952.0,35790.0,,104532.0,,,570728.0,37676.0,9132.0,5974.0,2249613.0,172772.0,179336.0,644341.0,113995.0,1872485.0,1231962.0,,,,,340542.0,11450310,,,,
1995-10-01,,,267791.0,60944.0,,,,71961.0,,,15865.0,,1266566.0,,,,,7892.0,2858.0,723666.0,383845.0,54.0,,2321.9,2228755.0,34609.0,400306.0,583996.0,40029.0,,363297.0,5518395.0,,,,24143.0,141876.0,376846.0,121655.0,,,,2778.0,4118.0,7005.0,,,13818326.0,,,,32382.0,,522430.0,,,,,,210468.0,36032.0,,100020.0,,,536074.0,38043.0,9306.0,5992.0,2273244.0,176004.0,180677.0,652240.0,116277.0,1935396.0,1314936.0,,,,,341602.0,11528067,,,,
1996-01-01,,,272079.0,61188.0,,,,71816.0,,170920.0,16044.0,10434.0,1268404.0,,,,,8158.0,2895.0,736704.0,383903.0,58.1,,2342.7,2234150.0,35233.0,403288.0,579211.0,40246.0,,340074.0,5563724.0,,,,25143.0,143611.0,379565.0,114432.0,,,,2771.0,4171.0,7088.0,,,14141873.0,,,119388.0,32592.0,,530040.0,,,,,,214929.0,36317.0,,109208.0,,,602949.0,39338.0,9464.0,6055.0,2328131.0,179363.0,181754.0,656587.0,112746.0,1861851.0,1313862.0,,,,,343859.0,11614418,,,,
1996-04-01,,,273787.0,61706.0,,,,72320.0,,176709.0,15865.0,,1277434.0,,,,,8083.0,2879.0,741609.0,394299.0,55.3,,2382.6,2250290.0,35511.0,403876.0,587079.0,40477.0,,352380.0,5519728.0,,,,25480.0,146291.0,379583.0,114540.0,,,,2766.0,4158.0,6591.0,,,14293107.0,,,120719.0,32990.0,,529310.0,,,,,,219273.0,36753.0,,111012.0,,,614184.0,39287.0,9575.0,6091.0,2392328.0,182986.0,183107.0,651125.0,114338.0,1945604.0,1336374.0,,,,,344979.0,11808140,,,,
1996-07-01,,,276012.0,61893.0,,,,72653.0,,189844.0,15100.0,,1288163.0,,,,,7833.0,2874.0,745432.0,395414.0,53.2,,2458.4,2260181.0,35717.0,405506.0,589046.0,41027.0,,375331.0,5509238.0,,,,25248.0,148219.0,380006.0,118198.0,,,,2864.0,4294.0,7102.0,,,14502469.0,,,122410.0,33466.0,,547042.0,,,,,,221654.0,37251.0,,106444.0,,,612462.0,39277.0,9815.0,6171.0,2367498.0,186205.0,184678.0,653118.0,113882.0,1988578.0,1323012.0,,,,,348214.0,11914063,,,,
1996-10-01,,,278543.0,62010.0,,,,73226.0,,184113.0,14782.0,,1298369.0,,,,,8208.0,2907.0,745753.0,395548.0,56.7,,2508.0,2269666.0,36386.0,406876.0,593434.0,41462.0,,384943.0,5579365.0,,,,25607.0,150660.0,378838.0,125462.0,,,,3015.0,4325.0,7198.0,,,14961836.0,,,123280.0,33560.0,,538222.0,,,,,,213948.0,37357.0,,105074.0,,,622925.0,40335.0,10008.0,6281.0,2398230.0,189354.0,185641.0,658837.0,116958.0,2069505.0,1382117.0,,,,,352958.0,12037775,,,,
1997-01-01,,,280328.0,62343.0,,,,73960.0,,176732.0,13284.0,10852.0,1315766.0,,,,,8310.0,2914.0,742418.0,400513.0,61.1,,2599.0,2278601.0,36815.0,408169.0,590351.0,41699.0,,359984.0,5635886.0,,,,26953.0,152495.0,379993.0,117606.0,,,,2989.0,4405.0,7243.0,,,15016668.0,,,124625.0,33420.0,,552722.0,,,,,,227398.0,37971.0,,104254.0,,,629033.0,41567.0,10107.0,6310.0,2436241.0,190241.0,187535.0,664894.0,113363.0,1967790.0,1318993.0,,,,,358611.0,12115472,,,,
1997-04-01,,,288775.0,62540.0,,,,75104.0,,185109.0,13145.0,,1330573.0,,,,,8584.0,2934.0,740681.0,407392.0,62.2,,2709.0,2305997.0,37374.0,412283.0,597992.0,42414.0,,378729.0,5694678.0,,,,27949.0,152658.0,385205.0,115591.0,,,,3114.0,4536.0,7331.0,,,15364484.0,,,125922.0,34179.0,,566123.0,,,,,,230551.0,38316.0,,101682.0,,,636224.0,42937.0,10257.0,6448.0,2441023.0,196995.0,189247.0,672150.0,116658.0,2053195.0,1309139.0,,,,,362573.0,12317221,,,,
1997-07-01,,,289155.0,63369.0,,,,75766.0,,193245.0,13438.0,,1346347.0,,,,,8694.0,2988.0,736338.0,406242.0,57.9,,2782.0,2323781.0,38255.0,416189.0,599808.0,43090.0,,398877.0,5745142.0,,,,28315.0,152874.0,387935.0,119183.0,,,,3169.0,4651.0,7414.0,,,15690308.0,,,127752.0,34885.0,,565511.0,,,,,,231436.0,38814.0,,102844.0,,,681267.0,43615.0,10428.0,6507.0,2424792.0,198555.0,191501.0,676760.0,117209.0,2111471.0,1282881.0,,,,,365942.0,12471010,,,,
1997-10-01,,,293419.0,64003.0,,,,76188.0,,190996.0,12987.0,,1359358.0,,,,,8628.0,3024.0,734106.0,406186.0,62.0,,2869.0,2349707.0,39382.0,420593.0,604347.0,43501.0,,389224.0,5793110.0,,,,28867.0,155652.0,394652.0,124889.0,,,,3175.0,4760.0,7497.0,,,16131818.0,,,129391.0,34305.0,,573541.0,,,,,,235428.0,39075.0,,100990.0,,,682761.0,43259.0,10372.0,6536.0,2432193.0,197650.0,194117.0,691420.0,121048.0,2209052.0,1296888.0,,,,,371341.0,12577495,,,,
1998-01-01,,,295297.0,64456.0,,,,76386.0,,178513.0,14506.0,11360.0,1378552.0,,,,,8580.0,3072.0,734075.0,412310.0,66.5,,2892.0,2364972.0,39095.0,424694.0,609983.0,44023.0,,350368.0,5839904.0,,,,29721.0,158519.0,391689.0,115554.0,,,,3364.0,4859.0,7578.0,,,16376375.0,,,131136.0,34305.0,,579098.0,15253.0,,,,,240052.0,39641.0,,90577.0,,,683554.0,42144.0,10556.0,6573.0,2410019.0,184174.0,195828.0,693988.0,117313.0,2060866.0,1244216.0,,63.33,,,374037.0,12703742,,,59824.0,
1998-04-01,,,298186.0,65152.0,,,,76640.0,,187904.0,13558.0,,1379282.0,,,,,8701.0,3120.0,736088.0,409197.0,66.1,,2876.0,2375918.0,39884.0,428086.0,607411.0,44218.0,,356069.0,5932060.0,,,,30318.0,157704.0,394016.0,114276.0,,,,3343.0,4928.0,7844.0,,,16498082.0,,,132075.0,34169.0,,585695.0,,,,,,240086.0,40250.0,,97268.0,,,680795.0,41831.0,10557.0,6622.0,2435016.0,182686.0,198049.0,703451.0,121042.0,2140868.0,1145060.0,,69.26,,,376421.0,12821339,,,78451.0,
1998-07-01,,,303834.0,65640.0,,,,76864.0,,193932.0,13663.0,,1391850.0,,,,,8854.0,3186.0,736312.0,416715.0,61.2,,2873.0,2390840.0,40385.0,430496.0,610286.0,44372.0,,365893.0,5987721.0,,,,31429.0,159412.0,394497.0,117462.0,,,,3313.0,4974.0,7989.0,,,16580540.0,,,133202.0,34350.0,,575136.0,,,,,,242390.0,40696.0,,103528.0,,,674572.0,41486.0,10469.0,6678.0,2444432.0,185878.0,199922.0,706509.0,120663.0,2211687.0,1155997.0,,76.95,,,377650.0,12982752,,,75248.0,
1998-10-01,,,308581.0,65876.0,,,,77036.0,,188256.0,13461.0,,1410709.0,,,,,8878.0,3207.0,736783.0,418052.0,65.6,,2820.0,2395510.0,40743.0,433653.0,607789.0,44722.0,,364667.0,5988993.0,,,,30654.0,160078.0,392565.0,123914.0,,,,3225.0,4976.0,8038.0,,,16608567.0,,,134421.0,35220.0,,578092.0,,,,,,243138.0,41003.0,,105010.0,,,678157.0,42226.0,11262.0,6728.0,2458974.0,190517.0,202094.0,715516.0,123448.0,2278833.0,1265055.0,,73.12,,,380155.0,13191670,,,79985.0,
1999-01-01,,,310850.0,66272.0,,,,77841.0,,179883.0,13148.0,12803.0,1436180.0,,,,,8615.0,3251.0,736977.0,421839.0,68.1,,2799.0,2418238.0,41415.0,436538.0,614825.0,45063.0,,339699.0,5987582.0,,,,32584.0,160179.0,395043.0,114855.0,,,,3342.0,4892.0,8259.0,,,16751081.0,,,136662.0,35560.0,,583041.0,15303.0,,,,,245094.0,41548.0,,99889.0,,,667759.0,42973.0,10884.0,6826.0,2370452.0,196299.0,204122.0,723310.0,118856.0,2189895.0,1259716.0,,60.56,,,382789.0,13315597,,,81716.0,
1999-04-01,,,311920.0,67123.0,,,,78906.0,,187151.0,12800.0,,1448025.0,,,,,8776.0,3272.0,740322.0,424018.0,68.2,,2824.0,2431906.0,41635.0,439264.0,614825.0,45484.0,,357660.0,6053266.0,,,,32834.0,165461.0,396552.0,114143.0,,,,3287.0,4911.0,8437.0,,,16877610.0,,,138183.0,35823.0,,583307.0,,,,,,250228.0,41764.0,,100560.0,,,538883.0,44059.0,10698.0,7133.0,2457935.0,204903.0,206556.0,728189.0,121717.0,2295902.0,1206997.0,,66.6,,,384605.0,13426748,,,98327.0,
1999-07-01,,,315480.0,68253.0,,,,80052.0,,192737.0,12693.0,,1470722.0,,,,,8672.0,3312.0,747160.0,426638.0,67.2,,2853.0,2460692.0,41857.0,445670.0,621634.0,45658.0,,380534.0,6169721.0,,,,34120.0,166070.0,400093.0,117745.0,,,,3406.0,4850.0,8680.0,,,17038882.0,,,140086.0,36355.0,,595354.0,,,,,,255234.0,42174.0,,100386.0,,,619867.0,44902.0,10632.0,6952.0,2436432.0,210602.0,209304.0,733360.0,121916.0,2341175.0,1246015.0,,73.87,,,390758.0,13604771,,,97143.0,
1999-10-01,,,320845.0,68479.0,,,,81000.0,,192337.0,12002.0,,1491326.0,,,,,8688.0,3379.0,755519.0,432606.0,71.3,,2927.0,2488718.0,42214.0,451792.0,626778.0,46388.0,,395125.0,6239019.0,,,,34896.0,169297.0,405648.0,122890.0,,,,3518.0,4860.0,8644.0,,,17208018.0,,,142056.0,36716.0,,605646.0,,,,,,259013.0,42416.0,,99350.0,,,634060.0,45277.0,10584.0,7069.0,2472065.0,216680.0,211652.0,747352.0,128001.0,2450447.0,1317543.0,,72.35,,,396357.0,13827980,,,96577.0,
2000-01-01,,,322161.0,69132.0,,,,81576.0,4691.0,187799.0,13215.0,14175.0,1514676.0,,,,,8951.0,3414.0,765567.0,436824.0,72.6,,3038.0,2518248.0,43473.0,455551.0,635725.0,46564.0,26489.0,375974.0,6295731.0,,,,35274.0,171422.0,410635.0,118542.0,,,,3551.0,4965.0,9092.0,,,17568248.0,,,142941.0,37634.0,,786735.0,16306.0,6031620.0,,,1653296.0,260725.0,43360.0,,98024.0,,,667163.0,46764.0,10697.0,7170.0,2475064.0,220786.0,215049.0,752176.0,124220.0,2321745.0,1346757.0,10177.0,62.48,,,401242.0,13878147,,,100347.0,
2000-04-01,,,325138.0,69630.0,,,,82163.0,4693.0,194597.0,13338.0,,1532503.0,,,,,8866.0,3534.0,772895.0,441797.0,72.3,,3114.0,2543063.0,43808.0,460246.0,640869.0,46993.0,26539.0,384179.0,6356319.0,,,,36245.0,177763.0,413417.0,117401.0,,,,3539.0,5015.0,8972.0,,,17786390.0,,,144537.0,37300.0,,777279.0,,,,,1729789.0,263600.0,43131.0,,106490.0,,,674673.0,47666.0,10803.0,7251.0,2506880.0,223728.0,217755.0,771672.0,126545.0,2439856.0,1279194.0,10284.0,71.21,,,404196.0,14130908,,,121185.0,
2000-07-01,,,325927.0,70049.0,,,,82544.0,4700.0,201535.0,13450.0,,1548212.0,,,,,8954.0,3504.0,782951.0,443018.0,70.2,,3152.0,2557888.0,44494.0,463985.0,640567.0,47871.0,26685.0,408019.0,6413598.0,,,,37024.0,183384.0,416296.0,120532.0,,,,3648.0,5091.0,9129.0,,,17983334.0,,,145730.0,37460.0,,783542.0,,,,,1709413.0,264462.0,43763.0,,101654.0,,,663302.0,49242.0,10868.0,7340.0,2542893.0,229891.0,220107.0,777549.0,127175.0,2509500.0,1276273.0,10517.0,80.23,,,406795.0,14145312,,,115358.0,
2000-10-01,,,324746.0,70999.0,,,,83351.0,4743.0,201180.0,13572.0,,1551274.0,,,,,9009.0,3550.0,786658.0,447349.0,72.6,,3223.0,2574518.0,44967.0,466861.0,638675.0,48550.0,26942.0,417729.0,6537739.0,,,,37248.0,183807.0,422773.0,126142.0,,,,3604.0,5169.0,9182.0,,,17778772.0,,,147624.0,37728.0,,783798.0,,,,,1892885.0,269380.0,44056.0,,103142.0,,,606285.0,49549.0,10930.0,7391.0,2527160.0,229145.0,222349.0,775261.0,131965.0,2592128.0,1352158.0,10737.0,78.64,,,409411.0,14229765,,,114425.0,
2001-01-01,,,328074.0,70820.0,,,,83398.0,4793.0,194326.0,13679.0,15230.0,1560006.0,,,,,9102.0,3552.0,795974.0,442492.0,72.7,,3270.0,2596956.0,45187.0,468997.0,651518.0,49152.0,27282.0,383681.0,6580186.0,,,,37853.0,181961.0,424978.0,121548.0,,,,3687.0,5293.0,9332.0,,,17888372.0,,,147784.0,37400.0,,794401.0,17037.0,6246009.0,,,1693209.0,268377.0,43918.0,,105249.0,,,687174.0,49194.0,11007.0,7457.0,2544724.0,231954.0,224721.0,777540.0,127050.0,2355414.0,1378078.0,10809.0,63.88,385057.0,,413054.0,14183120,,,114347.0,
2001-04-01,,,330872.0,70648.0,,,,83413.0,4803.0,199123.0,13812.0,,1564912.0,,,,,9198.0,3601.0,797840.0,444653.0,73.4,,3274.0,2600228.0,45241.0,469788.0,651291.0,49022.0,27376.0,388408.0,6633305.0,,,,38575.0,180316.0,423795.0,118633.0,,,,3858.0,5312.0,9216.0,,,17759160.0,,,148532.0,38613.0,,793230.0,,,,,1786322.0,267526.0,44343.0,,104753.0,,,685887.0,47930.0,11124.0,7507.0,2539418.0,234966.0,226396.0,778321.0,129773.0,2377641.0,1326723.0,10824.0,66.33,426006.0,,414878.0,14271694,,,147580.0,
2001-07-01,,,334560.0,70696.0,,,,83254.0,4820.0,202464.0,13994.0,,1563812.0,,,,,9260.0,3701.0,801305.0,448645.0,73.1,,3342.0,2605723.0,45527.0,472698.0,649929.0,49817.0,27162.0,408503.0,6692747.0,,,,38432.0,178385.0,422050.0,120260.0,,,,3771.0,5419.0,9349.0,,,17723924.0,,,148790.0,38546.0,,801332.0,,,,,1762583.0,268843.0,44408.0,,108566.0,,,698226.0,46879.0,11166.0,7548.0,2586181.0,238139.0,228506.0,781286.0,129156.0,2407619.0,1322686.0,10787.0,74.61,556159.0,,417085.0,14214516,,,142464.0,
2001-10-01,,,338710.0,71018.0,,,,83171.0,4865.0,200110.0,14180.0,,1573191.0,,,,,9316.0,3701.0,807188.0,447760.0,75.6,,3390.0,2607794.0,45399.0,470716.0,649324.0,49949.0,27739.0,414204.0,6742975.0,,,,39178.0,177718.0,421287.0,124038.0,,,,3898.0,5547.0,9593.0,,,17569366.0,,,149270.0,39067.0,,807122.0,,,,,1956270.0,268921.0,45029.0,,111228.0,,,719070.0,47181.0,11409.0,7611.0,2606214.0,242336.0,230061.0,787784.0,131961.0,2584319.0,1407869.0,10878.0,70.6,508415.0,,418445.0,14253574,,,138850.0,
2002-01-01,,,341228.0,71757.0,,,,83886.0,4967.0,195252.0,14402.0,16232.0,1596194.0,,,,,9516.0,3712.0,805635.0,447610.0,77.1,,3414.0,2612276.0,45696.0,473488.0,645995.0,50357.0,27683.0,381451.0,6897737.0,,,,39756.0,179223.0,422232.0,119181.0,,,,3893.0,5554.0,9633.0,,,17462826.0,,,148359.0,39512.0,,802816.0,16849.0,6402680.0,,,1758847.0,270683.0,45109.0,,111978.0,,,722845.0,48590.0,11445.0,7705.0,2653855.0,248502.0,231052.0,786673.0,126813.0,2398266.0,1441030.0,10876.0,63.21,407243.0,,419534.0,14372785,,,131998.0,
2002-04-01,,,347237.0,72069.0,,,,84604.0,5041.0,203699.0,14625.0,,1605625.0,,,,,9652.0,3785.0,809676.0,447565.0,78.4,,3534.0,2627199.0,46148.0,475447.0,648794.0,51484.0,28355.0,390335.0,6934055.0,,,,40308.0,179289.0,423723.0,118296.0,,,,4050.0,5727.0,9803.0,,,17640854.0,,,148876.0,39847.0,,816630.0,,,,,1851705.0,272609.0,44900.0,,114696.0,,,734316.0,50000.0,11560.0,7721.0,2676291.0,253006.0,232949.0,798831.0,129840.0,2538134.0,1411214.0,10935.0,71.46,446362.0,,421587.0,14460848,,,164434.0,
2002-07-01,,,348103.0,72302.0,,,,85057.0,5089.0,210916.0,14842.0,,1619509.0,,,,,9847.0,3758.0,814796.0,449087.0,75.9,,3604.0,2638812.0,46040.0,477715.0,651972.0,51781.0,28971.0,418116.0,6996923.0,,,,41026.0,179325.0,424484.0,121388.0,,,,4094.0,5828.0,9650.0,,,17814060.0,,,149107.0,40614.0,,806558.0,,,,,1809767.0,275241.0,44696.0,,113509.0,,,754594.0,50041.0,11820.0,7800.0,2726642.0,258121.0,234386.0,803813.0,129337.0,2576634.0,1414291.0,10967.0,79.66,583634.0,,424425.0,14519633,,,153902.0,
2002-10-01,,,350961.0,71956.0,,,,85375.0,5150.0,210461.0,14995.0,,1628404.0,,,,,9979.0,3843.0,820226.0,447605.0,76.6,,3631.0,2643829.0,46564.0,477738.0,651064.0,52180.0,28663.0,431315.0,7082355.0,,,,41710.0,179293.0,425887.0,125818.0,,,,4260.0,5916.0,9616.0,,,17851392.0,,,149330.0,41493.0,,814108.0,,,,,2045576.0,276588.0,44362.0,,115339.0,,,756062.0,49966.0,11898.0,7922.0,2721260.0,260953.0,236140.0,805047.0,131573.0,2745023.0,1503042.0,11092.0,78.74,536860.0,,427725.0,14537580,,,145911.0,
2003-01-01,,,351593.0,72521.0,,,,85150.0,5171.0,200460.0,15206.0,17613.0,1637464.0,,,,,10118.0,3834.0,828893.0,450004.0,77.1,,3714.0,2638327.0,46235.0,478210.0,641399.0,53267.0,29144.0,396226.0,7136000.0,,,,41436.0,181833.0,424612.0,121044.0,,,,4286.0,6174.0,9604.0,,,17838596.0,,,149356.0,41629.0,,815319.0,16400.0,6772565.0,,,1840079.0,277671.0,44409.0,,113000.0,,,763733.0,50602.0,12109.0,7910.0,2779762.0,259233.0,238352.0,814545.0,126152.0,2522316.0,1550742.0,11090.0,67.78,445157.0,,430832.0,14614141,,,133856.0,
2003-04-01,,,353166.0,72593.0,,,,85332.0,5202.0,205291.0,15357.0,,1635089.0,,,,,10273.0,3822.0,837607.0,445819.0,75.8,,3800.0,2641744.0,46900.0,476984.0,642080.0,54210.0,29334.0,388137.0,7212953.0,,,,41803.0,180881.0,424162.0,119976.0,,,,4390.0,6266.0,9845.0,,,17871788.0,,,148840.0,41824.0,,812105.0,,,,,1932976.0,282402.0,44014.0,,117050.0,,,776325.0,49922.0,12292.0,7957.0,2816680.0,258834.0,239608.0,809620.0,128184.0,2508933.0,1500109.0,11418.0,74.22,497232.0,,434837.0,14743567,,,168831.0,
2003-07-01,,,359072.0,72801.0,,,,85681.0,5273.0,212237.0,15540.0,,1641202.0,,,,,10341.0,3894.0,846561.0,447350.0,74.4,,3837.0,2658826.0,47461.0,481559.0,646997.0,54550.0,29759.0,434798.0,7298515.0,,,,41964.0,182229.0,423874.0,122908.0,,,,4484.0,6443.0,9950.0,,,17877188.0,,,148972.0,42340.0,,821543.0,,,,,1909701.0,285996.0,44405.0,,117789.0,,,774538.0,52759.0,12340.0,8059.0,2831426.0,263836.0,241189.0,821425.0,129327.0,2715941.0,1511005.0,11634.0,84.23,616815.0,,438710.0,14988782,,,158116.0,
2003-10-01,,,365361.0,72899.0,,,,86277.0,5387.0,211700.0,15850.0,,1652484.0,,,,,10445.0,3944.0,853521.0,455684.0,76.6,,3938.0,2677877.0,47548.0,483676.0,648813.0,55716.0,30604.0,451605.0,7371211.0,,,,44392.0,183427.0,427812.0,128197.0,,,,4542.0,6558.0,10324.0,,,18040052.0,,,149770.0,43004.0,,821761.0,,,,,2162922.0,288117.0,44573.0,,117868.0,,,783123.0,54270.0,12549.0,8107.0,2890212.0,270800.0,243245.0,826574.0,133731.0,2944232.0,1622511.0,11792.0,84.3,602749.0,,442172.0,15162760,,,154232.0,
2004-01-01,,460369.0,368052.0,73672.0,,,,87570.0,5401.0,208234.0,16049.0,19434.0,1664500.0,,,,,10610.0,4002.0,862578.0,457879.0,76.4,,4029.0,2694683.0,48155.0,488471.0,647678.0,56735.0,31180.0,427560.0,7494686.0,,,,44057.0,186110.0,428822.0,124842.0,,,,4695.0,6620.0,10258.0,,,18281508.0,,,151125.0,44083.0,,851785.0,16611.0,7283681.0,,,1972128.0,294719.0,44975.0,,122218.0,,,818444.0,55876.0,12712.0,8228.0,2974761.0,274198.0,244725.0,841913.0,129882.0,2697156.0,1651929.0,12015.0,74.63,503346.0,,443853.0,15248680,,,141160.0,
2004-04-01,,514396.0,370640.0,74275.0,,,,88412.0,5527.0,218241.0,16362.0,,1684222.0,,,,,10639.0,4038.0,873213.0,460605.0,77.8,,4002.0,2711868.0,48569.0,491241.0,651007.0,56724.0,31444.0,435203.0,7576627.0,,,,45341.0,188579.0,430240.0,122559.0,,,,4757.0,6744.0,10270.0,,,18525520.0,,,151846.0,44100.0,,853237.0,,,,,2077812.0,297193.0,45232.0,,125616.0,,,825421.0,56744.0,12795.0,8289.0,3038610.0,276292.0,247131.0,844977.0,133003.0,2779814.0,1594896.0,12089.0,82.92,560203.0,,446443.0,15366850,,,167170.0,
2004-07-01,,481152.0,373248.0,75068.0,,,,89183.0,5662.0,226157.0,16702.0,,1704135.0,,,,,10726.0,4087.0,885925.0,461690.0,77.0,,4092.0,2720264.0,49096.0,493050.0,649645.0,57481.0,31322.0,464828.0,7667202.0,,,,44870.0,191192.0,430022.0,125924.0,,,,4782.0,6788.0,10510.0,,,18509460.0,,,152073.0,44137.0,,845074.0,,,,,2029119.0,296972.0,45250.0,,130886.0,,,841191.0,57157.0,13092.0,8366.0,3079442.0,277412.0,249457.0,851985.0,132734.0,2907455.0,1596306.0,12311.0,91.43,703456.0,,448171.0,15512619,,,156447.0,
2004-10-01,,484544.0,376142.0,75245.0,,,,89501.0,5779.0,224845.0,16937.0,,1716434.0,,,,,10926.0,4145.0,902455.0,466680.0,80.5,,4177.0,2732399.0,49835.0,496210.0,649116.0,57262.0,32301.0,488532.0,7693384.0,,,,46232.0,193388.0,431433.0,129558.0,,,,4896.0,6944.0,10396.0,,,18707620.0,,,152404.0,44248.0,,851940.0,,,,,2282020.0,300043.0,45116.0,,133750.0,,,892873.0,58475.0,13293.0,8401.0,3101112.0,279515.0,251133.0,858704.0,135754.0,3050226.0,1730192.0,12383.0,91.15,656734.0,,450464.0,15670880,,,150368.0,
2005-01-01,,493603.0,378995.0,75176.0,,,,89972.0,5620.0,216947.0,17290.0,22009.0,1722445.0,,,126304.0,,10773.0,4197.0,917981.0,464987.0,82.9,,4250.0,2738706.0,50328.0,497577.0,649059.0,56925.0,32823.0,454823.0,7767200.0,,,,46815.0,195575.0,430282.0,126229.0,,,,5016.0,7095.0,10310.0,,,18753116.0,,,152896.0,44333.0,,867126.0,17025.0,7758488.0,,,2071140.0,302210.0,45464.0,,132170.0,,,853498.0,58908.0,13457.0,8479.0,3159864.0,281893.0,253598.0,863055.0,131801.0,2798642.0,1715539.0,12341.0,81.94,529052.0,,453784.0,15844727,,,140105.0,
2005-04-01,,581668.0,380889.0,76165.0,,,,90511.0,5759.0,228007.0,17533.0,,1734894.0,,,128761.0,,11196.0,4240.0,931949.0,474142.0,84.6,,4419.0,2757216.0,49726.0,498650.0,652539.0,57061.0,33141.0,466982.0,7924599.0,,,,48016.0,197435.0,433909.0,124613.0,,,,5137.0,7208.0,10394.0,,,18744862.0,,,153972.0,45439.0,,870887.0,,,,,2195369.0,303534.0,45631.0,,132806.0,,,880963.0,60391.0,13740.0,8618.0,3193965.0,287213.0,255852.0,868020.0,136267.0,2913818.0,1663994.0,12574.0,89.35,581043.0,,457557.0,15922782,,,158492.0,
2005-07-01,,514698.0,384920.0,76645.0,,,,90869.0,5879.0,230941.0,17763.0,,1755919.0,,,128746.0,,11309.0,4288.0,945929.0,474670.0,85.6,,4525.0,2779794.0,50446.0,501992.0,658062.0,57854.0,33718.0,503596.0,7981674.0,,,,47390.0,199731.0,437002.0,128461.0,,,,5393.0,7402.0,10604.0,,,18943424.0,,,156040.0,45526.0,,876868.0,,,,,2117985.0,309322.0,45416.0,,134255.0,,,904348.0,61871.0,13964.0,8697.0,3258866.0,291536.0,258327.0,878879.0,136886.0,3054716.0,1672102.0,12718.0,98.81,714612.0,,461135.0,16047587,,,148284.0,
2005-10-01,,522255.0,387994.0,77321.0,,,,91566.0,6000.0,229680.0,18056.0,,1773358.0,,,131042.0,,11432.0,4338.0,963409.0,476211.0,88.0,,4629.0,2798602.0,50591.0,505191.0,661239.0,58144.0,34204.0,524900.0,8071129.0,,,,49197.0,203501.0,437171.0,132650.0,,,,5599.0,7540.0,11154.0,,,19294272.0,,,157024.0,45557.0,,878504.0,,,,,2389831.0,314745.0,45476.0,,139021.0,,,926120.0,63864.0,14168.0,8853.0,3298902.0,294488.0,260914.0,884581.0,141029.0,3283049.0,1796955.0,12866.0,100.88,671681.0,,465451.0,16136734,,,142355.0,
2006-01-01,,532348.0,388523.0,78206.0,,,,92129.0,5915.0,226230.0,18339.0,24380.0,1787756.0,,,133976.0,,11485.0,4377.0,981106.0,482195.0,91.1,,4735.0,2824720.0,51853.0,508969.0,667651.0,60039.0,35051.0,495772.0,8129906.0,,,,49726.0,207039.0,437855.0,129409.0,,1996.6,,5549.0,7603.0,11163.0,,,19668104.0,,,158003.0,45957.0,,886996.0,17940.0,8216160.0,,,2164381.0,319532.0,45848.0,,143229.0,,,913743.0,64987.0,14505.0,8919.0,3415405.0,299315.0,263916.0,898229.0,138110.0,2968079.0,1810063.0,13049.0,87.37,554437.0,,467840.0,16353835,,,132251.0,
2006-04-01,,614076.0,389422.0,78435.0,,,,92456.0,6076.0,233213.0,18657.0,,1788650.0,,,136055.0,,11670.0,4468.0,1000218.0,496576.0,93.3,,4835.0,2859361.0,51980.0,514263.0,679075.0,60223.0,34863.0,495491.0,8251994.0,,,,50085.0,210347.0,441119.0,126299.0,,2063.0,,5825.0,7778.0,11195.0,,,19845200.0,,,160369.0,45759.0,,887912.0,,,,,2325314.0,326962.0,46290.0,,144007.0,,,930692.0,65714.0,14844.0,9111.0,3484508.0,301502.0,266491.0,913274.0,141599.0,3078166.0,1738304.0,13203.0,97.59,622372.0,,469655.0,16396151,,,151108.0,
2006-07-01,,562979.0,395148.0,79405.0,,,,93270.0,6225.0,241316.0,19049.0,,1793685.0,,,138624.0,,11845.0,4481.0,1012367.0,493265.0,92.1,,4945.0,2878300.0,52474.0,515112.0,684295.0,60511.0,35687.0,535777.0,8295659.0,,,,50568.0,209154.0,443304.0,128657.0,,2121.2,,6023.0,7912.0,11250.0,,,19893918.0,,,161328.0,46598.0,,895446.0,,,,,2217593.0,332231.0,46238.0,,146899.0,,,941524.0,66961.0,15127.0,9266.0,3491661.0,306368.0,268969.0,924202.0,142129.0,3274244.0,1746759.0,13327.0,104.86,768289.0,,470918.0,16420738,,,142003.0,
2006-10-01,,572794.0,400077.0,80168.0,,,,94329.0,6311.0,240694.0,19362.0,,1800828.0,,,140781.0,,11983.0,4540.0,1025996.0,491928.0,95.9,,5068.0,2907932.0,52886.0,518278.0,694660.0,62049.0,37078.0,560418.0,8377295.0,,,,50978.0,212210.0,449120.0,134614.0,,2180.3,,6297.0,8128.0,11414.0,,,19963408.0,,,162658.0,46951.0,,909021.0,,,,,2533516.0,327396.0,46567.0,,147731.0,,,961515.0,69558.0,15553.0,9475.0,3631168.0,308755.0,271521.0,930173.0,146386.0,3425106.0,1893689.0,13569.0,107.28,737018.0,,473372.0,16561866,,,138765.0,
2007-01-01,,576847.0,405787.0,80955.0,,5163832.0,,95666.0,6480.0,237982.0,19641.0,26870.0,1812321.0,,53480.0,143081.0,,12245.0,4620.0,1043529.0,493558.0,97.4,,5236.0,2929430.0,53908.0,522330.0,695114.0,61562.0,37091.0,524894.0,8266751.0,,,,53499.0,216553.0,447871.0,132214.0,,2231.8,,6394.0,8412.0,11987.0,,,20098606.0,,,164522.0,47303.0,,913997.0,18738.0,8613232.0,21296.0,74911.0,2297797.0,342021.0,47057.0,,153812.0,,,977549.0,70567.0,15880.0,9632.0,3616553.0,313924.0,274020.0,938653.0,142567.0,3135562.0,1928792.0,13961.0,93.67,613191.0,,477823.0,16611690,,,126199.0,
2007-04-01,,674621.0,408367.0,81827.0,,,,96103.0,6470.0,248459.0,20021.0,,1829823.0,,59217.0,145246.0,,12356.0,4664.0,1052025.0,491347.0,99.1,,5256.0,2950054.0,54877.0,525883.0,701015.0,63355.0,37630.0,526071.0,8261877.0,,,,52947.0,219739.0,448931.0,128525.0,,2268.4,,6527.0,8627.0,12252.0,,,20237994.0,,,165364.0,47968.0,,913984.0,,,,81059.0,2484417.0,346584.0,47266.0,,154116.0,,,989448.0,72210.0,16273.0,9770.0,3732670.0,319356.0,276493.0,943952.0,147441.0,3297423.0,1829463.0,14171.0,100.88,682732.0,,481314.0,16713314,,,150428.0,
2007-07-01,,610426.0,412970.0,82124.0,,,,96845.0,6521.0,255482.0,20279.0,,1836679.0,,61099.0,148164.0,,12392.0,4695.0,1066830.0,495964.0,100.0,,5267.0,2965319.0,55381.0,528083.0,704570.0,62960.0,38227.0,571717.0,8302721.0,,,,51708.0,224334.0,449677.0,130504.0,,2315.2,,6648.0,8858.0,12162.0,,,20311028.0,,,167211.0,48462.0,,923683.0,,,,79962.0,2362773.0,352610.0,47363.0,,155069.0,,,997093.0,74131.0,16659.0,9972.0,3755982.0,323105.0,278615.0,951400.0,148274.0,3535273.0,1842192.0,14207.0,108.81,802110.0,,484544.0,16809588,,,142317.0,
2007-10-01,,625877.0,414770.0,82852.0,,,,97238.0,6488.0,256675.0,20711.0,,1839093.0,,67399.0,149966.0,,12366.0,4797.0,1080686.0,500953.0,103.5,,5235.0,2983649.0,56112.0,529248.0,709110.0,62648.0,38559.0,599727.0,8329482.0,,,,53693.0,228011.0,448228.0,135438.0,,2330.4,,6573.0,9011.0,12258.0,,,20358060.0,,,169474.0,48697.0,,932013.0,,,,83761.0,2698252.0,357236.0,47893.0,,160528.0,,,1025644.0,74448.0,17720.0,10007.0,3724527.0,330074.0,280371.0,962406.0,152196.0,3650481.0,1979091.0,14374.0,114.16,787748.0,,487413.0,16915192,,,141188.0,
2008-01-01,,616720.0,419059.0,83446.0,,5474373.0,,97658.0,6849.0,252636.0,21049.0,28668.0,1840473.0,,59640.0,150969.0,,12716.0,4846.0,1085801.0,500745.0,104.4,,5119.0,2999778.0,56043.0,531858.0,713649.0,63031.0,39300.0,561823.0,8416743.0,,,,52154.0,228647.0,453499.0,132805.0,,2349.7,,6697.0,8966.0,12390.0,,,20371754.0,,,170029.0,48417.0,,925173.0,20275.0,8759778.0,23395.0,82326.0,2393607.0,362363.0,47897.0,,166590.0,,,1047559.0,76343.0,17217.0,10192.0,3848249.0,331402.0,280991.0,954378.0,148063.0,3375756.0,1992940.0,14698.0,99.49,665014.0,,489783.0,16843004,,,132575.0,
2008-04-01,,711406.0,420296.0,84148.0,,,,97720.0,6819.0,264202.0,21299.0,,1847179.0,,65700.0,151291.0,,12764.0,4898.0,1093614.0,496124.0,106.5,,5171.0,2991786.0,55593.0,528699.0,711984.0,62628.0,39921.0,547136.0,8458112.0,,,,51082.0,229117.0,448970.0,128008.0,,2360.9,,6461.0,9026.0,12253.0,,,20497212.0,,,170866.0,47703.0,,925553.0,,,,89602.0,2602999.0,364435.0,47661.0,,170949.0,,,1060492.0,74425.0,17434.0,10300.0,3851366.0,333137.0,281316.0,953611.0,153576.0,3483881.0,1893939.0,14662.0,103.35,725062.0,,487386.0,16943292,,,159701.0,
2008-07-01,,647088.0,423222.0,83541.0,,,,97149.0,6865.0,273317.0,21542.0,,1862358.0,,66919.0,153013.0,,12575.0,4873.0,1096280.0,493226.0,100.0,,5174.0,2978326.0,55785.0,527983.0,707370.0,62567.0,39642.0,577115.0,8437020.0,,,,50946.0,229844.0,443405.0,129207.0,,2345.7,,6198.0,8914.0,12152.0,,,20525218.0,,,170658.0,47711.0,,924156.0,,,,87670.0,2491196.0,364426.0,47621.0,,172374.0,,,1058349.0,73948.0,17686.0,10262.0,3860317.0,335855.0,280802.0,949166.0,153900.0,3486123.0,1883585.0,14866.0,110.1,836232.0,,479872.0,16854296,,,149040.0,
2008-10-01,,613491.0,421464.0,81691.0,,,,95042.0,6822.0,259315.0,21652.0,,1840749.0,,72213.0,150440.0,,12294.0,4845.0,1074706.0,481579.0,101.9,,4563.0,2924268.0,54588.0,520061.0,696097.0,61692.0,39056.0,583626.0,8139841.0,,,,48519.0,228119.0,431569.0,130214.0,,2341.7,,6049.0,8843.0,11705.0,,,20194236.0,,,169532.0,47692.0,,926547.0,,,,89272.0,2783075.0,364920.0,47006.0,,171740.0,,,1049767.0,72248.0,17904.0,9892.0,3807632.0,324826.0,276233.0,915729.0,151519.0,3381808.0,1939874.0,14892.0,107.4,725959.0,,469694.0,16485350,,,144806.0,
2009-01-01,318880.0,578553.0,425570.0,80284.0,,5750562.0,,94117.0,6632.0,246507.0,20697.0,28692.0,1799211.0,,63432.0,150708.0,,11704.0,4774.0,1038690.0,474724.0,101.5,,4442.0,2838244.0,51052.0,511075.0,663490.0,58764.0,38115.0,518199.0,7809161.0,,,,48413.0,228656.0,421027.0,120834.0,,2336.5,,5831.0,7706.0,11484.0,,,18943052.0,,,163439.0,47310.0,,912068.0,21514.0,9007825.0,23686.0,84996.0,2420350.0,370207.0,45823.0,,157462.0,,,1026884.0,70354.0,16161.0,9419.0,3816938.0,325118.0,269050.0,901992.0,143426.0,3109895.0,1907673.0,14918.0,85.48,534721.0,,460105.0,16298262,,,131704.0,
2009-04-01,324805.0,631198.0,428389.0,79591.0,,,,94162.0,6659.0,258381.0,20716.0,,1779803.0,,71090.0,152585.0,,11726.0,4763.0,1034721.0,465522.0,104.4,,4292.0,2836474.0,50829.0,511203.0,664549.0,60395.0,38256.0,530307.0,7814024.0,,,,48243.0,230948.0,418491.0,119604.0,,2327.5,,5494.0,7605.0,11626.0,,,18641076.0,,,163443.0,47904.0,,905390.0,,,,88818.0,2652252.0,370976.0,45864.0,,158502.0,,,1022429.0,73328.0,16438.0,9320.0,3759714.0,329451.0,269038.0,902692.0,147281.0,3277642.0,1836030.0,15165.0,96.44,599377.0,,458599.0,16269145,,,153671.0,
2009-07-01,311462.0,610520.0,429859.0,79992.0,,,,95352.0,6658.0,270139.0,20896.0,,1787763.0,,74022.0,154065.0,,11582.0,4742.0,1039654.0,467132.0,102.4,,4208.0,2848153.0,51299.0,511612.0,668256.0,59957.0,38309.0,567334.0,7808850.0,,,,48105.0,232893.0,420837.0,122185.0,,2341.3,,5217.0,7636.0,11875.0,,,19311464.0,,,164098.0,48203.0,,905874.0,,,,87944.0,2514311.0,373617.0,46269.0,,163102.0,,,1027800.0,76172.0,16734.0,9355.0,3748079.0,339310.0,269613.0,902057.0,149555.0,3446617.0,1874133.0,15323.0,108.73,705054.0,,458875.0,16326281,,,142751.0,
2009-10-01,315126.0,615221.0,433350.0,80417.0,,,,96117.0,6587.0,273122.0,20250.0,,1808535.0,,80785.0,155258.0,,11709.0,4790.0,1040385.0,467556.0,108.4,,4228.0,2861900.0,50903.0,516013.0,673174.0,60034.0,39398.0,598045.0,7801106.0,,,,46944.0,235449.0,422293.0,127992.0,,2483.6,,5237.0,7553.0,11930.0,,,19726580.0,,,165087.0,48788.0,,906276.0,,,,90935.0,2832721.0,379375.0,46291.0,,164335.0,,,1024603.0,77292.0,17075.0,9351.0,3825605.0,341845.0,269518.0,906135.0,152851.0,3671994.0,2039253.0,15509.0,109.35,677403.0,,460238.0,16502754,,,134282.0,
2010-01-01,319501.0,611607.0,435355.0,80039.0,,6070972.0,,96615.0,6662.0,269208.0,20543.0,30403.0,1830446.0,35018.0,71168.0,156580.0,,11590.0,4837.0,1047550.0,471593.0,110.5,,4286.0,2872223.0,51413.0,517359.0,678602.0,56633.0,39168.0,559287.0,7815429.0,,1642356.0,,48241.0,239377.0,423696.0,126094.0,,2510.0,,5206.0,7611.0,12132.0,,,19803454.0,1711157.0,,164775.0,49366.0,12583.0,924895.0,21883.0,9152553.0,25066.0,90023.0,2616891.0,377593.0,46672.0,143975.0,155023.0,,480429.0,1025706.0,81784.0,17421.0,9350.0,3857113.0,348542.0,269458.0,930398.0,148812.0,3469061.0,2139668.0,15656.0,91.38,558537.0,1102444.0,464543.0,16582710,,65839.0,125207.0,672311.0
2010-04-01,330386.0,733731.0,437903.0,81093.0,,,,97567.0,6695.0,280390.0,20882.0,,1840031.0,36207.0,78747.0,159310.0,,11458.0,4861.0,1060295.0,474817.0,113.4,,4340.0,2901242.0,52833.0,519973.0,693884.0,54578.0,39780.0,564133.0,7875026.0,,1709132.0,,48229.0,243123.0,426835.0,123772.0,,2545.0,,5166.0,7707.0,12264.0,,,20041804.0,2596159.0,,165498.0,49621.0,12935.0,916731.0,,,,97227.0,2863766.0,383039.0,46930.0,137934.0,157601.0,,477912.0,1028309.0,86693.0,17639.0,9480.0,3891272.0,355163.0,269879.0,949721.0,152772.0,3671620.0,2000920.0,15739.0,104.16,628323.0,,469606.0,16743162,,,142734.0,667213.0
2010-07-01,333052.0,668566.0,440967.0,81935.0,,,,97974.0,6654.0,288798.0,21042.0,,1852912.0,37057.0,81367.0,160450.0,,11612.0,4886.0,1068112.0,482344.0,110.7,,4404.0,2915133.0,52616.0,523132.0,699634.0,52791.0,39856.0,604330.0,7934732.0,,1775110.0,,48625.0,245941.0,428956.0,129016.0,,2580.0,,5148.0,7741.0,12097.0,,,20218548.0,2622554.0,,166229.0,48919.0,14304.0,897873.0,,,,95850.0,2692052.0,387616.0,46969.0,154793.0,151639.0,,479432.0,1041031.0,84282.0,17843.0,9518.0,3985606.0,359266.0,269748.0,961584.0,153498.0,3844371.0,1982245.0,15884.0,118.55,724348.0,,472199.0,16872266,,,129703.0,696124.0
2010-10-01,328842.0,668190.0,444819.0,82838.0,,,,98469.0,6755.0,288660.0,21251.0,,1873698.0,37498.0,88821.0,163811.0,,11491.0,4920.0,1072858.0,481259.0,116.8,,4496.0,2933728.0,53721.0,526342.0,705308.0,52495.0,41024.0,635964.0,7925124.0,,1737535.0,,48501.0,249869.0,431160.0,131838.0,,2639.0,,5197.0,7924.0,12170.0,,,20381538.0,2826718.0,,168105.0,48351.0,14790.0,918677.0,,,,98981.0,3011152.0,391853.0,46878.0,154235.0,156242.0,,543004.0,1036878.0,87552.0,17966.0,9577.0,3983999.0,363647.0,269889.0,976036.0,157269.0,3904860.0,2109563.0,15775.0,120.28,701843.0,,472612.0,16960864,,,123902.0,704195.0
2011-01-01,339126.0,662326.0,443581.0,83495.0,,6463423.0,,98943.0,6774.0,283194.0,21263.0,32553.0,1887968.0,37935.0,98903.0,167132.0,,11451.0,4918.0,1079024.0,482307.0,115.4,,4588.0,2959181.0,54021.0,531912.0,718945.0,50352.0,40992.0,601822.0,8020323.0,2102863.0,1748731.0,,48743.0,254328.0,433310.0,127439.0,,2679.0,,5127.0,8076.0,12325.0,,,20515410.0,2175748.0,,169075.0,49189.0,13451.0,920802.0,22465.0,9404102.0,27902.0,97016.0,2743209.0,397780.0,46568.0,161242.0,159966.0,26470.0,534059.0,1054802.0,89202.0,18021.0,9647.0,4093486.0,367040.0,269484.0,980119.0,152743.0,3702259.0,2209743.0,15259.0,102.08,589213.0,1170974.0,473819.0,16920632,,84877.0,114827.0,712385.0
2011-04-01,325105.0,766333.0,448931.0,83776.0,,,,99148.0,6774.0,293569.0,21467.0,,1891395.0,38480.0,110314.0,169849.0,,11630.0,4948.0,1082436.0,487142.0,117.3,,4675.0,2962553.0,53927.0,531811.0,719626.0,49496.0,40890.0,592906.0,8004341.0,2102863.0,1816268.0,1692605.0,49521.0,256374.0,433670.0,122702.0,,2727.0,,5302.0,8190.0,12196.0,,,20607812.0,2877600.0,,168924.0,49639.0,13758.0,917650.0,,,,102117.0,2965726.0,402725.0,46368.0,165629.0,162884.0,28625.0,536463.0,1052173.0,88982.0,18145.0,9592.0,4097326.0,368842.0,268648.0,983642.0,156559.0,3824353.0,2037494.0,15484.0,115.92,656135.0,,474365.0,17035114,,,127493.0,708906.0
2011-07-01,339543.0,711417.0,455213.0,84299.0,,,,99432.0,6742.0,299014.0,21488.0,,1917274.0,38727.0,115224.0,173288.0,,11572.0,4842.0,1080486.0,481083.0,113.8,,4753.0,2968278.0,53993.0,534157.0,725981.0,48466.0,42120.0,628025.0,8013268.0,2042870.0,1881850.0,1769851.0,48779.0,261498.0,431458.0,128612.0,,2771.0,,5385.0,8261.0,12338.0,,,20974246.0,3205107.0,,168924.0,50193.0,14820.0,929886.0,,,,102090.0,2773776.0,407293.0,46006.0,171110.0,165914.0,30177.0,549279.0,1052248.0,91292.0,18229.0,9572.0,4161690.0,370783.0,266913.0,996621.0,155540.0,3970589.0,2029932.0,15497.0,132.03,773215.0,,475813.0,17031312,,,118845.0,740479.0
2011-10-01,343091.0,703050.0,460049.0,84248.0,,,,99722.0,6731.0,296073.0,21468.0,,1932511.0,39569.0,127040.0,174358.0,,11491.0,4878.0,1081594.0,485014.0,119.1,,4752.0,2956300.0,54008.0,535461.0,723711.0,46215.0,41956.0,654767.0,8104841.0,2225135.0,1840786.0,1769765.0,48880.0,263335.0,427180.0,132089.0,,2796.0,,5394.0,8351.0,12305.0,,,21125222.0,3209208.0,,167905.0,50606.0,15483.0,930284.0,,,,105033.0,3132650.0,410588.0,45326.0,163814.0,159402.0,32312.0,578738.0,1057148.0,91869.0,18367.0,9583.0,4223110.0,372534.0,265143.0,981600.0,158610.0,3939774.0,2024390.0,15606.0,132.01,737305.0,,476479.0,17222584,,,113660.0,753784.0
2012-01-01,335934.0,672686.0,464731.0,84975.0,5115.0,6884932.0,,99936.0,6650.0,288028.0,21609.0,34916.0,1933731.0,40382.0,106938.0,177194.0,,11364.0,4839.0,1079725.0,484678.0,119.1,,4780.0,2952003.0,53772.0,535245.0,725300.0,46214.0,42762.0,606693.0,8002647.0,2365462.0,1855580.0,1697684.0,48340.0,261260.0,422347.0,131284.0,,2834.0,81610.0,5673.0,8396.0,12362.0,,,21332580.0,2394668.0,,167556.0,50696.0,13916.0,952531.0,24497.0,9733907.0,30630.0,102967.0,2908899.0,411844.0,45079.0,172048.0,168598.0,27980.0,580469.0,1042404.0,93558.0,18407.0,9498.0,4206194.0,375759.0,262674.0,983910.0,154172.0,3742573.0,2272805.0,15851.0,108.49,603518.0,1192338.0,480632.0,17367010,,110565.0,105238.0,747559.0
2012-04-01,339118.0,730838.0,467986.0,84600.0,5848.0,,,99935.0,6748.0,296465.0,21555.0,,1940017.0,41131.0,118757.0,177895.0,,11261.0,4770.0,1073973.0,485042.0,120.2,,4838.0,2945323.0,53203.0,534682.0,726661.0,45350.0,43082.0,598757.0,7927365.0,2205224.0,1929019.0,1563165.0,49732.0,263979.0,419511.0,126140.0,,2867.0,,5638.0,8449.0,12373.0,,,21476438.0,3460504.0,,167641.0,51000.0,14323.0,954391.0,,,,108787.0,3150174.0,411082.0,44471.0,172135.0,167550.0,30014.0,572817.0,1057886.0,94392.0,18435.0,9358.0,4260324.0,377886.0,260156.0,985773.0,157343.0,3864101.0,2160308.0,15969.0,122.02,676123.0,,479979.0,17444524,,,114802.0,748353.0
2012-07-01,344504.0,703462.0,470756.0,84378.0,7838.0,,,100178.0,6744.0,306446.0,21504.0,,1942672.0,41450.0,123917.0,177076.0,,11298.0,4697.0,1070115.0,485498.0,116.9,,4863.0,2941524.0,52998.0,535958.0,728780.0,44648.0,43545.0,639178.0,7946828.0,2195946.0,1993632.0,1589199.0,48809.0,266906.0,417381.0,128442.0,,2905.0,,5710.0,8623.0,12511.0,,,21513480.0,3475410.0,,166921.0,51296.0,15645.0,942930.0,,,,108678.0,2979022.0,411293.0,43969.0,175912.0,163616.0,31231.0,576042.0,1044604.0,93475.0,18451.0,9371.0,4307482.0,379593.0,258804.0,984741.0,158029.0,4057126.0,2132192.0,16205.0,137.19,763294.0,,484579.0,17469650,,,108620.0,781191.0
2012-10-01,345202.0,706958.0,472965.0,84319.0,8135.0,,,100132.0,6656.0,303424.0,21436.0,,1946670.0,41696.0,137370.0,179250.0,,11201.0,4604.0,1068742.0,484713.0,122.1,,4906.0,2928490.0,52957.0,535216.0,725375.0,44272.0,43421.0,675017.0,7926844.0,2344767.0,1948852.0,1622804.0,48847.0,267379.0,414304.0,131999.0,,2954.0,,5735.0,8661.0,12723.0,,,21681406.0,3568339.0,,165753.0,51881.0,16046.0,949298.0,,,,110767.0,3378370.0,410970.0,43274.0,172719.0,162541.0,33092.0,588534.0,1042397.0,95912.0,18428.0,9186.0,4321956.0,381499.0,256887.0,976782.0,161260.0,4116109.0,2337519.0,16350.0,137.29,719511.0,,484039.0,17489852,,,101509.0,798938.0
2013-01-01,342237.0,677086.0,475280.0,84278.0,5233.0,7298965.0,,99857.0,6789.0,295866.0,21379.0,37528.0,1964095.0,42055.0,115342.0,182026.0,,11230.0,4499.0,1064244.0,487446.0,121.5,,4929.0,2921087.0,52503.0,535318.0,722104.0,43876.0,43603.0,627558.0,7962575.0,2467082.0,1958396.0,1579508.0,48350.0,270958.0,410076.0,131339.0,,2998.0,88160.0,5758.0,8713.0,12728.0,,,21707334.0,2586716.0,,166289.0,52165.0,14535.0,951645.0,25747.0,10161854.0,32745.0,108133.0,3129776.0,410288.0,43454.0,180184.0,161016.0,28296.0,582658.0,1066008.0,96805.0,18434.0,9211.0,4346608.0,384792.0,256097.0,991027.0,155800.0,3798607.0,2395328.0,16344.0,118.21,595524.0,1252617.0,485409.0,17662400,,136900.0,96792.0,782556.0
2013-04-01,348948.0,776487.0,477139.0,84312.0,6292.0,,,100440.0,6880.0,308389.0,21339.0,,1975406.0,42334.0,127744.0,186996.0,,11291.0,4404.0,1068150.0,487808.0,125.4,,4917.0,2936974.0,52745.0,539250.0,729971.0,43883.0,44452.0,617169.0,8034960.0,2347396.0,2036817.0,1553176.0,49523.0,275581.0,410391.0,128464.0,,3048.0,,5754.0,8807.0,12957.0,,,21611560.0,3782281.0,,165988.0,51963.0,15097.0,957328.0,,,,116158.0,3386829.0,413470.0,43784.0,179518.0,164329.0,30530.0,586119.0,1068001.0,98774.0,18493.0,9230.0,4408438.0,389278.0,255871.0,990022.0,160687.0,3967499.0,2219187.0,16528.0,133.74,667763.0,,488930.0,17709672,,,101687.0,788672.0
2013-07-01,335246.0,721459.0,481016.0,84622.0,8316.0,,,100751.0,6855.0,314900.0,21425.0,,1991650.0,42662.0,133752.0,188122.0,,11256.0,4388.0,1072699.0,490898.0,124.2,,4904.0,2947408.0,52929.0,538746.0,733981.0,43960.0,44688.0,658809.0,8158387.0,2357079.0,2103598.0,1657864.0,51000.0,278467.0,411306.0,132360.0,,3091.0,,5836.0,8871.0,12992.0,,,21747900.0,3933025.0,,166989.0,52461.0,16454.0,965101.0,,,,114385.0,3178884.0,416528.0,43723.0,184192.0,166701.0,31702.0,598111.0,1091095.0,99450.0,18577.0,9229.0,4412194.0,392778.0,255777.0,994574.0,161104.0,4136219.0,2185277.0,16602.0,149.38,754772.0,,493002.0,17860450,,,93916.0,825765.0
2013-10-01,351761.0,706597.0,484881.0,85005.0,8669.0,,,100971.0,6900.0,311097.0,21461.0,,2012494.0,42838.0,147965.0,190795.0,,11207.0,4374.0,1085690.0,491885.0,130.5,,4902.0,2957573.0,52834.0,542716.0,736024.0,44200.0,44891.0,694256.0,8223593.0,2497997.0,2057688.0,1651128.0,50338.0,280894.0,410569.0,136086.0,,3128.0,,5880.0,8982.0,12874.0,,,21855438.0,4089369.0,,168049.0,52766.0,17132.0,963683.0,,,,117759.0,3559156.0,418861.0,44201.0,179475.0,168647.0,33934.0,617042.0,1083093.0,100368.0,18684.0,9411.0,4371876.0,395825.0,256202.0,1000916.0,164517.0,4269496.0,2342295.0,16717.0,147.52,743648.0,,496466.0,18016148,,,89785.0,849877.0
2014-01-01,348557.0,671066.0,488620.0,84807.0,5334.0,7741361.0,18412.0,101405.0,6957.0,306130.0,21450.0,40182.0,2015895.0,42923.0,124033.0,193501.0,,11152.0,4343.0,1079747.0,493131.0,130.8,,4982.0,2970456.0,52426.0,542438.0,743230.0,44112.0,45209.0,646145.0,8297659.0,2598898.0,2058585.0,1619852.0,52554.0,284935.0,410962.0,135163.0,,3163.0,94871.0,5884.0,9082.0,13146.0,,,21994030.0,2822779.0,247199.0,167890.0,53354.0,15439.0,970456.0,26123.0,10636891.0,34404.0,113291.0,3308136.0,424230.0,43918.0,186670.0,170128.0,28283.0,621822.0,1068346.0,101112.0,18798.0,9419.0,4363587.0,399509.0,257143.0,1009861.0,159402.0,3976799.0,2386444.0,16895.0,128.35,589801.0,1304797.0,500552.0,17953974,,163850.0,71139.0,825894.0
2014-04-01,351921.0,760577.0,491065.0,85339.0,6454.0,,19752.0,101674.0,6858.0,307046.0,21585.0,,2034271.0,43218.0,137477.0,194132.0,,11232.0,4344.0,1089822.0,492773.0,133.7,,5003.0,2978780.0,52511.0,542910.0,743381.0,44094.0,45968.0,630757.0,8405111.0,2535750.0,2137386.0,1611176.0,54087.0,286491.0,410949.0,128342.0,,3190.0,,5908.0,9139.0,12971.0,,,22287624.0,3994599.0,251796.0,168872.0,53586.0,16085.0,976391.0,,,,118115.0,3621756.0,428946.0,44064.0,185017.0,170066.0,30700.0,610072.0,1059078.0,102170.0,18940.0,9496.0,4396198.0,402904.0,258355.0,1018232.0,164113.0,4162821.0,2237768.0,16998.0,137.72,639036.0,,504939.0,18185912,,,94117.0,837482.0
2014-07-01,351074.0,690880.0,493186.0,85345.0,8537.0,,21626.0,102376.0,6885.0,312889.0,21671.0,,2053771.0,43057.0,143448.0,195992.0,,11188.0,4326.0,1102735.0,501022.0,132.5,,5070.0,2995114.0,52714.0,545987.0,746937.0,44553.0,46006.0,680094.0,8484168.0,2562242.0,2207344.0,1724817.0,54540.0,288917.0,411624.0,130927.0,,3216.0,,5941.0,9173.0,13221.0,,,22318350.0,4290636.0,252253.0,169295.0,54255.0,17479.0,979790.0,,,,116258.0,3367554.0,432357.0,44106.0,190543.0,173671.0,32148.0,613457.0,1047443.0,103088.0,19121.0,9554.0,4396490.0,404288.0,260252.0,1025341.0,164588.0,4338997.0,2208912.0,17069.0,154.37,715117.0,,508741.0,18406940,,,100397.0,880166.0
2014-10-01,351502.0,686702.0,495051.0,85418.0,8983.0,,20789.0,102911.0,7040.0,310386.0,21866.0,,2067966.0,43605.0,158816.0,197963.0,,11263.0,4337.0,1115483.0,502819.0,140.0,,5146.0,3007265.0,52588.0,545458.0,752989.0,44122.0,45884.0,712558.0,8528702.0,2645947.0,2161552.0,1689011.0,54636.0,293121.0,410249.0,135381.0,,3232.0,,5964.0,9208.0,13564.0,,,22507870.0,4446315.0,250206.0,170811.0,54964.0,18150.0,989721.0,,,,119644.0,3798602.0,435970.0,44462.0,189922.0,174665.0,34249.0,634596.0,1064324.0,104640.0,19329.0,9566.0,4425076.0,406016.0,262488.0,1033043.0,169094.0,4456390.0,2398964.0,17131.0,155.24,636790.0,,512334.0,18500032,,,94998.0,911851.0
2015-01-01,354367.0,672750.0,499782.0,85607.0,5500.0,8248624.0,18035.0,103446.0,7151.0,301173.0,22084.0,43009.0,2056452.0,43831.0,132884.0,199136.0,,11373.0,4400.0,1136552.0,506262.0,138.0,,5074.0,3029372.0,52179.0,548386.0,749206.0,44370.0,46715.0,661351.0,8674106.0,2783733.0,2158040.0,1613215.0,66327.0,292876.0,411434.0,135546.0,,3238.0,101768.0,6063.0,9243.0,13473.0,,282256.0,22610226.0,2933981.0,256924.0,171828.0,55407.0,16051.0,991015.0,27333.0,11140138.0,36376.0,115554.0,3481796.0,443090.0,44749.0,157549.0,176428.0,27851.0,641728.0,1071110.0,104225.0,19698.0,9617.0,4521709.0,409418.0,265500.0,1047646.0,162431.0,4167494.0,2459675.0,17209.0,132.89,495602.0,1393351.0,513850.0,18666620,,200316.0,96989.0,877475.0
2015-04-01,358261.0,791236.0,500400.0,85799.0,6509.0,,18894.0,104141.0,7237.0,298632.0,22242.0,,2050838.0,44204.0,147275.0,200861.0,,11441.0,4457.0,1151973.0,508630.0,143.6,,5174.0,3044968.0,52973.0,549229.0,755032.0,44323.0,47158.0,650252.0,8684276.0,2728278.0,2238704.0,1595966.0,64402.0,293617.0,413001.0,131367.0,,3240.0,,6145.0,9315.0,13568.0,,288975.0,22821658.0,4034214.0,260845.0,172357.0,55887.0,16463.0,995362.0,,,,121797.0,3853504.0,445541.0,44882.0,160747.0,177685.0,29752.0,644732.0,1078962.0,105523.0,19941.0,9676.0,4431824.0,411136.0,268365.0,1058315.0,166734.0,4241663.0,2303095.0,17218.0,147.59,546427.0,,516876.0,18782244,,,111759.0,897014.0
2015-07-01,361985.0,718281.0,505490.0,86373.0,8493.0,,20707.0,104340.0,7236.0,299551.0,22483.0,,2058182.0,44054.0,153479.0,202672.0,,11650.0,4498.0,1165938.0,510164.0,143.6,,5213.0,3059230.0,52968.0,550465.0,757982.0,43474.0,47850.0,695597.0,8748933.0,2768087.0,2312844.0,1693764.0,66072.0,294011.0,413867.0,133748.0,,3231.0,,6198.0,9375.0,13493.0,,297965.0,23086002.0,4657221.0,262812.0,172952.0,56640.0,17976.0,1005023.0,,,,119969.0,3589388.0,451522.0,44933.0,165017.0,177839.0,31601.0,644446.0,1076798.0,106795.0,20170.0,9732.0,4462568.0,417357.0,270796.0,1072806.0,167288.0,4326715.0,2285060.0,17185.0,164.55,665131.0,,518915.0,18857418,,,106740.0,943204.0
2015-10-01,359498.0,703682.0,508467.0,86522.0,9113.0,,19858.0,104775.0,7305.0,293254.0,22626.0,,2059546.0,44443.0,169833.0,202022.0,,11476.0,4590.0,1172901.0,511301.0,149.0,,5203.0,3074000.0,53265.0,551532.0,761387.0,44295.0,48374.0,726097.0,8838858.0,2836388.0,2272929.0,1670481.0,66812.0,297241.0,415876.0,137420.0,,3229.0,,6179.0,9405.0,13576.0,,307745.0,23017998.0,4323642.0,264382.0,172980.0,57218.0,18534.0,997699.0,,,,125186.0,4066219.0,455195.0,45149.0,166011.0,179043.0,33702.0,665354.0,1088561.0,106764.0,20316.0,9744.0,4496844.0,420109.0,273431.0,1080772.0,171553.0,4447363.0,2473596.0,17286.0,165.05,621368.0,,521920.0,18892206,,,104080.0,979133.0
2016-01-01,367498.0,677652.0,513160.0,87206.0,5299.0,20758212.0,17395.0,104835.0,7375.0,285698.0,22803.0,45969.0,2071732.0,44888.0,161760.0,204844.0,,11898.0,4699.0,1174693.0,517191.0,147.3,,5287.0,3090706.0,53922.0,554989.0,767818.0,43832.0,48593.0,668950.0,8806422.0,3036738.0,2264721.0,1662799.0,65124.0,297503.0,417331.0,136878.0,,3231.0,108915.0,6299.0,9428.0,14000.0,,294329.0,23011386.0,3075671.0,259246.0,174567.0,57762.0,15944.0,1002307.0,28726.0,11755824.0,38178.0,120581.0,3722688.0,454210.0,45359.0,162868.0,182062.0,27794.0,662252.0,1105674.0,107681.0,20315.0,9841.0,4448676.0,421400.0,275291.0,1079967.0,166009.0,4163911.0,2541549.0,17341.0,139.01,497308.0,1470842.0,523813.0,19001690,418970.0,234482.0,101476.0,925675.0
2016-04-01,369508.0,760703.0,516563.0,87340.0,6304.0,,18637.0,105411.0,7437.0,289021.0,22975.0,,2061412.0,44632.0,179988.0,204472.0,,11830.0,4742.0,1178488.0,524187.0,155.4,,5278.0,3099454.0,54006.0,552847.0,771525.0,43742.0,49285.0,661997.0,8910225.0,2965088.0,2355445.0,1769770.0,65738.0,306129.0,418146.0,131995.0,,3244.0,,6244.0,9509.0,14177.0,,301015.0,23086214.0,4046955.0,259624.0,174979.0,58476.0,16219.0,1001988.0,,,,126853.0,4140186.0,460878.0,45495.0,166166.0,181158.0,29847.0,653663.0,1111974.0,108923.0,20366.0,9971.0,4407985.0,426230.0,276433.0,1080484.0,170727.0,4313374.0,2390876.0,17426.0,154.59,556466.0,,526750.0,19062708,437805.0,,109422.0,957513.0
2016-07-01,370383.0,694382.0,516774.0,87803.0,8240.0,,19993.0,105596.0,7483.0,292199.0,23088.0,,2082805.0,44935.0,188607.0,205435.0,,11888.0,4788.0,1189176.0,528634.0,152.7,,5335.0,3114748.0,54616.0,555071.0,773038.0,43867.0,49362.0,711342.0,8955636.0,3035756.0,2429260.0,1924812.0,65836.0,309229.0,420375.0,134430.0,,3277.0,,6257.0,9620.0,14280.0,,311510.0,23297108.0,4286860.0,264805.0,176935.0,58897.0,17555.0,998912.0,,,,125173.0,3852483.0,463494.0,46029.0,171751.0,182654.0,31620.0,657616.0,1119924.0,110002.0,20440.0,10069.0,4455246.0,428336.0,278801.0,1083764.0,170789.0,4456444.0,2357971.0,17408.0,164.37,682393.0,,528712.0,19197938,420386.0,,101039.0,1008425.0
2016-10-01,374339.0,693174.0,522419.0,88739.0,8866.0,,19510.0,106138.0,7570.0,286623.0,23305.0,,2094490.0,44961.0,205681.0,206738.0,,12044.0,4895.0,1198423.0,532443.0,157.0,,5400.0,3140741.0,54784.0,558360.0,775988.0,44170.0,50257.0,750469.0,9035663.0,3079622.0,2385187.0,1916477.0,73043.0,313324.0,421947.0,138834.0,,3316.0,,6322.0,9744.0,14353.0,,322458.0,23556544.0,4759256.0,266734.0,178417.0,59064.0,18214.0,1012291.0,,,,128974.0,4347319.0,472585.0,46458.0,168437.0,185058.0,33883.0,684080.0,1121129.0,111966.0,20563.0,10147.0,4486528.0,430915.0,280317.0,1093422.0,174301.0,4621539.0,2558106.0,17570.0,172.36,649200.0,,532082.0,19304352,456609.0,,100329.0,1052531.0
2017-01-01,381217.0,681445.0,524318.0,88976.0,5277.0,22126228.0,17473.0,106830.0,7573.0,286504.0,23443.0,49177.0,2120843.0,44613.0,173160.0,206582.0,,12199.0,4989.0,1218009.0,535927.0,155.9,,5512.0,3164563.0,55343.0,561911.0,785294.0,44130.0,51308.0,698797.0,9162144.0,3227728.0,2378146.0,1942403.0,71117.0,314377.0,423956.0,138219.0,,3354.0,116422.0,6431.0,9846.0,14168.0,,310744.0,23683204.0,3155076.0,271948.0,179353.0,59835.0,15798.0,1023762.0,28825.0,12408775.0,40313.0,123171.0,3959977.0,478215.0,47002.0,161084.0,191647.0,28158.0,661678.0,1124362.0,112665.0,20725.0,10341.0,4520777.0,435062.0,282518.0,1097785.0,169174.0,4298922.0,2638918.0,17664.0,146.48,510377.0,1481654.0,536566.0,19398344,437279.0,266648.0,99343.0,973548.0
2017-04-01,383630.0,778402.0,527555.0,89521.0,6312.0,,18983.0,107088.0,7702.0,291297.0,23605.0,,2143166.0,45177.0,192594.0,207717.0,,12228.0,5014.0,1248241.0,541918.0,160.2,,5608.0,3192602.0,56048.0,566818.0,792556.0,44296.0,51441.0,687602.0,9273144.0,3146336.0,2473513.0,1890694.0,71644.0,317809.0,425841.0,133904.0,,3401.0,,6474.0,9924.0,14356.0,,318231.0,23725420.0,4301062.0,275705.0,180933.0,60614.0,16335.0,1033626.0,,,,130140.0,4437332.0,482864.0,47240.0,162754.0,197082.0,30546.0,652535.0,1132831.0,113045.0,20920.0,10459.0,4521249.0,437983.0,285412.0,1113524.0,172256.0,4427293.0,2494793.0,17661.0,164.36,571254.0,,540020.0,19506948,442089.0,,103785.0,1021258.0
2017-07-01,384161.0,721120.0,532398.0,90132.0,8260.0,,20594.0,107019.0,7801.0,296993.0,23765.0,,2143839.0,46024.0,201648.0,208663.0,,12376.0,5069.0,1258779.0,539930.0,157.6,,5628.0,3216924.0,56257.0,571885.0,797550.0,44739.0,52154.0,736104.0,9356731.0,3197196.0,2552297.0,2027779.0,75307.0,322872.0,427477.0,137180.0,,3433.0,,6510.0,10026.0,14510.0,,330664.0,23580062.0,4571296.0,277106.0,182214.0,61186.0,17760.0,1040709.0,,,,128714.0,4142636.0,489923.0,47568.0,167890.0,199540.0,32454.0,660411.0,1144900.0,115761.0,21094.0,10550.0,4509270.0,444474.0,287209.0,1123028.0,172394.0,4617188.0,2463648.0,17745.0,181.66,698810.0,,543452.0,19660766,426154.0,,98763.0,1084419.0
2017-10-01,389296.0,724593.0,534716.0,90722.0,8903.0,,20398.0,107877.0,7758.0,294007.0,23910.0,,2154716.0,46479.0,219768.0,209694.0,,12424.0,5149.0,1269173.0,544006.0,167.3,,5715.0,3242558.0,56621.0,575267.0,805115.0,44296.0,52159.0,776271.0,9494447.0,3284992.0,2508972.0,1990131.0,78564.0,327336.0,429834.0,141917.0,,3465.0,,6536.0,10132.0,14529.0,,341129.0,23908906.0,5020052.0,278779.0,183554.0,62048.0,18598.0,1034780.0,,,,132190.0,4636034.0,496599.0,47961.0,167472.0,200864.0,34236.0,681135.0,1149939.0,116944.0,21345.0,10764.0,4542077.0,443293.0,288758.0,1125608.0,177293.0,4793186.0,2662582.0,17926.0,184.83,663750.0,,547377.0,19882352,458423.0,,96814.0,1138650.0
2018-01-01,396710.0,707324.0,540342.0,91330.0,5345.0,23745740.0,28138.0,108279.0,7871.0,291962.0,24023.0,52850.0,2179765.0,46885.0,185190.0,211004.0,,12468.0,5255.0,1275755.0,546792.0,166.5,,5753.0,3247182.0,56777.0,575194.0,800254.0,44946.0,53100.0,730406.0,9663718.0,3516058.0,2498698.0,1970419.0,78947.0,330920.0,429420.0,140173.0,,3499.0,123696.0,6630.0,10228.0,14553.0,,327096.0,24213686.0,3419672.0,280421.0,184483.0,62591.0,16097.0,1039851.0,29334.0,13133003.0,41798.0,127030.0,4215576.0,505750.0,48310.0,163190.0,204400.0,28879.0,672395.0,1178732.0,117767.0,21540.0,10806.0,4593110.0,448384.0,289991.0,1128684.0,173655.0,4445450.0,2772274.0,18150.0,157.5,528261.0,1501121.0,547688.0,20044076,435963.0,334477.0,96188.0,1049315.0
2018-04-01,399961.0,747428.0,544385.0,91545.0,6392.0,,29586.0,108769.0,8016.0,296007.0,24232.0,,2196768.0,47487.0,205906.0,212652.0,,12696.0,5284.0,1283298.0,549540.0,171.9,,5800.0,3267858.0,56710.0,577837.0,806761.0,45057.0,53788.0,710635.0,9746763.0,3382301.0,2603852.0,1927464.0,80381.0,332430.0,429678.0,135690.0,,3531.0,,6728.0,10354.0,14459.0,,333438.0,24122490.0,4505158.0,283481.0,185684.0,63391.0,16581.0,1042978.0,,,,137271.0,4720384.0,512832.0,48686.0,164460.0,207752.0,31380.0,665521.0,1191120.0,118529.0,21795.0,10964.0,4585392.0,451225.0,291690.0,1141978.0,179085.0,4578674.0,2610783.0,18270.0,174.13,593663.0,,548600.0,20150476,442194.0,,105901.0,1093745.0
2018-07-01,401025.0,696102.0,546658.0,91931.0,8376.0,,32727.0,109194.0,8056.0,303102.0,24480.0,,2207849.0,47290.0,215099.0,214458.0,,12732.0,5351.0,1292699.0,552849.0,169.5,,5854.0,3270184.0,56657.0,580558.0,799271.0,44945.0,53740.0,755321.0,9892938.0,3403644.0,2684332.0,2019784.0,80714.0,335517.0,430012.0,137133.0,,3567.0,,6820.0,10392.0,14592.0,,345685.0,24232570.0,4819228.0,285978.0,185904.0,63296.0,18081.0,1049549.0,,,,131875.0,4397242.0,519145.0,48942.0,170446.0,212405.0,33308.0,678093.0,1193671.0,119491.0,22012.0,11091.0,4640630.0,454331.0,293208.0,1132048.0,177148.0,4722901.0,2543414.0,18282.0,186.74,717364.0,,550425.0,20276154,426302.0,,103188.0,1162451.0
2018-10-01,401348.0,678656.0,547971.0,93114.0,9072.0,,31869.0,110261.0,8072.0,298578.0,24698.0,,2213050.0,47992.0,234108.0,215894.0,,12797.0,5473.0,1302586.0,555610.0,177.9,,5922.0,3293589.0,56679.0,583646.0,806155.0,45270.0,54089.0,784938.0,9997789.0,3489761.0,2638970.0,1777368.0,82168.0,338384.0,431297.0,141770.0,,3608.0,,6856.0,10547.0,14679.0,,357547.0,24186390.0,5503642.0,287489.0,186810.0,64351.0,19041.0,1049903.0,,,,138450.0,4931988.0,524150.0,49240.0,169243.0,212294.0,35344.0,713108.0,1192538.0,118839.0,22125.0,11169.0,4593447.0,458065.0,295141.0,1147842.0,180999.0,4894989.0,2766734.0,18299.0,179.93,688135.0,,551128.0,20304874,462387.0,,106038.0,1227228.0
2019-01-01,406210.0,665849.0,551182.0,93638.0,5533.0,25617356.0,28527.0,110549.0,8059.0,294593.0,25006.0,56578.0,2218376.0,47613.0,196803.0,217702.0,,13075.0,5526.0,1313933.0,554398.0,175.9,,6022.0,3313954.0,57036.0,587680.0,811678.0,45625.0,54940.0,732624.0,10194448.0,3717210.0,2625180.0,1842669.0,82910.0,344565.0,431671.0,139940.0,,3653.0,130447.0,6769.0,10697.0,14746.0,,342373.0,24184706.0,3722007.0,287992.0,188357.0,64935.0,16435.0,1045250.0,,13262866.0,43044.0,130160.0,4463186.0,531594.0,49668.0,166107.0,212232.0,29280.0,684930.0,1210675.0,119438.0,22294.0,11338.0,4621530.0,457151.0,296938.0,1152229.0,175428.0,4536614.0,2845657.0,18358.0,153.97,544835.0,1517759.0,555141.0,20415150,436636.0,448979.0,105538.0,1123660.0
2019-04-01,408663.0,751784.0,552964.0,93154.0,6548.0,,29753.0,111146.0,8274.0,299478.0,25286.0,,2242662.0,48236.0,218191.0,219777.0,,13156.0,5607.0,1322538.0,559970.0,,,6046.0,3328316.0,57510.0,591533.0,811376.0,46110.0,54583.0,711171.0,10224030.0,3554642.0,2735414.0,1735170.0,84461.0,343808.0,433098.0,135668.0,,3683.0,,6810.0,10850.0,15015.0,,349910.0,24119338.0,4884052.0,294213.0,188916.0,65160.0,16931.0,1054239.0,,,,138984.0,4985924.0,536473.0,49959.0,165025.0,216000.0,31806.0,674405.0,1227198.0,120338.0,22361.0,11314.0,4702170.0,461933.0,297966.0,1161294.0,179706.0,4715604.0,2668902.0,18453.0,171.5,622230.0,,556932.0,20584528,452712.0,,,1172041.0
2019-07-01,417738.0,683901.0,556075.0,93524.0,8611.0,,33255.0,111962.0,8354.0,306465.0,25334.0,,2248933.0,48369.0,227684.0,220987.0,,13154.0,5658.0,1331768.0,562531.0,,,6068.0,3335944.0,57556.0,592103.0,811224.0,45877.0,55390.0,731098.0,10363796.0,3549946.0,2818813.0,1816186.0,85532.0,348020.0,433366.0,137939.0,,3720.0,,6832.0,10873.0,15060.0,,361117.0,24125660.0,5092617.0,294544.0,189318.0,65674.0,18494.0,1060229.0,,,,136006.0,4675544.0,540379.0,50184.0,171410.0,219497.0,34230.0,678162.0,1253262.0,120503.0,22437.0,11423.0,4684519.0,463804.0,298845.0,1161559.0,179806.0,4884815.0,2605929.0,18447.0,188.04,744338.0,,560987.0,20817580,434449.0,,,1251064.0
2019-10-01,400040.0,671361.0,558694.0,92954.0,9216.0,,32554.0,112628.0,8255.0,303636.0,25630.0,,2255354.0,46463.0,247628.0,222758.0,,13074.0,5754.0,1338953.0,560820.0,,,6112.0,3339845.0,57497.0,589703.0,813645.0,45849.0,55498.0,756548.0,10429713.0,3603375.0,2769748.0,1759946.0,87290.0,351037.0,430533.0,138989.0,,3726.0,,6780.0,11019.0,15167.0,,370552.0,23950848.0,5466330.0,293500.0,190401.0,66079.0,19528.0,1069018.0,,,,141455.0,5258096.0,543862.0,50603.0,169390.0,221461.0,36429.0,714333.0,1270703.0,120648.0,22577.0,11463.0,4647518.0,469780.0,299494.0,1167532.0,184065.0,5076163.0,2798831.0,18479.0,190.81,697440.0,,560861.0,20951088,459455.0,,,1319552.0
2020-01-01,397827.0,632389.0,557636.0,90636.0,5630.0,26500648.0,28570.0,109420.0,8205.0,295813.0,24661.0,54826.0,2211376.0,47342.0,183178.0,218692.0,,12899.0,5710.0,1294568.0,554269.0,,,6089.0,3237466.0,57319.0,558343.0,799270.0,44878.0,54152.0,664055.0,10392781.0,3826679.0,2703027.0,1726670.0,89451.0,344884.0,404572.0,137566.0,,3733.0,134720.0,6685.0,10972.0,14982.0,,344690.0,23676174.0,3315495.0,285583.0,187875.0,65427.0,16742.0,1058820.0,,13332566.0,35320.0,125735.0,4433806.0,547717.0,48387.0,165615.0,217160.0,29724.0,675667.0,1273093.0,120491.0,21868.0,11066.0,4604639.0,463853.0,283369.0,1162322.0,176061.0,4667479.0,2785733.0,17967.0,160.04,1133415.0,1442523.0,545597.0,20665552,424906.0,539377.0,,1159772.0
2020-04-01,362937.0,609380.0,519011.0,80467.0,6338.0,,28853.0,96941.0,7694.0,269118.0,23463.0,,1968126.0,41287.0,224847.0,182769.0,6555777.0,11087.0,5028.0,1179666.0,521262.0,,,5768.0,2884072.0,53671.0,484926.0,725585.0,38716.0,44532.0,644151.0,8881476.0,2732306.0,2589769.0,,84609.0,316683.0,356753.0,122502.0,7174.0,3493.0,,6201.0,10395.0,14060.0,34044.0,290686.0,19179126.0,4453946.0,250472.0,172193.0,59120.0,15898.0,1003903.0,,,,98372.0,4142943.0,497659.0,41077.0,155453.0,195654.0,29479.0,624268.0,1151748.0,106180.0,20248.0,10044.0,3967994.0,449238.0,233382.0,1069333.0,167125.0,4744655.0,2343919.0,14629.0,153.66,1162577.0,,434718.0,19034830,387099.0,,,1175981.0
2020-07-01,405882.0,614192.0,538336.0,89547.0,8033.0,,33290.0,108333.0,7960.0,297162.0,24308.0,,2146901.0,43451.0,238702.0,200927.0,6642924.0,11642.0,5380.0,1262293.0,551680.0,,,6039.0,3210590.0,56350.0,569979.0,790268.0,40958.0,51029.0,701630.0,9924186.0,3342656.0,2720481.0,,94949.0,345644.0,406416.0,131100.0,7777.0,3560.0,,6642.0,11034.0,15260.0,38383.0,352137.0,22168104.0,4953102.0,272466.0,183174.0,67176.0,17824.0,1040158.0,,,,123713.0,4135499.0,531214.0,47075.0,163898.0,207763.0,33091.0,645836.0,1236275.0,115730.0,22200.0,11216.0,4245586.0,459272.0,271292.0,1148540.0,178035.0,5101751.0,2442517.0,17430.0,199.55,1510585.0,,507643.0,20511784,404609.0,,,1288550.0
2020-10-01,415025.0,642403.0,556689.0,87532.0,8651.0,,32541.0,107916.0,8102.0,302622.0,24748.0,,2187228.0,46452.0,263509.0,215512.0,8864119.0,12574.0,5651.0,1277812.0,556218.0,,,6186.0,3215217.0,56850.0,566470.0,796471.0,42342.0,,729749.0,10094466.0,3667338.0,2709722.0,,91007.0,354996.0,404489.0,138454.0,7648.0,3637.0,,6711.0,11079.0,15159.0,60285.0,358736.0,23125734.0,,277725.0,184341.0,67457.0,19550.0,1048288.0,,,,139023.0,4825596.0,532167.0,47240.0,163062.0,218150.0,35955.0,686592.0,1255942.0,119881.0,22366.0,10958.0,4414281.0,464518.0,271946.0,1154046.0,182384.0,5349992.0,2686527.0,17371.0,202.85,1462712.0,,514531.0,20724128,435034.0,,,1381540.0
2021-01-01,418555.0,654122.0,568773.0,86350.0,5570.0,28339444.0,28991.0,109910.0,8392.0,300989.0,25420.0,56499.0,2218721.0,48109.0,245514.0,221847.0,8914780.0,13326.0,5820.0,1269730.0,563385.0,,,6359.0,3232706.0,56624.0,566557.0,786334.0,43878.0,,718771.0,10203759.0,3952568.0,2684446.0,,100034.0,354931.0,410559.0,136742.0,7006.0,3695.0,,6744.0,11275.0,15684.0,,344005.0,23288976.0,,291766.0,186587.0,68713.0,16827.0,1053418.0,,,40736.0,131319.0,4266797.0,544131.0,46090.0,162151.0,219571.0,29982.0,661499.0,1297816.0,125717.0,22302.0,11456.0,4501810.0,472602.0,273029.0,1167794.0,177115.0,5113956.0,2716899.0,17431.0,172.64,1105912.0,1505341.0,509261.0,20990540,405529.0,646876.0,,1216869.0
2021-04-01,430694.0,723768.0,573897.0,89885.0,6599.0,,30645.0,112053.0,8528.0,302479.0,25765.0,,2211802.0,48538.0,268482.0,216992.0,,13265.0,5876.0,1287951.0,581184.0,,,6490.0,3300118.0,57422.0,571505.0,803886.0,44412.0,,693012.0,10435793.0,3350730.0,2773065.0,,102929.0,368521.0,421398.0,132355.0,,3736.0,,6923.0,11452.0,15810.0,,337770.0,23481946.0,,286328.0,192242.0,69849.0,16695.0,1060037.0,,,,138835.0,4641824.0,558151.0,48141.0,161734.0,220459.0,32830.0,646175.0,1310652.0,125351.0,22701.0,11589.0,4527912.0,476245.0,278745.0,1186551.0,184768.0,5127665.0,2524805.0,,188.54,1233016.0,,546579.0,21309544,432725.0,,,1253416.0
2021-07-01,433117.0,687659.0,563136.0,93742.0,8718.0,,33676.0,114527.0,8615.0,309681.0,26270.0,,2248963.0,50652.0,278521.0,227955.0,,13609.0,6055.0,1310524.0,588398.0,,1009636.0,6470.0,3367439.0,58007.0,588438.0,809257.0,45842.0,,740578.0,10566974.0,3672438.0,2816492.0,,105964.0,376816.0,433398.0,133885.0,,3782.0,,7128.0,11643.0,15879.0,,337286.0,23307250.0,,296149.0,196193.0,66780.0,18543.0,1103656.0,,,,138322.0,4426630.0,569726.0,49577.0,167772.0,222398.0,34819.0,692559.0,1336514.0,126840.0,22846.0,11865.0,4484700.0,477726.0,285208.0,1213743.0,187892.0,5313504.0,2439183.0,,216.86,1556609.0,,555956.0,21483084,433339.0,,,1210837.0
2021-10-01,437158.0,700592.0,586480.0,93399.0,9373.0,,32948.0,115399.0,8776.0,307036.0,26672.0,,2284257.0,51857.0,306681.0,239449.0,,14059.0,6175.0,1321428.0,599908.0,,1056362.0,6538.0,3391930.0,58497.0,591943.0,809333.0,46220.0,,764048.0,10843365.0,3870108.0,2846057.0,,104134.0,394229.0,437029.0,140191.0,,3800.0,,7124.0,11794.0,16342.0,,371583.0,23588312.0,,299132.0,197542.0,69172.0,20329.0,1100813.0,,,,143386.0,5204832.0,581610.0,50516.0,166681.0,223924.0,38143.0,746009.0,1352542.0,129164.0,22970.0,12002.0,4549144.0,483566.0,290880.0,1235506.0,191768.0,5623827.0,2738684.0,,222.54,1555312.0,,564407.0,21847602,471916.0,,,1452950.0
2022-01-01,447460.0,691851.0,589416.0,93932.0,5932.0,30351496.0,28952.0,115528.0,8849.0,305423.0,26848.0,,2306215.0,51078.0,257258.0,239670.0,,14372.0,6204.0,1329048.0,593339.0,,,6534.0,3414244.0,58316.0,591117.0,817447.0,47261.0,,690203.0,10986772.0,4128570.0,2819333.0,,109180.0,390296.0,437730.0,137228.0,,3830.0,,7192.0,11844.0,16273.0,,360603.0,23934112.0,,293268.0,198649.0,68893.0,17349.0,1091300.0,,,,136465.0,4611220.0,601378.0,51682.0,165613.0,230723.0,31104.0,728308.0,1353840.0,130853.0,23072.0,12016.0,4649110.0,487105.0,291637.0,1224716.0,186136.0,5310305.0,2769582.0,,185.99,944397.0,1623517.0,567396.0,21738872,439192.0,,,1278328.0
2022-04-01,446407.0,773160.0,594189.0,95843.0,7019.0,,28209.0,116328.0,8986.0,313198.0,27061.0,,2327881.0,50771.0,269541.0,243430.0,,14525.0,6240.0,1331128.0,599901.0,,,6456.0,3439122.0,58604.0,593284.0,816388.0,47442.0,,682951.0,11104263.0,3779954.0,2924442.0,,112188.0,396519.0,443890.0,134378.0,,3826.0,,7203.0,11774.0,16163.0,,367444.0,24157950.0,,292506.0,201989.0,69735.0,17286.0,1107098.0,,,,143497.0,4990934.0,596059.0,51712.0,168591.0,228989.0,31679.0,718554.0,1362804.0,131300.0,23081.0,12074.0,4671918.0,491932.0,298888.0,1236034.0,190714.0,5306259.0,2586066.0,,202.04,781832.0,,567889.0,21708160,471383.0,,,1351541.0
2022-07-01,453371.0,727030.0,595580.0,95714.0,9057.0,,31890.0,116689.0,8885.0,323065.0,27234.0,,2338543.0,50725.0,289405.0,244664.0,,14624.0,6310.0,1328072.0,602156.0,,,6415.0,3454316.0,58588.0,596407.0,819338.0,47689.0,,704615.0,10982209.0,3872858.0,2977925.0,,115532.0,398859.0,445734.0,135928.0,,3864.0,,7162.0,11854.0,16208.0,,384884.0,24389636.0,,301171.0,202317.0,71210.0,18960.0,1129211.0,,,,141108.0,4767549.0,598692.0,51966.0,175321.0,229559.0,33858.0,752454.0,1353435.0,132190.0,23150.0,12061.0,4730347.0,493520.0,300474.0,1243798.0,189936.0,5525233.0,2546714.0,,225.15,1077022.0,,567445.0,21851134,447627.0,,,1376896.0
2022-10-01,456484.0,711199.0,600452.0,95505.0,9679.0,,31327.0,116968.0,8997.0,315307.0,27392.0,,2333507.0,50744.0,315427.0,244535.0,,14551.0,6383.0,1323351.0,601192.0,,,6329.0,3451350.0,58121.0,596192.0,816010.0,48194.0,,731212.0,10910024.0,4034890.0,2988549.0,,115734.0,404981.0,445598.0,141037.0,,3950.0,,7216.0,11821.0,15966.0,,398008.0,24635478.0,,301196.0,203478.0,70896.0,21044.0,1118293.0,,,,145833.0,5575902.0,589965.0,52230.0,179994.0,233774.0,37440.0,785320.0,1362976.0,132209.0,23215.0,12098.0,4710028.0,491517.0,301950.0,1230924.0,193802.0,5585354.0,2773819.0,,229.91,1080011.0,,568034.0,21989980,467379.0,,,1538951.0
2023-01-01,459661.0,701720.0,603969.0,95617.0,5969.0,32104328.0,28416.0,117383.0,9000.0,318316.0,27490.0,,2353291.0,51081.0,268963.0,245793.0,,14768.0,6391.0,1326728.0,609804.0,,,6280.0,3455172.0,57992.0,596067.0,818222.0,48206.0,,709763.0,10864288.0,4383726.0,2961540.0,,111845.0,407410.0,447154.0,140783.0,,,,7206.0,11590.0,16062.0,,380966.0,24801000.0,,303643.0,202697.0,70532.0,17750.0,1119319.0,,,,135917.0,4907642.0,594660.0,52995.0,170096.0,233208.0,30616.0,756000.0,1366211.0,131538.0,23260.0,12175.0,4735620.0,494206.0,303287.0,1242985.0,189091.0,5125087.0,2841897.0,,192.75,847358.0,,569027.0,22112328,447524.0,,,1320199.0
2023-04-01,462170.0,734207.0,606725.0,94376.0,7081.0,,29924.0,117784.0,9090.0,324060.0,27603.0,,2357370.0,50635.0,286620.0,244042.0,,15002.0,6376.0,1330158.0,604034.0,,,6262.0,3458812.0,58344.0,599891.0,817617.0,48724.0,,693816.0,10865957.0,4090545.0,3075776.0,,111695.0,410963.0,446614.0,137454.0,,,,7183.0,11870.0,16087.0,,377927.0,25007688.0,,299124.0,201873.0,70854.0,17719.0,1117118.0,,,,142739.0,5205820.0,593368.0,53049.0,,235503.0,33292.0,727072.0,1383976.0,132118.0,23437.0,12288.0,4806230.0,497214.0,304876.0,1233327.0,191391.0,5380921.0,2631362.0,,212.13,931808.0,,569076.0,22225350,461253.0,,,1406293.0
2023-07-01,470048.0,721388.0,608293.0,94076.0,9212.0,,33874.0,118156.0,9480.0,329396.0,27713.0,,2355638.0,51083.0,303470.0,242998.0,,14895.0,6462.0,1319661.0,605900.0,,,6216.0,3459343.0,57735.0,600342.0,818752.0,48681.0,,734482.0,10961743.0,4185636.0,3124993.0,,108902.0,413318.0,448298.0,138129.0,,,,7176.0,11863.0,15869.0,,397582.0,25208416.0,,309539.0,201290.0,70569.0,19442.0,1111885.0,,,,139826.0,5053782.0,600012.0,52929.0,,237689.0,35797.0,719090.0,1403919.0,133479.0,23576.0,12280.0,4662893.0,500277.0,306313.0,1230761.0,190476.0,5643912.0,2582957.0,,236.9,1180451.0,,568397.0,22490692,446740.0,,,1450322.0
2023-10-01,473779.0,700911.0,609750.0,94121.0,9783.0,,32843.0,118544.0,9493.0,321781.0,27842.0,,2356074.0,51131.0,331984.0,245400.0,,15194.0,6528.0,1325597.0,622137.0,,,6176.0,3459867.0,57261.0,601084.0,814666.0,48756.0,,762957.0,10964936.0,4372011.0,3139084.0,,105179.0,388849.0,448920.0,142744.0,,,,7206.0,11836.0,15872.0,,409977.0,25210052.0,,313593.0,201880.0,70568.0,21773.0,1129305.0,,,,145302.0,5884512.0,599696.0,53317.0,,236308.0,39269.0,756263.0,1416725.0,135049.0,23722.0,12391.0,4711137.0,503403.0,308334.0,1228545.0,194868.0,5855198.0,2820978.0,,239.02,1130402.0,,566626.0,22679256,476773.0,,,
2024-01-01,,,,94330.0,,,,,,,27958.0,,2365811.0,52103.0,283125.0,248072.0,,15346.0,6604.0,1329823.0,611151.0,,,6147.0,3469775.0,57353.0,602458.0,816407.0,,,728625.0,11049010.0,,3112906.0,,106324.0,401871.0,450461.0,140440.0,,,,7274.0,11925.0,,,,25280628.0,,,201664.0,,,1131252.0,,,,137772.0,5189658.0,602349.0,53767.0,,237386.0,,742392.0,,135119.0,23881.0,12389.0,,509846.0,310580.0,1227484.0,190274.0,5461397.0,,,203.9,,,570196.0,22749846,,,,
