Date,AL,AR,AU,AT,AZ,BD,BY,BE,BA,BR,BG,KH,CA,CL,CN,CO,CR,HR,CY,CZ,DK,DO,EE,EU,FI,FR,DE,GR,HN,HK,HU,IN,ID,IR,IE,IL,IT,JP,LV,LT,LU,MO,MY,MX,MN,MA,NL,NZ,NG,NO,OM,PK,PH,PL,PT,RO,RU,SA,RS,SG,SK,SI,ZA,KR,ES,SE,CH,TW,TH,TR,UA,AE,UK,US,VE,VN
1947-01-01,,,,,,,,,,,,,,,,,,,,,,,,,,,,,,,,,,,,,,,,,,,,,,,,,,,,,,,,,,,,,,,,,,,,,,,,,,295834,,
1947-04-01,,,,,,,,,,,,,,,,,,,,,,,,,,,,,,,,,,,,,,,,,,,,,,,,,,,,,,,,,,,,,,,,,,,,,,,,,,294857,,
1947-07-01,,,,,,,,,,,,,,,,,,,,,,,,,,,,,,,,,,,,,,,,,,,,,,,,,,,,,,,,,,,,,,,,,,,,,,,,,,306883,,
1947-10-01,,,,,,,,,,,,,,,,,,,,,,,,,,,,,,,,,,,,,,,,,,,,,,,,,,,,,,,,,,,,,,,,,,,,,,,,,,330900,,
1948-01-01,,,,,,,,,,,,,,,,,,,,,,,,,,,,,,,,,,,,,,,,,,,,,,,,,,,,,,,,,,,,,,,,,,,,,,,,,,342296,,
1948-04-01,,,,,,,,,,,,,,,,,,,,,,,,,,,,,,,,,,,,,,,,,,,,,,,,,,,,,,,,,,,,,,,,,,,,,,,,,,346248,,
1948-07-01,,,,,,,,,,,,,,,,,,,,,,,,,,,,,,,,,,,,,,,,,,,,,,,,,,,,,,,,,,,,,,,,,,,,,,,,,,346751,,
1948-10-01,,,,,,,,,,,,,,,,,,,,,,,,,,,,,,,,,,,,,,,,,,,,,,,,,,,,,,,,,,,,,,,,,,,,,,,,,,345476,,
1949-01-01,,,,,,,,,,,,,,,,,,,,,,,,,,,,,,,,,,,,,,,,,,,,,,,,,,,,,,,,,,,,,,,,,,,,,,,,,,327518,,
1949-04-01,,,,,,,,,,,,,,,,,,,,,,,,,,,,,,,,,,,,,,,,,,,,,,,,,,,,,,,,,,,,,,,,,,,,,,,,,,320283,,
1949-07-01,,,,,,,,,,,,,,,,,,,,,,,,,,,,,,,,,,,,,,,,,,,,,,,,,,,,,,,,,,,,,,,,,,,,,,,,,,317623,,
1949-10-01,,,,,,,,,,,,,,,,,,,,,,,,,,,,,,,,,,,,,,,,,,,,,,,,,,,,,,,,,,,,,,,,,,,,,,,,,,327780,,
1950-01-01,,,,,,,,,,,,,,,,,,,,,,,,,,,,,,,,,,,,,,,,,,,,,,,,,,,,,,,,,,,,,,,,,,,,,,,,,,348203,,
1950-04-01,,,,,,,,,,,,,,,,,,,,,,,,,,,,,,,,,,,,,,,,,,,,,,,,,,,,,,,,,,,,,,,,,,,,,,,,,,383738,,
1950-07-01,,,,,,,,,,,,,,,,,,,,,,,,,,,,,,,,,,,,,,,,,,,,,,,,,,,,,,,,,,,,,,,,,,,,,,,,,,413607,,
1950-10-01,,,,,,,,,,,,,,,,,,,,,,,,,,,,,,,,,,,,,,,,,,,,,,,,,,,,,,,,,,,,,,,,,,,,,,,,,,405484,,
1951-01-01,,,,,,,,,,,,,,,,,,,,,,,,,,,,,,,,,,,,,,,,,,,,,,,,,,,,,,,,,,,,,,,,,,,,,,,,,,389907,,
1951-04-01,,,,,,,,,,,,,,,,,,,,,,,,,,,,,,,,,,,,,,,,,,,,,,,,,,,,,,,,,,,,,,,,,,,,,,,,,,375866,,
1951-07-01,,,,,,,,,,,,,,,,,,,,,,,,,,,,,,,,,,,,,,,,,,,,,,,,,,,,,,,,,,,,,,,,,,,,,,,,,,373148,,
1951-10-01,,,,,,,,,,,,,,,,,,,,,,,,,,,,,,,,,,,,,,,,,,,,,,,,,,,,,,,,,,,,,,,,,,,,,,,,,,369813,,
1952-01-01,,,,,,,,,,,,,,,,,,,,,,,,,,,,,,,,,,,,,,,,,,,,,,,,,,,,,,,,,,,,,,,,,,,,,,,,,,377294,,
1952-04-01,,,,,,,,,,,,,,,,,,,,,,,,,,,,,,,,,,,,,,,,,,,,,,,,,,,,,,,,,,,,,,,,,,,,,,,,,,384800,,
1952-07-01,,,,,,,,,,,,,,,,,,,,,,,,,,,,,,,,,,,,,,,,,,,,,,,,,,,,,,,,,,,,,,,,,,,,,,,,,,360433,,
1952-10-01,,,,,,,,,,,,,,,,,,,,,,,,,,,,,,,,,,,,,,,,,,,,,,,,,,,,,,,,,,,,,,,,,,,,,,,,,,386019,,
1953-01-01,,,,,,,,,,,,,,,,,,,,,,,,,,,,,,,,,,,,,,,,,,,,,,,,,,,,,,,,,,,,,,,,,,,,,,,,,,402005,,
1953-04-01,,,,,,,,,,,,,,,,,,,,,,,,,,,,,,,,,,,,,,,,,,,,,,,,,,,,,,,,,,,,,,,,,,,,,,,,,,406527,,
1953-07-01,,,,,,,,,,,,,,,,,,,,,,,,,,,,,,,,,,,,,,,,,,,,,,,,,,,,,,,,,,,,,,,,,,,,,,,,,,408751,,
1953-10-01,,,,,,,,,,,,,,,,,,,,,,,,,,,,,,,,,,,,,,,,,,,,,,,,,,,,,,,,,,,,,,,,,,,,,,,,,,403487,,
1954-01-01,,,,,,,,,,,,,,,,,,,,,,,,,,,,,,,,,,,,,,,,,,,,,,,,,,,,,,,,,,,,,,,,,,,,,,,,,,396918,,
1954-04-01,,,,,,,,,,,,,,,,,,,,,,,,,,,,,,,,,,,,,,,,,,,,,,,,,,,,,,,,,,,,,,,,,,,,,,,,,,404416,,
1954-07-01,,,,,,,,,,,,,,,,,,,,,,,,,,,,,,,,,,,,,,,,,,,,,,,,,,,,,,,,,,,,,,,,,,,,,,,,,,419229,,
1954-10-01,,,,,,,,,,,,,,,,,,,,,,,,,,,,,,,,,,,,,,,,,,,,,,,,,,,,,,,,,,,,,,,,,,,,,,,,,,427626,,
1955-01-01,,,,,,,,,,,,,,,,,,,,,,,,,,,,,,,,,,,,,,,,,,,,,,,,,,,,,,,,,,,,,,,,,,,,,,,,,14587.0,442293,,
1955-04-01,,,,,,,,,,,,,,,,,,,,,,,,,,,,,,,,,,,,,,,,,,,,,,,,,,,,,,,,,,,,,,,,,,,,,,,,,14931.0,461978,,
1955-07-01,,,,,,,,,,,,,,,,,,,,,,,,,,,,,,,,,,,,,,,,,,,,,,,,,,,,,,,,,,,,,,,,,,,,,,,,,15453.0,474828,,
1955-10-01,,,,,,,,,,,,,,,,,,,,,,,,,,,,,,,,,,,,,,,,,,,,,,,,,,,,,,,,,,,,,,,,,,,,,,,,,15766.0,478165,,
1956-01-01,,,,,,,,,,,,,,,,,,,,,,,,,,,,,,,,,,,,,,,,,,,,,,,,,,,,,,,,,,,,,,,,,,,,,,,,,16034.0,475111,,
1956-04-01,,,,,,,,,,,,,,,,,,,,,,,,,,,,,,,,,,,,,,,,,,,,,,,,,,,,,,,,,,,,,,,,,,,,,,,,,16324.0,482366,,
1956-07-01,,,,,,,,,,,,,,,,,,,,,,,,,,,,,,,,,,,,,,,,,,,,,,,,,,,,,,,,,,,,,,,,,,,,,,,,,16537.0,484592,,
1956-10-01,,,,,,,,,,,,,,,,,,,,,,,,,,,,,,,,,,,,,,,,,,,,,,,,,,,,,,,,,,,,,,,,,,,,,,,,,16826.0,483967,,
1957-01-01,,,,,,,,,,,,,,,,,,,,,,,,,,,,,,,,,,,,,,,,,,,,,,,,,,,,,,,,,,,,,,,,,,,,,,,,,17201.0,481640,,
1957-04-01,,,,,,,,,,,,,,,,,,,,,,,,,,,,,,,,,,,,,,,,,,,,,,,,,,,,,,,,,,,,,,,,,,,,,,,,,17263.0,476298,,
1957-07-01,,,,,,,,,,,,,,,,,,,,,,,,,,,,,,,,,,,,,,,,,,,,,,,,,,,,,,,,,,,,,,,,,,,,,,,,,17226.0,481531,,
1957-10-01,,,,,,,,,,,,,,,,,,,,,,,,,,,,,,,,,,,,,,,,,,,,,,,,,,,,,,,,,,,,,,,,,,,,,,,,,17605.0,475113,,
1958-01-01,,,,,,,,,,,,,,,,,,,,,,,,,,,,,,,,,,,,,,,,,,,,,,,,,,,,,,,,,,,,,,,,,,,,,,,,,18238.0,440024,,
1958-04-01,,,,,,,,,,,,,,,,,,,,,,,,,,,,,,,,,,,,,,,,,,,,,,,,,,,,,,,,,,,,,,,,,,,,,,,,,18290.0,429826,,
1958-07-01,,,,,,,,,,,,,,,,,,,,,,,,,,,,,,,,,,,,,,,,,,,,,,,,,,,,,,,,,,,,,,,,,,,,,,,,,18498.0,434322,,
1958-10-01,,,,,,,,,,,,,,,,,,,,,,,,,,,,,,,,,,,,,,,,,,,,,,,,,,,,,,,,,,,,,,,,,,,,,,,,,18614.0,458745,,
1959-01-01,,,,,,,,,,,,,,,,,,,,,,,,,,,,,,,,,,,,,,,,,,,,,,,,,,,,,,,,,,,,,,,,,,,,,,,,,18474.0,485373,,
1959-04-01,,,,,,,,,,,,,,,,,,,,,,,,,,,,,,,,,,,,,,,,,,,,,,,,,,,,,,,,,,,,,,,,,,,,,,,,,19674.0,501748,,
1959-07-01,,,11704.0,,,,,,,,,,,,,,,,,,,,,,,,,,,,,,,,,,,,,,,,,,,,,,,,,,,,,,,,,,,,,,,,,,,,,,19859.0,506699,,
1959-10-01,,,11370.0,,,,,,,,,,,,,,,,,,,,,,,,,,,,,,,,,,,,,,,,,,,,,,,,,,,,,,,,,,,,,,,,,,,,,,21501.0,499754,,
1960-01-01,,,11412.0,,,,,,,,,,,,,,,,,,,,,,,,,,,,,,,,,,,,,,,,,,,,,,,,,,,,,,,,,,,,106446.0,,,,,,,,,,22190.0,515107,,
1960-04-01,,,11640.0,,,,,,,,,,,,,,,,,,,,,,,,,,,,,,,,,,,,,,,,,,,,,,,,,,,,,,,,,,,,98162.0,,,,,,,,,,22836.0,505355,,
1960-07-01,,,11676.0,,,,,,,,,,,,,,,,,,,,,,,,,,,,,,,,,,,,,,,,,,,,,,,,,,,,,,,,,,,,100536.0,,,,,,,,,,23259.0,492719,,
1960-10-01,,,12201.0,,,,,,,,,,,,,,,,,,,,,,,,,,,,,,,,,,,,,,,,,,,,,,,,,,,,,,,,,,,,99372.0,,,,,,,,,,24016.0,489576,,
1961-01-01,,,12354.0,,,,,,,,,,65003.0,,,,,,,,,,,,,,,,,,,,,,,,,,,,,,,,,,,,,,,,,,,,,,,,,,103398.0,,,,,,,,,,24600.0,483448,,
1961-04-01,,,12512.0,,,,,,,,,,66671.0,,,,,,,,,,,,,,,,,,,,,,,,,,,,,,,,,,,,,,,,,,,,,,,,,,101537.0,,,,,,,,,,25032.0,490623,,
1961-07-01,,,12770.0,,,,,,,,,,68920.0,,,,,,,,,,,,,,,,,,,,,,,,,,,,,,,,,,,,,,,,,,,,,,,,,,101432.0,,,,,,,,,,25392.0,500929,,
1961-10-01,,,12170.0,,,,,,,,,,69002.0,,,,,,,,,,,,,,,,,,,,,,,,,,,,,,,,,,,,,,,,,,,,,,,,,,98523.0,,,,,,,,,,24754.0,515209,,
1962-01-01,,,12416.0,,,,,,,,,,70032.0,,,,,,,,,,,,,,,,,,,,,,,,,,,,,,,,,,,,,,,,,,,,,,,,,,100210.0,,,,,,,,,,24949.0,522774,,
1962-04-01,,,12253.0,,,,,,,,,,69670.0,,,,,,,,,,,,,,,,,,,,,,,,,,,,,,,,,,,,,,,,,,,,,,,,,,95905.0,,,,,,,,,,25530.0,537197,,
1962-07-01,,,12839.0,,,,,,,,,,71924.0,,,,,,,,,,,,,,,,,,,,,,,,,,,,,,,,,,,,,,,,,,,,,,,,,,98302.0,,,,,,,,,,25415.0,540234,,
1962-10-01,,,12852.0,,,,,,,,,,71337.0,,,,,,,,,,,,,,,,,,,,,,,,,,,,,,,,,,,,,,,,,,,,,,,,,,101071.0,,,,,,,,,,24805.0,536974,,
1963-01-01,,,13480.0,,,,,,,,,,70786.0,,,,,,,,,,,,,,,,,,,,,,,,,,,,,,,,,,,,,,,,,,,,,,,,,,112068.0,,,,,,,,,,22895.0,541737,,
1963-04-01,,,13539.0,,,,,,,,,,72306.0,,,,,,,,,,,,,,,,,,,,,,,,,,,,,,,,,,,,,,,,,,,,,,,,,,115581.0,,,,,,,,,,26018.0,564051,,
1963-07-01,,,13881.0,,,,,,,,,,73560.0,,,,,,,,,,,,,,,,,,,,,,,,,,,,,,,,,,,,,,,,,,,,,,,,,,117129.0,,,,,,,,,,26550.0,575424,,
1963-10-01,,,14293.0,,,,,,,,,,76819.0,,,,,,,,,,,,,,,,,,,,,,,,,,,,,,,,,,,,,,,,,,,,,,,,,,121317.0,,,,,,,,,,27591.0,589424,,
1964-01-01,,,14363.0,,,,,,,,,,80229.0,,,,,,,,,,,,,,,,,,,,,,,,,,,,,,,,,,,,,,,,,,,,,,,,,,129139.0,,,,,,,,,,28970.0,606133,,
1964-04-01,,,15110.0,,,,,,,,,,81254.0,,,,,,,,,,,,,,,,,,,,,,,,,,,,,,,,,,,,,,,,,,,,,,,,,,136946.0,,,,,,,,,,29773.0,608828,,
1964-07-01,,,15014.0,,,,,,,,,,82545.0,,,,,,,,,,,,,,,,,,,,,,,,,,,,,,,,,,,,,,,,,,,,,,,,,,146230.0,,,,,,,,,,30219.0,617137,,
1964-10-01,,,15249.0,,,,,,,,,,87903.0,,,,,,,,,,,,,,,,,,,,,,,,,,,,,,,,,,,,,,,,,,,,,,,,,,145427.0,,,,,,,,,,30777.0,625897,,
1965-01-01,,,15516.0,,,,,,,,,,87995.0,,,,,,,,,,,,,,,,,,,,,,,,,,,,,,,,,,,,,,,,,,,,,,,,,,157460.0,,,,,,,,,,31358.0,651245,,
1965-04-01,,,16182.0,,,,,,,,,,89183.0,,,,,,,,,,,,,,,,,,,,,,,,,,,,,,,,,,,,,,,,,,,,,,,,,,158542.0,,,,,,,,,,30942.0,667924,,
1965-07-01,,,16453.0,,,,,,,,,,93874.0,,,,,,,,,,,,,,,,,,,,,,,,,,,,,,,,,,,,,,,,,,,,,,,,,,164488.0,,,,,,,,,,31195.0,684775,,
1965-10-01,,,16681.0,,,,,,,,,,96913.0,,,,,,,,,,,,,,,,,,,,,,,,,,,,,,,,,,,,,,,,,,,,,,,,,,174575.0,,,,,,,,,,31864.0,703653,,
1966-01-01,,,17091.0,,,,,,,,,,100003.0,,,,,,,,,,,,,,,,,,,,,,,,,,,,,,,,,,,,,,,,,,,,,,,,,,164476.0,,,,,,,,,,31237.0,722206,,
1966-04-01,,,16776.0,,,,,,,,,,103047.0,,,,,,,,,,,,,,,,,,,,,,,,,,,,,,,,,,,,,,,,,,,,,,,,,,153819.0,,,,,,,,,,30932.0,721059,,
1966-07-01,,,17422.0,,,,,,,,,,102134.0,,,,,,,,,,,,,,,,,,,,,,,,,,,,,,,,,,,,,,,,,,,,,,,,,,164127.0,,,,,,,,,,31400.0,715017,,
1966-10-01,,,17402.0,,,,,,,,,,103399.0,,,,,,,,,,,,,,,,,,,,,,,,,,,,,,,,,,,,,,,,,,,,,,,,,,165197.0,,,,,,,,,,31527.0,698314,,
1967-01-01,,,17686.0,,,,,,,,,,103633.0,,,,,,,,,,,,,,,,,,,,,,,,,,,,,,,,,,,,,,,,,,,,,,,,,,161067.0,,,,,,,,,,32790.0,684874,,
1967-04-01,,,17906.0,,,,,,,,,,103225.0,,,,,,,,,,,,,,,,,,,,,,,,,,,,,,,,,,,,,,,,,,,,,,,,,,163360.0,,,,,,,,,,34349.0,701554,,
1967-07-01,,,18445.0,,,,,,,,,,101783.0,,,,,,,,,,,,,,,,,,,,,,,,,,,,,,,,,,,,,,,,,,,,,,,,,,172341.0,,,,,,,,,,34501.0,707696,,
1967-10-01,,,18532.0,,,,,,,,,,100335.0,,,,,,,,,,,,,,,,,,,,,,,,,,,,,,,,,,,,,,,,,,,,,,,,,,167560.0,,,,,,,,,,34377.0,729524,,
1968-01-01,,,19164.0,,,,,,,,,,102410.0,,,,,,,,,,,,,,,,,,,,,,,,,,,,,,,,,,,,,,,,,,,,,,,,,,173634.0,,,,,,,,,,37028.0,745521,,
1968-04-01,,,19467.0,,,,,,,,,,102486.0,,,,,,,,,,,,,,,,,,,,,,,,,,,,,,,,,,,,,,,,,,,,,,,,,,173087.0,,,,,,,,,,36662.0,742921,,
1968-07-01,,,19634.0,,,,,,,,,,102548.0,,,,,,,,,,,,,,,,,,,,,,,,,,,,,,,,,,,,,,,,,,,,,,,,,,169887.0,,,,,,,,,,37678.0,751653,,
1968-10-01,,,20122.0,,,,,,,,,,105031.0,,,,,,,,,,,,,,,,,,,,,,,,,,,,,,,,,,,,,,,,,,,,,,,,,,177787.0,,,,,,,,,,39563.0,775007,,
1969-01-01,,,20051.0,,,,,,,,,,106106.0,,,,,,,,,,,,,,,,,,,,,,,,,,,,,,,,,,,,,,,,,,,,,,,,,,193090.0,,,,,,,,,,36545.0,797542,,
1969-04-01,,,20634.0,,,,,,,,,,107860.0,,,,,,,,,,,,,,,,,,,,,,,,,,,,,,,,,,,,,,,,,,,,,,,,,,192299.0,,,,,,,,,,36753.0,800259,,
1969-07-01,,,20528.0,,,,,,,,,,108757.0,,,,,,,,,,,,,,,,,,,,,,,,,,,,,,,,,,,,,,,,,,,,,,,,,,195998.0,,,,,,,,,,38060.0,807855,,
1969-10-01,,,20878.0,,,,,,,,,,109548.0,,,,,,,,,,,,,,,,,,,,,,,,,,,,,,,,,,,,,,,,,,,,,,,,,,200051.0,,,,,,,,,,38243.0,790028,,
1970-01-01,,,20604.0,,,,,,,,,,109716.0,,,,,,,,,,,,,,,,,,,,,,,,,,,,,,,,,,,,,,,,,,,,,,,,,,205158.0,,,,,,,,,,37163.0,781419,,
1970-04-01,,,21070.0,,,,,,,,,,105856.0,,,,,,,,,,,,,,,,,,,,,,,,,,,,,,,,,,,,,,,,,,,,,,,,,,223832.0,,,,,,,,,,38734.0,771064,,
1970-07-01,,,20867.0,,,,,,,,,,108691.0,,,,,,,,,,,,,,,,,,,,,,,,,,,,,,,,,,,,,,,,,,,,,,,,,,232814.0,,,,,,,,,,39186.0,776030,,
1970-10-01,,,21249.0,,,,,,,,,,110455.0,,,,,,,,,,,,,,,,,,,,,,,,,,,,,,,,,,,,,,,,,,,,,,,,,,231154.0,,,,,,,,,,40351.0,774614,,
1971-01-01,,,21923.0,,,,,,,,,,111231.0,,,,,,,,,,,,,,,,,,,,,,,,,,,,,,,,,,,,,,,,,,,,,,,,,,240612.0,,,,,,,,,,39596.0,792088,,
1971-04-01,,,21717.0,,,,,,,,,,115784.0,,,,,,,,,,,,,,,,,,,,,,,,,,,,,,,,,,,,,,,,,,,,,,,,,,239821.0,,,,,,,,,,41538.0,822475,,
1971-07-01,,,22611.0,,,,,,,,,,118532.0,,,,,,,,,,,,,,,,,,,,,,,,,,,,,,,,,,,,,,,,,,,,,,,,,,247139.0,,,,,,,,,,42497.0,837817,,
1971-10-01,,,21894.0,,,,,,,,,,120730.0,,,,,,,,,,,,,,,,,,,,,,,,,,,,,,,,,,,,,,,,,,,,,,,,,,261918.0,,,,,,,,,,43110.0,860491,,
1972-01-01,,,21742.0,,,,,,,,,,121031.0,,,,,,,,,,,,,,,,,,,,,,,,,,,,,,,,,,,,,,,,,,,,,,,,,,262987.0,,,,,,,,,,42736.0,894680,,
1972-04-01,,,21915.0,,,,,,,,,,122555.0,,,,,,,,,,,,,,,,,,,,,,,,,,,,,,,,,,,,,,,,,,,,,,,,,,255925.0,,,,,,,,,,44141.0,910596,,
1972-07-01,,,22315.0,,,,,,,,,,121597.0,,,,,,,,,,,,,,,,,,,,,,,,,,,,,,,,,,,,,,,,,,,,,,,,,,265710.0,,,,,,,,,,44036.0,921172,,
1972-10-01,,,22477.0,,,,,,,,,,120348.0,,,,,,,,,,,,,,,,,,,,,,,,,,,,,,,,,,,,,,,,,,,,,,,,,,262679.0,,,,,,,,,,43906.0,962851,,
1973-01-01,,,22986.0,,,,,,,,,,126823.0,,,,,,,,,,,,,,,,,18392.0,,,,,,,,,,,,,,,,,,,,,,,,,,,,,,,,,265386.0,,,,,,,,,,46185.0,999176,,
1973-04-01,,,23082.0,,,,,,,,,,129617.0,,,,,,,,,,,,,,,,,18952.0,,,,,,,,,,,,,,,,,,,,,,,,,,,,,,,,,267154.0,,,,,,,,,,44670.0,1009191,,
1973-07-01,,,23459.0,,,,,,,,,,132116.0,,,,,,,,,,,,,,,,,17182.0,,,,,,,,,,,,,,,,,,,,,,,,,,,,,,,,,280208.0,,,,,,,,,,43787.0,1008067,,
1973-10-01,,,24210.0,,,,,,,,,,136807.0,,,,,,,,,,,,,,,,,17185.0,,,,,,,,,,,,,,,,,,,,,,,,,,,,,,,,,289242.0,,,,,,,,,,43599.0,993385,,
1974-01-01,,,24262.0,,,,,,,,,,142125.0,,,,,,,,,,,,,,,,,17520.0,,,,,,,,,,,,,,,,,,,,,,,,,,,,,,,,,296604.0,,,,,,,,,,43200.0,974903,,
1974-04-01,,,22806.0,,,,,,,,,,137337.0,,,,,,,,,,,,,,,,,17878.0,,,,,,,,,,,,,,,,,,,,,,,,,,,,,,,,,284283.0,,,,,,,,,,40821.0,967795,,
1974-07-01,,,22181.0,,,,,,,,,,137433.0,,,,,,,,,,,,,,,,,18421.0,,,,,,,,,,,,,,,,,,,,,,,,,,,,,,,,,294533.0,,,,,,,,,,40370.0,959975,,
1974-10-01,,,21960.0,,,,,,,,,,136735.0,,,,,,,,,,,,,,,,,16714.0,,,,,,,,,,,,,,,,,,,,,,,,,,,,,,,,,298528.0,,,,,,,,,,40547.0,916591,,
1975-01-01,,,22129.0,,,,,,,,,,138009.0,,,,,,,,,,,,,,,,,17520.0,,,,,,,,,,,,,,,,,,,,,,,,,,,,,,2184.7,,,296328.0,,,,,,,,,,39474.0,873697,,
1975-04-01,,,22394.0,,,,,,,,,,141817.0,,,,,,,,,,,,,,,,,17699.0,,,,,,,,,,,,,,,,,,,,,,,,,,,,,,2135.7,,,331662.0,,,,,,,,,,39298.0,870719,,
1975-07-01,,,22666.0,,,,,,,,,,147437.0,,,,,,,,,,,,,,,,,18065.0,,,,,,,,,,,,,,,,,,,,,,,,,,,,,,1971.6,,,326392.0,,,,,,,,,,38711.0,886677,,
1975-10-01,,,22494.0,,,,,,,,,,149880.0,,,,,,,,,,,,,,,,,18722.0,,,,,,,,,,,,,,,,,,,,,,,,,,,,,,2129.9,,,334112.0,,,,,,,,,,37594.0,902542,,
1976-01-01,,,22972.0,,,,,,,,,,151434.0,,,,,,,,,,,,,,,,,20022.0,,,,,,,,,,,,,,,,,,,,,,,,,,,,,,2326.4,,,320376.0,,,,,,,,,,39478.0,938609,,
1976-04-01,,,23579.0,,,,,,,,,,156543.0,,,,,,,,,,,,,,,,,20322.0,,,,,,,,,,,,,,,,,,,,,,,,,,,,,,2247.0,,,329335.0,,,,,,,,,,39111.0,961001,,
1976-07-01,,,23160.0,,,,,,,,,,152617.0,,,,,,,,,,,,,,,,,20429.0,,,,,,,,,,,,,,,,,,,,,,,,,,,,,,2295.6,,,309195.0,,,,,,,,,,38639.0,972936,,
1976-10-01,,,24327.0,,,,,,,,,,153524.0,,,,,,,,,,,,,,,,,21204.0,,,,,,,,,,,,,,,,,,,,,,,,,,,,,,1979.6,,,313669.0,,,,,,,,,,38902.0,1016834,,
1977-01-01,,,24075.0,,,,,,,,,,155804.0,,,,,,,,,,,,,,,,,25436.0,,,,,,,,,,,,,,,,,,,,,,,,,,,,,,2022.7,,,316418.0,,,,,,,,,,37909.0,1056877,,
1977-04-01,,,23715.0,,,,,,,,,,156982.0,,,,,,,,,,,,,,,,,25328.0,,,,,,,,,,,,,,,,,,,,,,,,,,,,,,2215.2,,,286052.0,,,,,,,,,,40017.0,1116810,,
1977-07-01,,,24466.0,,,,,,,,,,158726.0,,,,,,,,,,,,,,,,,25328.0,,,,,,,,,,,,,,,,,,,,,,,,,,,,,,2349.7,,,301375.0,,,,,,,,,,39580.0,1142180,,
1977-10-01,,,24097.0,,,,,,,,,,157559.0,,,,,,,,,,,,,,,,,27110.0,,,,,,,,,,,,,,,,,,,,,,,,,,,,,,2371.5,,,292863.0,,,,,,,,,,41043.0,1161584,,
1978-01-01,,,24712.0,,,,,,,,,,156967.0,,,,,,,,,,,,,,,,,28636.0,,,,,,,,,,,,,,,,,,,,84180.0,,,,,,,,,,2583.0,,,279105.0,,,,,,,,,,42484.0,1177039,,
1978-04-01,,,25656.0,,,,,,,,,,160699.0,,,,,,,,,,,,,,,,,28129.0,,,,,,,,,,,,,,,,,,,,81856.0,,,,,,,,,,2436.3,,,299035.0,,,,,,,,,,42562.0,1259296,,
1978-07-01,,,26185.0,,,,,,,,,,160562.0,,,,,,,,,,,,,,,,,27926.0,,,,,,,,,,,,,,,,,,,,81408.0,,,,,,,,,,2339.2,,,277976.0,,,,,,,,,,42524.0,1296742,,
1978-10-01,,,27112.0,,,,,,,,,,162627.0,,,,,,,,,,,,,,,,,29235.0,,,,,,,,,,,,,,,,,,,,85951.0,,,,,,,,,,2767.0,,,307406.0,,,,,,,,,,42661.0,1324736,,
1979-01-01,,,27558.0,,,,,,,,,,164533.0,,,,,,,,,,,,,,,,,33060.0,,,,,,,,,,,,,,,,,,,,81176.0,,,,,,,,,,2411.6,,,293696.0,,,,,,,,,,44861.0,1340250,,
1979-04-01,,,27747.0,,,,,,,,,,166124.0,,,,,,,,,,,,,,,,,31168.0,,,,,,,,,,,,,,,,,,,,87534.0,,,,,,,,,,2773.0,,,292195.0,,,,,,,,,,45888.0,1334109,,
1979-07-01,,,27114.0,,,,,,,,,,174833.0,,,,,,,,,,,,,,,,,32530.0,,,,,,,,,,,,,,,,,,,,87751.0,,,,,,,,,,3180.0,,,314918.0,,,,,,,,,,46740.0,1360653,,
1979-10-01,,,27822.0,,,,,,,,,,175730.0,,,,,,,,,,,,,,,,,34198.0,,,,,,,,,,,,,,,,,,,,83346.0,,,,,,,,,,3109.0,,,311211.0,,,,,,,,,,47391.0,1350459,,
1980-01-01,,,28067.0,,,,,,,,,,177922.0,,,,,,,,,,,,,67094.0,,,,39049.0,,,,,,,,,,,,,,,,,,,,80078.0,,,,,,,,,,3340.0,,,327001.0,,,,20668.0,,,,,,45107.0,1335774,,
1980-04-01,,,28720.0,,,,,,,,,,173517.0,,,,,,,,,,,,,66965.0,,,,38798.0,,,,,,,,,,,,,,,,,,,,84377.0,,,,,,,,,,3566.0,,,360939.0,,,,20446.0,,,,,,43343.0,1225402,,
1980-07-01,,,30800.0,,,,,,,,,,180787.0,,,,,,,,,,,,,66897.0,,,,40221.0,,,,,,,,,,,,,,,,,,,,87119.0,,,,,,,,,,3458.0,,,373551.0,,,,20625.0,,,,,,42572.0,1239339,,
1980-10-01,,,30986.0,,,,,,,,,,185881.0,,,,,,,,,,,,,66404.0,,,,39424.0,,,,,,,,,,,,,,,,,,,,84156.0,,,,,,,,,,3525.0,,,357514.0,,,,20848.0,,,,,,41962.0,1280179,,
1981-01-01,,,31994.0,,,,,,,,,,194809.0,,,,,,,,,,,,,66053.0,,,,42456.0,,,,,,,,,,,,,,,,,,,,88534.0,,,,,,,,,,3580.0,,,378884.0,,,,20874.0,269986.0,,,,,39641.0,1291918,,
1981-04-01,,,32230.0,,,,,,,,,,200033.0,,,,,,,,,,,,,66167.0,,,,44085.0,,,,,,,,,,,,,,,,,,,,85249.0,,,,,,,,,,3810.0,,,383608.0,,,,20902.0,287412.0,,,,,40566.0,1304992,,
1981-07-01,,,33614.0,,,,,,,,,,195251.0,,,,,,,,,,,,,66099.0,,,,43280.0,,,,,,,,,,,,,,,,,,,,89550.0,,,,,,,,,,4121.0,,,390623.0,,,,21305.0,230885.0,,,,,40902.0,1302756,,
1981-10-01,,,34370.0,,,,,,,,,,193231.0,,,,,,,,,,,,,66472.0,,,,42252.0,,,,,,,,,,,,,,,,,,,,89320.0,,,,,,,,,,4613.0,,,392957.0,,,,20520.0,286994.0,,,,,40402.0,1302207,,
1982-01-01,,,34135.0,,,,,,,,,,187135.0,,,,,,,,,,,,,66045.0,,,,45005.0,,,,,,,,,,,,,,,,,,,,92866.0,,,,,,,,,,4869.0,,,389203.0,,,,20091.0,193637.0,,,,,40330.0,1266243,,
1982-04-01,,,33029.0,,,,,,,,,,174430.0,,,,,,,,,,,,,66269.0,,,,41581.0,,,,,,,,,,,,,,,,,,,,86509.0,,,,,,,,,,4682.0,,,387330.0,,,,20094.0,277928.0,,,,,42173.0,1225409,,
1982-07-01,,,32164.0,,,,,,,,,,166704.0,,,,,,,,,,,,,65308.0,,,,45516.0,,,,,,,,,,,,,,,,,,,,86925.0,,,,,,,,,,5065.0,,,371146.0,,,,19920.0,237112.0,,,,,43405.0,1186784,,
1982-10-01,,,31171.0,,,,,,,,,,170642.0,,,,,,,,,,,,,64630.0,,,,43255.0,,,,,,,,,,,,,,,,,,,,89154.0,,,,,,,,,,4924.0,,,365161.0,,,,20027.0,304299.0,,,,,43883.0,1178424,,
1983-01-01,,,29528.0,,,,,,,,,,169684.0,,,,,,,,,,,,,64340.0,,,,40369.0,,,,,,,,,,,,,,,,,,,,96226.0,,,,,,,,,,4848.0,,,364803.0,,,,20383.0,182127.0,,,,,45187.0,1192469,,
1983-04-01,,,29485.0,,,,,,,,,,173169.0,,,,,,,,,,,,,63636.0,,,,38801.0,,,,,,,,,,,,,,,,,,,,93753.0,,,,,,,,,,5746.0,,,379254.0,,,,20806.0,241598.0,,,,,44649.0,1224815,,
1983-07-01,,,30833.0,,,,,,,,,,174974.0,,,,,,,,,,,,,63377.0,,,,41052.0,,,,,,,,,,,,,,,,,,,,90303.0,,,,,,,,,,5542.0,,,352366.0,,,,20735.0,255991.0,,,,,45076.0,1280228,,
1983-10-01,,,31639.0,,,,,,,,,,176116.0,,,,,,,,,,,,,63084.0,,,,40868.0,,,,,,,,,,,,,,,,,,,,94735.0,,,,,,,,,,5537.0,,,362844.0,,,,20978.0,354579.0,,,,,47172.0,1344318,,
1984-01-01,,,32120.0,,,,,,,,,,176642.0,,,,,,,,,,,,,63323.0,,,,39985.0,,,,,,,,,,,,,,,,,,,,93612.0,,,,,,,,,,5914.0,,,361405.0,,,,21598.0,172444.0,,,,,48186.0,1375539,,
1984-04-01,,,33973.0,,,,,,,,,,176342.0,,,,,,,,,,,,,62980.0,,,,41446.0,,,,,,,,,,,,,,,,,,,,99108.0,,,,,,,,,,6120.0,,,360486.0,,,,21474.0,268956.0,,,,,48369.0,1424059,,
1984-07-01,,,33377.0,,,,,,,,,,177963.0,,,,,,,,,,,,,62852.0,,,,41618.0,,,,,,,,,,,,,,,,,,,,96010.0,,,,,,,,,,5641.0,,,361812.0,,,,21625.0,287021.0,,,,,48441.0,1445293,,
1984-10-01,,,34218.0,,,,,,,,,,178038.0,,,,,,,,,,,,,63339.0,,,,42368.0,,,,,,,,,,,,,,,,,,,,91149.0,,,,,,,,,,6100.0,,,353828.0,,,,21824.0,323834.0,,,,,48802.0,1464941,,
1985-01-01,,,36533.0,,,,,,,,,,182384.0,,,,,,,,,,,,,63254.0,,,,41533.0,,,,,,,,,,,,,,,,,,,,97203.0,,,,,,,,,,5944.0,,,354794.0,,,,22169.0,188467.0,,,,,52467.0,1468874,,
1985-04-01,,,36792.0,,,,,,,,,,191000.0,,,,,,,,,,,,,64349.0,,,,41743.0,,,,,,,,,,,,,,,,,,,,92526.0,,,,,,,,,,5056.0,,,340250.0,,,,22320.0,256633.0,,,,,48189.0,1481100,,
1985-07-01,,,38300.0,,,,,,,,,,197035.0,,,,,,,,,,,,,65252.0,,,,39637.0,,,,,,,,,,,,,,,,,,,,97266.0,,,,,,,,,,5076.0,,,322042.0,,,,22343.0,231100.0,,,,,48605.0,1473062,,
1985-10-01,,,37097.0,,,,,,,,,,198760.0,,,,,,,,,,,,,65679.0,,,,42659.0,,,,,,,,,,,,,,,,,,,,80863.0,,,,,,,,,,4879.0,,,319442.0,,,,22819.0,289758.0,,,,,48412.0,1502266,,
1986-01-01,,,36857.0,,,,,,,,,,200794.0,,,,,,,,,,,,,66064.0,,,,41165.0,,,,,,,,,,,,,,,,,,,,99150.0,,,,,,,,,,4741.0,,,276566.0,,,,23368.0,170768.0,,,,,47891.0,1506830,,
1986-04-01,,,37024.0,,,,,,,,,,200286.0,,,,,,,,,,,,,67058.0,,,,41856.0,,,,,,,,,,,,,,,,,,,,103066.0,,,,,,,,,,4511.0,,,270958.0,,,,23678.0,288612.0,,,,,46567.0,1512885,,
1986-07-01,,,36266.0,,,,,,,,,,198973.0,,,,,,,,,,,,,67687.0,,,,43470.0,,,,,,,,,,,,,,,,,,,,99279.0,,,,,,,,,,4724.0,,,276276.0,,,,24513.0,257682.0,,,,,49172.0,1512583,,
1986-10-01,,,38090.0,,,,,,,,,,199586.0,,,,,,,,,,,,,68258.0,,,,49140.0,,,,,,,,,,,,,,,,,,,,93582.0,,,,,,,,,,4402.0,,,264467.0,,,,24369.0,315229.0,,,,,51554.0,1525761,,
1987-01-01,,,36690.0,,,,,,,,,,204679.0,,,,,,,,,,,,,68468.0,,,,47599.0,,,,,,,,,,,,,,,,,,,,95797.0,,,,,,,,,,4515.0,,,265581.0,,,,24370.0,202223.0,,,,,50260.0,1495549,,
1987-04-01,,,38809.0,,,,,,,,,,213922.0,,,,,,,,,,,,,70035.0,,,,48256.0,,,,,,,,,,,,,,,,,,5024.0,,95171.0,,,,,,,,,,4620.0,,,252198.0,,,,24832.0,323934.0,,,,,52682.0,1511405,,
1987-07-01,,,38309.0,,,,,,,,,,225029.0,,,,,,,,,,,,,71534.0,,,,51872.0,,,,,,,,,,,,,,,,,,4936.0,,105472.0,,,,,,,,,,4603.0,,,254309.0,,,,24961.0,303157.0,,,,,57537.0,1530441,,
1987-10-01,,,40628.0,,,,,,,,,,228574.0,,,,,,,,,,,,,72924.0,,,,52786.0,,,,,,,,,,,,,,,,,,4836.0,,101679.0,,,,,,,,,,4760.0,,,260497.0,,,,25761.0,444138.0,,,,,58922.0,1532097,,
1988-01-01,,,40956.0,,,,,,,,,,233016.0,,,,,,,,,,,,,74717.0,,,,50861.0,,,,,,,,,,,,,,,,,,5013.0,,96926.0,,,,,,,,,,4510.0,,,282960.0,,,,26161.0,388774.0,,,,,61847.0,1534342,,
1988-04-01,,,41186.0,,,,,,,,,,235459.0,,,,,,,,,,,,,76098.0,,,,53781.0,,,,,,,,,,,,,,,,,,4917.0,,101635.0,,,,,,,,,,4808.0,,,287786.0,,,,26854.0,388071.0,,,,,63501.0,1559208,,
1988-07-01,,,41749.0,,,,,,,,,,243317.0,,,,,,,,,,,,,77627.0,,,,55513.0,,,,,,,,,,,,,,,,,,4862.0,,95774.0,,,,,,,,,,5192.0,,,295214.0,,,,27473.0,432299.0,,,,,64054.0,1555868,,
1988-10-01,,,44251.0,,,,,,,,,,240014.0,,,,,,,,,,,,,78864.0,,,,56677.0,,,,,,,,,,,,,,,,,,4762.0,,99765.0,,,,,,,,,,5047.0,,,296560.0,,,,27666.0,418347.0,,,,,63988.0,1575555,,
1989-01-01,,,45776.0,,,,,,,,,,250198.0,,,,,,,,,,,,,80730.0,,,,56769.0,,,,,,,,,,,,,,,,,,4952.0,,88450.0,,,,,,,,,,5586.0,,,296881.0,,,,27888.0,345072.0,,,,,67398.0,1582015,,
1989-04-01,,,46573.0,,,,,,,,,,248191.0,,,,,,,,,,,,,82008.0,,,,57458.0,,,,,,,,,,,,,,,,,,5124.0,,89690.0,,,,,,,,,,5371.0,,,307159.0,,,,28170.0,442748.0,,,,,66073.0,1577509,,
1989-07-01,,,46632.0,,,,,,,,,,247061.0,,,,,,,,,,,,,83018.0,,,,57008.0,,,,,,,,,,,,,,,,,,4904.0,,91099.0,,,,,,,,,,5480.0,,,315364.0,,,,28264.0,399220.0,,,,,66800.0,1601523,,
1989-10-01,,,45229.0,,,,,,,,,,255415.0,,,,,,,,,,,,,84642.0,,,,54138.0,,,,,,,,,,,,,,,,,,5285.0,,98278.0,,,,,,,,,,6216.0,,,318734.0,,,,28889.0,457162.0,,,,,65488.0,1578304,,
1990-01-01,,,44931.0,,,,,,,,,,251583.0,,,,,,,,,,,,10372.0,85875.0,,,,57631.0,,,,,,,,,,,,,,,,,,5072.0,,94661.0,,,,,,,,,,6079.0,,,313387.0,41119.0,,,29604.0,392379.0,,,,,65910.0,1589572,,
1990-04-01,,,43174.0,,,,,,,,,,245503.0,,,,,,,,,,,,9786.0,86244.0,,,,60746.0,,,,,,,,,,,,,,,,,,5019.0,,83708.0,,,,,,,,,,6229.0,,,306589.0,42498.0,,,29659.0,462854.0,,,,,64970.0,1546950,,
1990-07-01,,,43006.0,,,,,,,,,,238767.0,,,,,,,,,,,,9441.0,86740.0,,,,61247.0,,,,,,,,,,,,,,,,,,5027.0,,75247.0,,,,,,,,,,6472.0,,,298455.0,45637.0,,,29647.0,355654.0,,,,,64376.0,1530517,,
1990-10-01,,,41475.0,,,,,,,,,,230205.0,,,,,,,,,,,,9274.0,86632.0,,,,64186.0,,,,,,,,,,,,,,,,,,5148.0,,76000.0,,,,,,,,,,6437.0,,,290724.0,46348.0,,,29377.0,466682.0,,,,,63661.0,1487962,,
1991-01-01,,,39764.0,,,,,,,,,,232129.0,,,,,,,,,17.4,,,8701.0,85832.0,121353.0,,,60413.0,,,,,,,,,,,,,,,,,,4475.0,,83911.0,,,,,,,,,,6848.0,,,284936.0,48094.0,,,29535.0,416694.0,,,,,60760.0,1444792,,
1991-04-01,,,38659.0,,,,,,,,,,229477.0,,,,,,,,,19.8,,,8333.0,86171.0,122428.0,,,66794.0,,,,,,,,,,,,,,,,,,4027.0,,77706.0,,,,,,,,,,7520.0,,,282763.0,50175.0,,,29549.0,475148.0,,,,,59854.0,1441114,,
1991-07-01,,,39019.0,,,,,,,,,,230225.0,,,,,,,,,21.0,,,7857.0,86106.0,122776.0,,,68375.0,,,,,,,,,,,,,,,,,,4169.0,,88257.0,,,,,,,,,,7265.0,,,277881.0,50073.0,,,28988.0,481120.0,,,,,58765.0,1433057,,
1991-10-01,,,39020.0,,,,,,,,,,233427.0,,,,,,,,,21.7,,,7407.0,85527.0,126412.0,,,71210.0,,,,,,,,,,,,,,,,,,4144.0,,78434.0,,,,,,,,,,6942.0,,,274237.0,52416.0,,,27983.0,514222.0,,,,,58977.0,1426137,,
1992-01-01,,,39042.0,,,,,,,,,,231808.0,,,,,,,,,23.3,,,7287.0,86081.0,130342.0,,,65286.0,,,,,,,,,,,,,,,,,,4365.0,,69747.0,,,,,,,,,,7560.0,,,269993.0,53704.0,,,27377.0,477036.0,,,,,59135.0,1434224,,
1992-04-01,,,39312.0,,,,,,,,,,222221.0,,,,,,,,,23.6,,,6991.0,85083.0,129100.0,,,73552.0,,,,,,,,,,,,,,,,,,4173.0,,82100.0,,,,,,,,,,7902.0,,,269044.0,51615.0,,,27322.0,539268.0,,,,,58782.0,1475289,,
1992-07-01,,,39634.0,,,,,,,,,,226708.0,,,,,,,,,27.1,,,6893.0,84181.0,125435.0,,,75391.0,,,,,,,,,,,,,,,,,,4169.0,,81450.0,,,,,,,,,,7908.0,,,262586.0,49585.0,,,26004.0,545908.0,,,,,59011.0,1488544,,
1992-10-01,,,42993.0,,,,,,,,,,217324.0,,,,,,,,,24.6,,,6685.0,82966.0,125556.0,,,76481.0,,,,,,,,,,,,,,,,,,4324.0,,88537.0,,,,,,,,,,8564.0,,,259294.0,50612.0,,,25738.0,576004.0,,,,,57591.0,1526927,,
1993-01-01,,,41855.0,,,,,,,,,1035.2,214916.0,,,,,,,,,23.7,,,6102.0,81573.0,122735.0,,,70409.0,,,,,,,,,,,,,,2075294.0,,,,4492.0,,79110.0,,,,,,,,,,8289.0,,,257886.0,53038.0,,111954.0,25507.0,507267.0,489903.0,,,,58981.0,1534928,,
1993-04-01,,,42289.0,,,,,,,,,,220024.0,,,,,,,,,23.4,,,6184.0,80122.0,121584.0,,,76581.0,,,,,,,,,,,,,,2083039.0,,,,4715.0,,83911.0,,,,,,,,,,8781.0,,,260519.0,55431.0,,111826.0,25797.0,575159.0,499025.0,,,,58653.0,1558584,,
1993-07-01,,,41856.0,,,,,,,,,,224794.0,,,,,,,,,27.4,,,6059.0,79128.0,122023.0,,,76734.0,,,,,,,,,,,,,,2128480.0,,,,5081.0,,86394.0,,,,,,,,,,8890.0,,,264912.0,56191.0,,109230.0,25612.0,569190.0,528543.0,,,,58726.0,1576701,,
1993-10-01,,,43110.0,,,,,,,,,,227897.0,,,,,,,,,40.2,,,6024.0,78946.0,120539.0,,,75542.0,,,,,,,,,,,,,,2289260.0,,,,5124.0,,89335.0,,,,,,,,,,9104.0,,,271716.0,57555.0,,112325.0,26041.0,629905.0,514354.0,,,,59953.0,1636211,,
1994-01-01,,,44453.0,,,,,,,,,1039.9,230849.0,,,,,,,,,25.7,,,5986.0,80235.0,124310.0,,,81080.0,,,,,,,,36498.0,,,,,,2420554.0,,,,5179.0,,83742.0,,,,,,,,,,9396.0,,,274432.0,60635.0,,117314.0,25996.0,554467.0,522250.0,,,,60675.0,1656769,,
1994-04-01,,,47011.0,,,,,,,,,,238097.0,,,,,,,,,25.1,,,6104.0,81043.0,125612.0,,,88063.0,,,,,,,,32019.0,,,,,,2495082.0,,,,5579.0,,92410.0,,,,,,,,,,9346.0,,,280433.0,61630.0,,116275.0,26544.0,618208.0,570852.0,,,,59457.0,1687623,,
1994-07-01,,,49169.0,,,,,,,,,,238245.0,,,,,,,,,28.2,,,6222.0,81665.0,126006.0,,,84637.0,,,,,,,,35329.0,,,,,,2496777.0,,,,5748.0,,89098.0,,,,,,,,,,9931.0,,,288152.0,63349.0,,118552.0,27029.0,604085.0,574384.0,,,,59857.0,1699254,,
1994-10-01,,,50451.0,,,,,,,,,,239923.0,,,,,,,,,54.1,,,6264.0,82009.0,128990.0,,,90290.0,,,,,,,,37252.0,,,,,,2422796.0,,,,5902.0,,91291.0,,,,,,,,,,9879.0,,,299025.0,67842.0,,126153.0,27314.0,679989.0,598532.0,,,,60187.0,1737884,,
1995-01-01,,,48746.0,14839.0,,,,14847.0,,,853.0,1531.4,233962.0,,,,,898.8,702.0,180292.0,62497.0,29.7,336.7,446748.0,6811.0,82716.0,125707.0,6072.0,,87731.0,984803.0,,,,4280.0,38494.0,,36682.0,251.1,479.4,1101.9,,,1680706.0,,,,5942.0,,88814.0,,,,31075.0,7164.0,22135.0,,,67283.0,9889.0,2048.7,1274.6,305911.0,69886.0,35105.0,125099.0,28136.0,562558.0,633755.0,,,,59389.0,1776176,,
1995-04-01,,,47517.0,14941.0,,,,15095.0,,,1247.2,,233410.0,,,,,926.1,713.4,188279.0,63275.0,30.4,335.1,448205.0,6830.0,82296.0,126964.0,6602.0,,94066.0,1000513.0,,,,4210.0,39050.0,,32635.0,276.9,506.4,1120.9,,,1476297.0,,,,6223.0,,89026.0,,,,25090.0,7558.0,16034.0,,,62531.0,10312.0,2121.4,1251.9,317932.0,70611.0,35426.0,125018.0,28231.0,671722.0,618856.0,,,,59495.0,1773014,,
1995-07-01,,,50922.0,15034.0,,,,15265.0,,,1498.4,,232846.0,,,,,969.9,720.0,197925.0,66342.0,33.3,331.7,451240.0,6845.0,82239.0,126646.0,7607.0,,93722.0,969562.0,,,,4608.0,38795.0,,36782.0,309.2,468.4,1171.7,,,1496124.0,,,,6211.0,,91654.0,,,,28161.0,7326.0,14081.0,,,56274.0,10979.0,2297.1,1261.4,319480.0,73052.0,35479.0,131312.0,27797.0,646783.0,636883.0,,,,59910.0,1794459,,
1995-10-01,,,48070.0,15246.0,,,,15258.0,,,1675.1,,233966.0,,,,,1042.7,726.0,207298.0,69952.0,47.3,350.5,455505.0,7170.0,82322.0,125692.0,6280.0,,93641.0,985157.0,,,,4689.0,40451.0,,39521.0,359.4,529.2,1243.1,,,1644172.0,,,,6406.0,,98555.0,,,,30153.0,7397.0,12572.0,,,52129.0,12044.0,2253.0,1341.0,320818.0,72788.0,35483.0,136519.0,28190.0,667741.0,645499.0,,,,60200.0,1820108,,
1996-01-01,,,49767.0,15442.0,,,,15002.0,,33267.0,288.5,1389.8,239120.0,,,,,1131.1,694.9,216061.0,63370.0,36.2,362.2,446785.0,7477.0,82988.0,119119.0,6808.0,,94536.0,988712.0,,,,4948.0,41968.0,71849.0,40103.0,398.7,590.9,1079.8,,,1717347.0,,,22683.0,6527.0,,104726.0,,,,32840.0,7132.0,19424.0,,,57557.0,13048.0,2615.0,1348.9,332590.0,75787.0,35766.0,133508.0,27895.0,597546.0,647974.0,,,,61748.0,1855097,,
1996-04-01,,,52484.0,15628.0,,,,15027.0,,36228.0,450.0,,239181.0,,,,,1228.6,682.6,213737.0,68612.0,36.1,427.6,462683.0,7438.0,82760.0,128342.0,7109.0,,101851.0,1005521.0,,,,5209.0,42463.0,72713.0,35314.0,405.0,562.5,1367.2,,,1812217.0,,,24150.0,6631.0,,103586.0,,,,34728.0,7671.0,16574.0,,,64766.0,13911.0,2587.0,1398.3,343133.0,75201.0,35952.0,133367.0,27772.0,645882.0,651023.0,,,,63839.0,1901417,,
1996-07-01,,,49940.0,15875.0,,,,15220.0,,37688.0,437.1,,248949.0,,,,,1319.8,680.8,211114.0,70749.0,40.0,410.3,466269.0,7677.0,83069.0,128040.0,7670.0,,100051.0,1031797.0,,,,5250.0,43768.0,72524.0,39101.0,416.8,568.4,1062.5,,,1938306.0,,,24906.0,6617.0,,97901.0,,,,35374.0,8012.0,15207.0,,,67624.0,12600.0,2924.0,1417.5,349397.0,80011.0,36619.0,138407.0,27660.0,594503.0,688959.0,,,,63348.0,1943576,,
1996-10-01,,,51846.0,15760.0,,,,15550.0,,37749.0,528.6,,260828.0,,,,,1422.3,683.3,208334.0,73272.0,48.1,415.1,466967.0,7832.0,82977.0,128221.0,7400.0,,112116.0,1094805.0,,,,5373.0,43408.0,70862.0,41014.0,403.0,675.6,1033.5,,,2061720.0,,,26076.0,6584.0,,96287.0,,,,32778.0,8156.0,15973.0,,,73134.0,14189.0,3101.0,1370.8,352897.0,79867.0,36607.0,139173.0,27600.0,747901.0,724143.0,,,,61211.0,1963289,,
1997-01-01,,,55441.0,15782.0,,,,15873.0,,37013.0,596.3,1619.8,265675.0,,,,,1547.4,714.1,203372.0,71714.0,40.2,456.6,464128.0,8032.0,82168.0,124287.0,7219.0,,110669.0,1095338.0,,,,5619.0,43459.0,71755.0,40735.0,388.0,706.7,1084.3,,,2003325.0,,,25593.0,6740.0,,106449.0,,,,38021.0,8465.0,14600.0,,,74370.0,13660.0,3295.0,1426.7,360493.0,77082.0,37481.0,135544.0,28126.0,647123.0,556769.0,,,,59050.0,1988456,,
1997-04-01,,,57376.0,15721.0,,,,16256.0,,40104.0,795.6,,272867.0,,,,,1628.9,712.5,204626.0,74666.0,48.2,469.9,472714.0,8361.0,83369.0,126877.0,7217.0,,116366.0,1094139.0,,,,6028.0,43203.0,72430.0,34428.0,422.9,696.2,1193.5,,,2140667.0,,,26204.0,7695.0,,119476.0,,,,39490.0,8787.0,13398.0,,,76844.0,14376.0,3197.0,1588.9,363776.0,78807.0,37903.0,139324.0,28790.0,717711.0,549091.0,,,,59674.0,2023771,,
1997-07-01,,,57067.0,15778.0,,,,16190.0,,40896.0,1195.0,,281110.0,,,,,1655.8,711.7,193503.0,78800.0,47.7,512.6,476079.0,8448.0,83739.0,127014.0,7364.0,,114278.0,1138160.0,,,,5904.0,43517.0,73478.0,37956.0,429.1,795.9,1309.2,,,2242721.0,,,26083.0,6978.0,,116583.0,,,,41657.0,8995.0,14487.0,,,86438.0,15586.0,3095.0,1598.5,365343.0,78534.0,38351.0,137287.0,29103.0,687854.0,574077.0,,,,63121.0,2089451,,
1997-10-01,,,59678.0,15961.0,,,,16553.0,,39120.0,1681.7,,283836.0,,,,,1679.5,718.4,206164.0,78995.0,58.0,553.4,487440.0,8893.0,85187.0,128271.0,8249.0,,123147.0,1151899.0,,,,6701.0,43388.0,76376.0,39427.0,459.2,807.6,1394.8,,,2291804.0,,,26246.0,6530.0,,119401.0,,,,43254.0,9110.0,19715.0,,,86031.0,15793.0,3159.0,1584.5,367530.0,74831.0,39238.0,142425.0,29503.0,848175.0,441205.0,,,,64613.0,2095398,,
1998-01-01,,,60229.0,16335.0,,,,16327.0,,38304.0,651.2,1525.4,283245.0,,,,,1700.6,588.7,205214.0,81853.0,58.0,616.8,496442.0,9094.0,86679.0,131864.0,8998.0,,109728.0,1200703.0,,,,6311.0,42918.0,75413.0,38641.0,526.7,867.2,1285.9,,,2334472.0,,,27592.0,6635.0,,120809.0,2230.5,,218655.0,44957.0,9593.0,14135.0,,,83698.0,15335.0,3325.0,1639.4,375681.0,64079.0,40729.0,144683.0,30431.0,727448.0,328991.0,64.79,,,65130.0,2146211,3474.0,
1998-04-01,,,58522.0,16446.0,,,,16361.0,,40966.0,1117.6,,283876.0,,,,,1680.9,588.6,200433.0,80277.0,59.1,645.7,498217.0,8934.0,88375.0,130213.0,9142.0,,118745.0,1234662.0,,,,6595.0,42457.0,75958.0,32517.0,577.0,931.9,1277.5,,,2385570.0,,,27132.0,6704.0,,125381.0,,,184436.0,45816.0,9750.0,14926.0,,,83582.0,14305.0,3507.0,1654.7,375406.0,60314.0,41418.0,147720.0,31278.0,748599.0,267152.0,66.79,,,65092.0,2209377,5392.0,
1998-07-01,,,60346.0,16305.0,,,,16688.0,,40401.0,1468.4,,284439.0,,,,,1672.8,635.9,197155.0,81638.0,62.9,612.9,506773.0,9622.0,89716.0,131606.0,9182.0,,101285.0,1294154.0,,,,6816.0,41937.0,76425.0,36352.0,636.4,995.6,1450.1,,,2436786.0,,,28162.0,6159.0,,131611.0,,,162303.0,46981.0,9742.0,15603.0,,,82743.0,13864.0,3379.0,1666.6,384851.0,60321.0,43177.0,150591.0,31336.0,770119.0,306096.0,59.58,,,64537.0,2240737,5738.0,
1998-10-01,,,62509.0,16327.0,,,,16958.0,,37203.0,2424.0,,287616.0,,,,,1629.2,610.6,194510.0,80624.0,83.3,587.5,510940.0,9686.0,91136.0,130531.0,9460.0,,100361.0,1260428.0,,,,7347.0,41484.0,77406.0,38523.0,640.4,861.2,1304.3,,,2435745.0,,,28124.0,6575.0,,140974.0,,,189075.0,47977.0,10422.0,15978.0,,,85954.0,13096.0,3608.0,1748.2,390641.0,61025.0,44158.0,153867.0,31990.0,881890.0,285039.0,60.5,,,65884.0,2297754,7280.0,
1999-01-01,,,61225.0,16107.0,,,,17028.0,,35087.0,786.7,2087.9,290806.0,,,,,1588.7,700.7,193585.0,81902.0,62.1,539.2,520205.0,9725.0,93178.0,134689.0,9688.0,,89644.0,1306046.0,,,,7338.0,41605.0,78298.0,38392.0,648.4,849.4,1650.0,,,2502806.0,,,29657.0,6690.0,,114132.0,1911.9,,187182.0,48470.0,10266.0,16038.0,,,88657.0,13029.0,3192.0,1815.6,363049.0,63187.0,44154.0,156289.0,31948.0,698803.0,250204.0,52.08,,,65850.0,2332201,6172.0,
1999-04-01,,,61872.0,16397.0,,,,17303.0,,36705.0,1510.6,,298230.0,,,,,1647.2,696.7,193281.0,79732.0,61.8,527.0,527028.0,9720.0,94813.0,135522.0,9782.0,,90336.0,1346156.0,,,,7583.0,43005.0,78934.0,32487.0,622.6,966.6,1649.6,,,2521724.0,,,29776.0,6802.0,,121876.0,,,175620.0,49308.0,10327.0,15610.0,,,35137.0,13616.0,3077.0,2107.5,348592.0,66301.0,46439.0,154712.0,31654.0,749768.0,279217.0,56.08,,,65923.0,2382522,8894.0,
1999-07-01,,,64959.0,16787.0,,,,17410.0,,35816.0,2168.7,,300631.0,,,,,1732.6,688.8,193559.0,79578.0,54.0,521.7,536334.0,9794.0,96914.0,137778.0,9837.0,,89717.0,1367631.0,,,,8219.0,42364.0,79997.0,36040.0,631.1,850.4,1494.7,,,2526493.0,,,30799.0,7093.0,,124365.0,,,159933.0,49981.0,10484.0,14878.0,,,65912.0,13883.0,2670.0,1795.7,346824.0,68056.0,47240.0,161448.0,32214.0,797195.0,310058.0,50.32,,,66985.0,2427094,8857.0,
1999-10-01,,,65625.0,16832.0,,,,17308.0,,35343.0,2462.6,,307982.0,,,,,1697.2,698.0,196244.0,82332.0,68.2,523.3,540950.0,9788.0,98452.0,137051.0,10183.0,,90153.0,1368962.0,,,,7987.0,42843.0,81008.0,37523.0,640.8,772.9,1673.3,,,2570268.0,,,31682.0,7989.0,,132831.0,,,187235.0,50108.0,10828.0,14617.0,,,87502.0,13457.0,2794.0,1872.6,352169.0,70936.0,48437.0,159637.0,32855.0,939118.0,294498.0,56.89,,,66375.0,2433115,9021.0,
2000-01-01,,,66589.0,17094.0,,,,17845.0,954.2,34980.0,1943.1,2579.0,310747.0,,,,,1645.3,680.7,201560.0,88997.0,71.2,575.2,550180.0,10072.0,100086.0,139782.0,10182.0,7892.0,91116.0,1393950.0,,,,8166.0,43495.0,84198.0,38805.0,680.0,831.2,1557.3,,,2656494.0,,,30736.0,7819.0,,141972.0,1681.1,89017.0,319796.0,49732.0,11042.0,15152.0,,,68022.0,14887.0,2481.0,1946.7,357181.0,75905.0,48476.0,162139.0,33126.0,750312.0,299121.0,58.81,,,69114.0,2501601,12582.0,
2000-04-01,,,68687.0,17438.0,,,,18024.0,918.6,38137.0,1961.5,,312869.0,,,,,1690.1,698.2,206833.0,89155.0,70.0,574.9,556171.0,10276.0,101618.0,139554.0,10221.0,8203.0,92381.0,1424221.0,,,,8224.0,43187.0,85278.0,32020.0,738.5,771.3,1522.5,,,2684716.0,,,31371.0,7208.0,,139933.0,,,310029.0,50905.0,10674.0,16656.0,,,75613.0,14465.0,2455.0,1904.7,362299.0,77164.0,49773.0,167661.0,33726.0,867414.0,270462.0,69.14,,,73074.0,2551645,21567.0,
2000-07-01,,,65080.0,17517.0,,,,18247.0,911.7,38250.0,2001.7,,316629.0,,,,,1661.4,691.9,212765.0,87088.0,71.1,600.8,562148.0,10452.0,103766.0,140933.0,9934.0,7206.0,102110.0,1424932.0,,,,8110.0,43436.0,86174.0,36504.0,753.2,811.5,1576.7,,,2691347.0,,,31144.0,7529.0,,134502.0,,,305715.0,50683.0,10923.0,15828.0,,,79864.0,15753.0,2685.0,1958.3,368903.0,77894.0,50656.0,170468.0,33638.0,843689.0,301282.0,64.9,,,68011.0,2558556,18547.0,
2000-10-01,,,58964.0,17895.0,,,,18365.0,891.4,38465.0,2045.5,,318056.0,,,,,1569.2,684.2,217652.0,84725.0,72.2,649.5,563002.0,10654.0,104308.0,139357.0,10281.0,6869.0,102588.0,1468491.0,,,,7987.0,43986.0,85776.0,38023.0,824.6,797.9,1611.2,,,2618573.0,,,31666.0,7314.0,,136989.0,,,342144.0,51444.0,10967.0,16020.0,,,67289.0,14995.0,2676.0,1971.3,376781.0,75067.0,51382.0,173173.0,34332.0,932735.0,298173.0,69.66,,,70115.0,2557267,15667.0,
2001-01-01,,,60010.0,17724.0,,,,18675.0,930.2,38563.0,2160.0,2469.6,326713.0,,,,,1736.9,691.6,218609.0,84012.0,66.4,649.5,566287.0,10808.0,104868.0,140327.0,10518.0,6228.0,100182.0,1440433.0,,,,8712.0,43450.0,87200.0,40376.0,875.7,903.3,1642.1,,,2510320.0,,,31448.0,6762.0,,140559.0,1881.5,85742.0,303513.0,49466.0,10451.0,16954.0,,,79354.0,14926.0,2872.0,1955.2,377788.0,76875.0,51583.0,171148.0,33868.0,675165.0,292784.0,55.11,63223.0,,70186.0,2526951,16118.0,
2001-04-01,,,60686.0,17418.0,,,,18449.0,899.6,38914.0,2234.6,,331048.0,,,,,1682.2,664.7,221543.0,87679.0,63.0,639.8,565095.0,10541.0,104557.0,137434.0,10724.0,7135.0,95080.0,1460471.0,,,,8933.0,43732.0,88260.0,31848.0,850.8,800.9,1718.3,,,2420433.0,,,31750.0,7531.0,,137431.0,,,306980.0,47376.0,11139.0,17356.0,,,77629.0,14449.0,3116.0,1956.4,376839.0,76842.0,52192.0,170079.0,33559.0,687305.0,289547.0,48.86,81428.0,,72760.0,2490875,35960.0,
2001-07-01,,,63122.0,17157.0,,,,18655.0,909.0,38706.0,2356.1,,335110.0,,,,,1643.5,725.9,224312.0,87170.0,73.6,706.1,561319.0,10533.0,104936.0,135253.0,10702.0,7802.0,105329.0,1470237.0,,,,8423.0,42767.0,87257.0,35619.0,919.4,867.8,1803.0,,,2494316.0,,,31410.0,7484.0,,139877.0,,,282118.0,45417.0,11171.0,17357.0,,,69847.0,13967.0,2865.0,2036.6,376798.0,79654.0,52230.0,171649.0,32979.0,647299.0,314207.0,43.36,98089.0,,72699.0,2469300,32831.0,
2001-10-01,,,65647.0,17121.0,,,,17881.0,917.3,35603.0,2413.8,,326066.0,,,,,1783.7,673.2,222568.0,89470.0,74.1,717.9,560626.0,10303.0,104554.0,133632.0,10838.0,7828.0,98292.0,1494687.0,,,,8758.0,42172.0,87388.0,35547.0,940.6,1047.8,1538.1,,,2453042.0,,,31969.0,8014.0,,132138.0,,,326967.0,44690.0,11268.0,18390.0,,,75875.0,13670.0,2783.0,1985.4,375481.0,79435.0,52656.0,177704.0,32499.0,687057.0,293951.0,44.29,124208.0,,70239.0,2406317,32329.0,
2002-01-01,,,67299.0,17140.0,,,,17878.0,995.8,35506.0,2386.3,3148.0,326889.0,,,,,1800.6,769.2,226013.0,87904.0,69.8,738.1,558178.0,10160.0,103824.0,130486.0,10524.0,7317.0,88833.0,1572803.0,,,,8861.0,41725.0,90390.0,37283.0,868.8,1001.3,1649.8,,,2385356.0,,,31148.0,8322.0,,136623.0,2079.3,83973.0,296061.0,44274.0,11213.0,18286.0,,,88920.0,13341.0,2925.0,1955.1,380957.0,82365.0,53674.0,164766.0,33624.0,549266.0,301351.0,49.66,68772.0,,70130.0,2189057,29954.0,
2002-04-01,,,71004.0,16908.0,,,,17630.0,1000.6,37250.0,2497.0,,331299.0,,,,,1803.5,790.4,225357.0,84812.0,80.0,821.1,553061.0,10327.0,103162.0,128562.0,10509.0,6492.0,94620.0,1560177.0,,,,9046.0,42085.0,88688.0,29996.0,915.1,975.4,1564.3,,,2400897.0,,,30677.0,8011.0,,133782.0,,,331303.0,43587.0,10825.0,18918.0,,,94843.0,13411.0,2762.0,1934.8,383974.0,83141.0,53665.0,173428.0,33625.0,672754.0,310082.0,57.89,87704.0,,70128.0,2186656,55029.0,
2002-07-01,,,72135.0,16730.0,,,,17374.0,990.2,38532.0,2534.0,,336481.0,,,,,1960.1,746.0,225138.0,83621.0,75.0,871.5,555171.0,10268.0,103797.0,127669.0,10456.0,6928.0,101145.0,1575388.0,,,,9611.0,40812.0,90744.0,34213.0,872.6,971.4,1688.3,,,2442812.0,,,30393.0,8448.0,,139171.0,,,292115.0,43637.0,10365.0,19060.0,,,101480.0,12366.0,2944.0,1973.7,392372.0,83752.0,54532.0,170803.0,33697.0,755379.0,347713.0,54.33,102946.0,,73834.0,2183461,43501.0,
2002-10-01,,,76285.0,16502.0,,,,17736.0,992.3,38308.0,2614.0,,337392.0,,,,,2028.7,764.2,226329.0,84004.0,70.4,911.7,558383.0,10184.0,104768.0,126836.0,11181.0,6934.0,98765.0,1608140.0,,,,9383.0,40986.0,93665.0,34964.0,876.9,1074.1,1813.0,,,2432708.0,,,29242.0,8718.0,,138485.0,,,347836.0,42933.0,10133.0,19113.0,,,105871.0,12661.0,2972.0,2047.4,402232.0,86829.0,55258.0,172177.0,33365.0,762786.0,305061.0,63.93,120082.0,,77492.0,2174296,37358.0,
2003-01-01,,,76746.0,17334.0,,,,17655.0,1042.3,36615.0,2655.0,3378.0,340437.0,,,,,2052.6,740.8,226222.0,88255.0,64.3,1039.9,559108.0,10334.0,104893.0,126563.0,11949.0,6214.0,93661.0,1515708.0,,,,9128.0,40919.0,90810.0,36627.0,899.7,1053.8,1684.8,,,2446641.0,,,29574.0,8665.0,,142163.0,2517.0,101166.0,343747.0,43475.0,9887.0,20272.0,,,120646.0,12271.0,2783.0,2032.7,408903.0,87853.0,56082.0,178459.0,32827.0,652010.0,325899.0,56.04,84357.0,,77778.0,2194030,28750.0,
2003-04-01,,,75472.0,17368.0,,,,17701.0,1024.0,34707.0,2828.0,,343831.0,,,,,2306.9,748.5,229353.0,82344.0,61.7,935.1,559786.0,10369.0,104863.0,126093.0,11831.0,7221.0,90834.0,1583422.0,,,,9100.0,39653.0,90898.0,30253.0,923.8,1146.2,1747.4,,,2446875.0,,,29633.0,9187.0,,137610.0,,,349871.0,43685.0,9944.0,20318.0,,,112283.0,12036.0,2912.0,2091.8,423180.0,87536.0,57347.0,173468.0,32653.0,706467.0,339059.0,65.76,109543.0,,72951.0,2246775,61130.0,
2003-07-01,,,78143.0,17416.0,,,,17698.0,1007.0,35878.0,2930.0,,354634.0,,,,,2399.4,846.5,232964.0,85374.0,63.7,995.7,564290.0,10701.0,106739.0,126275.0,12494.0,7943.0,102518.0,1601129.0,,,,9862.0,38747.0,89350.0,33651.0,1008.9,1167.0,1712.4,,,2427936.0,,,29786.0,9335.0,,140798.0,,,325868.0,44137.0,9867.0,20613.0,,,121877.0,12223.0,2757.0,2109.3,436406.0,87664.0,58306.0,173240.0,33492.0,624405.0,386250.0,66.74,129766.0,,74012.0,2319726,48090.0,
2003-10-01,,,82424.0,17630.0,,,,17470.0,1000.8,36434.0,3099.0,,362701.0,,,,,2421.8,793.0,235872.0,89945.0,60.5,993.1,570641.0,10680.0,107056.0,126109.0,12812.0,7639.0,102156.0,1689207.0,,,,11317.0,38445.0,90727.0,35065.0,1081.7,1214.5,1706.1,,,2439512.0,,,30326.0,9722.0,,130170.0,,,369228.0,43854.0,9727.0,21752.0,,,119028.0,12516.0,2636.0,2131.6,450696.0,90906.0,59579.0,174032.0,34614.0,867976.0,372777.0,81.09,140481.0,,74176.0,2361865,46134.0,
2004-01-01,,71794.0,83076.0,17467.0,,,,18601.0,1050.9,36948.0,3254.0,3749.0,371184.0,,,,,2432.9,786.0,235804.0,85937.0,61.2,980.9,571017.0,10843.0,107930.0,124060.0,12921.0,8629.0,97941.0,1716633.0,,,,10276.0,39689.0,91575.0,36786.0,1161.8,1267.5,1970.5,,,2562557.0,,,30177.0,10542.0,,142286.0,3018.0,135711.0,339108.0,45845.0,9863.0,21979.0,,,128613.0,13082.0,2767.0,2206.4,464235.0,90709.0,59253.0,177330.0,34367.0,703592.0,362769.0,81.71,100453.0,,76337.0,2355416,42798.0,
2004-04-01,,81995.0,83255.0,17506.0,,,,19188.0,1052.8,38851.0,3248.0,,377042.0,,,,,2338.2,829.7,240189.0,88299.0,58.0,1073.2,575689.0,10985.0,108557.0,125075.0,12842.0,8704.0,99771.0,1706056.0,,,,10977.0,38214.0,91980.0,30156.0,1254.1,1334.9,1938.8,,,2618402.0,,,29726.0,10559.0,,145380.0,,,378832.0,45246.0,9847.0,22847.0,,,137836.0,13826.0,2720.0,2174.2,473415.0,91796.0,59938.0,180893.0,35090.0,809625.0,391734.0,95.54,134254.0,,75848.0,2419763,73275.0,
2004-07-01,,79254.0,83573.0,17727.0,,,,19755.0,1058.2,40965.0,3390.0,,382524.0,,,,,2359.0,828.3,240718.0,91269.0,63.1,1086.5,578332.0,10977.0,109116.0,124620.0,12945.0,8224.0,103649.0,1748347.0,,,,10982.0,37743.0,90843.0,33929.0,1296.8,1375.2,1736.1,,,2589897.0,,,29504.0,10638.0,,154026.0,,,331374.0,46107.0,9874.0,23965.0,,,140197.0,14307.0,2989.0,2248.8,493074.0,90761.0,61001.0,185527.0,35818.0,826111.0,433656.0,85.75,160483.0,,77191.0,2471232,54694.0,
2004-10-01,,75368.0,86438.0,17791.0,,,,19348.0,1093.1,39060.0,3559.0,,389065.0,,,,,2368.9,866.1,242452.0,92579.0,71.7,1027.3,580634.0,11241.0,110477.0,123878.0,11811.0,9825.0,100870.0,1725445.0,,,,11193.0,40115.0,91474.0,35122.0,1364.2,1332.7,1645.2,,,2671840.0,,,29973.0,10411.0,,164932.0,,,399730.0,47231.0,9916.0,22295.0,,,157432.0,12869.0,3266.0,2204.1,509840.0,90560.0,61699.0,188899.0,35704.0,994394.0,461737.0,92.57,163769.0,,77494.0,2516261,48834.0,
2005-01-01,,80672.0,86104.0,17404.0,,,,20064.0,1302.5,37452.0,3793.0,4481.0,399625.0,,,22701.0,,2310.1,842.0,247935.0,89104.0,66.0,1080.3,582078.0,10914.0,111126.0,122276.0,11593.0,9232.0,100217.0,1719136.0,,,,11426.0,38733.0,92053.0,37705.0,1456.3,1394.7,1660.1,,,2727418.0,,,30225.0,10299.0,,160960.0,3501.0,160674.0,331788.0,46808.0,9945.0,22781.0,,,117415.0,13608.0,3211.0,2193.4,515611.0,90804.0,63133.0,188404.0,35647.0,770480.0,425876.0,91.91,105822.0,,78969.0,2560385,41027.0,412327.0
2005-04-01,,94508.0,90707.0,17826.0,,,,20840.0,1353.3,40035.0,4145.0,,409261.0,,,20619.0,,2463.3,839.6,254461.0,94915.0,71.9,1185.9,593947.0,11441.0,111701.0,124670.0,11218.0,8207.0,105076.0,1802714.0,,,,12627.0,41114.0,93048.0,31131.0,1520.3,1407.7,1634.1,,,2724631.0,,,30849.0,11042.0,,168301.0,,,397493.0,49032.0,9932.0,24858.0,,,148123.0,13471.0,3536.0,2290.1,529453.0,92791.0,64289.0,190791.0,36172.0,850320.0,450294.0,111.28,138772.0,,80832.0,2603795,55147.0,
2005-07-01,,89949.0,92442.0,17718.0,,,,20369.0,1269.0,41320.0,4310.0,,420321.0,,,20536.0,,2488.8,889.7,256798.0,96191.0,76.7,1303.7,601695.0,11555.0,113113.0,126472.0,10568.0,9645.0,106190.0,1820057.0,,,,13381.0,41811.0,94059.0,35437.0,1540.7,1542.0,1728.6,,,2759637.0,,,31386.0,11195.0,,168179.0,,,325426.0,50131.0,9841.0,25401.0,,,165083.0,13893.0,3548.0,2283.9,545354.0,92566.0,65572.0,196402.0,36664.0,873679.0,494883.0,105.08,162469.0,,80052.0,2649330,47302.0,
2005-10-01,,92100.0,94638.0,17792.0,,,,20032.0,1216.0,40066.0,4527.0,,429284.0,,,22082.0,,2556.0,953.5,258845.0,99154.0,74.5,1226.7,606644.0,11568.0,113667.0,129986.0,11131.0,7890.0,106932.0,1803919.0,,,,13093.0,41146.0,94150.0,35755.0,1615.6,1590.0,1911.1,,,2867609.0,,,30772.0,11167.0,,181277.0,,,380002.0,51981.0,9826.0,27319.0,,,166058.0,15013.0,3438.0,2374.9,563292.0,93067.0,65751.0,193448.0,37220.0,877940.0,514438.0,116.91,173788.0,,79646.0,2661221,42774.0,
2006-01-01,,93837.0,93965.0,17919.0,,,,20567.0,1171.8,40747.0,4635.0,5228.0,437186.0,,,24213.0,,2572.0,1025.6,258775.0,101360.0,84.2,1397.3,614551.0,11542.0,114382.0,128513.0,12973.0,8596.0,106938.0,1846949.0,,,,13787.0,41707.0,94704.0,38465.0,1648.3,1608.9,1724.8,,,2936394.0,,,31453.0,10902.0,,177054.0,3589.0,198078.0,337112.0,52897.0,9872.0,28503.0,,,148119.0,14581.0,3479.0,2376.3,576227.0,93158.0,67856.0,199850.0,37550.0,812764.0,453548.0,111.0,129546.0,,80595.0,2711214,31432.0,453157.0
2006-04-01,,105356.0,94471.0,17670.0,,,,20483.0,1142.4,41478.0,4730.0,,441066.0,,,24308.0,,2647.0,1079.8,265322.0,111828.0,88.4,1366.7,631513.0,11462.0,116473.0,137282.0,12784.0,9503.0,109403.0,1787285.0,,,,13242.0,42733.0,95183.0,31488.0,1675.4,1709.4,1833.5,,,3021995.0,,,32601.0,10374.0,,188371.0,,,407754.0,56122.0,10040.0,29989.0,,,170557.0,14430.0,3568.0,2441.4,593102.0,94575.0,69095.0,210611.0,37779.0,852541.0,475472.0,129.68,167446.0,,80940.0,2696588,49397.0,
2006-07-01,,106229.0,95167.0,17993.0,,,,20855.0,1129.9,43698.0,5027.0,,440979.0,,,25824.0,,2706.0,1070.3,270812.0,111838.0,89.6,1585.3,637690.0,11645.0,117468.0,137343.0,13272.0,9976.0,116842.0,1799275.0,,,,13281.0,44701.0,95270.0,34684.0,1838.8,1798.7,1743.5,,,3066659.0,,,33411.0,10943.0,,187648.0,,,344238.0,58411.0,9664.0,33123.0,,,180280.0,15766.0,3674.0,2558.0,613445.0,96978.0,69781.0,212646.0,37847.0,864933.0,497595.0,120.74,195618.0,,83735.0,2679271,45790.0,
2006-10-01,,103510.0,95293.0,18106.0,,,,20949.0,1197.4,43532.0,5108.0,,443424.0,,,27725.0,,2733.0,1084.7,281226.0,106192.0,91.2,1542.5,651349.0,11446.0,119166.0,141236.0,14006.0,9424.0,114805.0,1765093.0,,,,13698.0,44891.0,98439.0,35950.0,1861.1,1980.6,1912.7,,,3088332.0,,,34504.0,10964.0,,187180.0,,,418005.0,61088.0,9668.0,34878.0,,,192530.0,16504.0,3949.0,2704.0,632498.0,99184.0,70689.0,216504.0,39194.0,907381.0,508144.0,129.14,209715.0,,83427.0,2660267,43483.0,
2007-01-01,,111460.0,98896.0,18743.0,,,,21646.0,1349.7,43681.0,5365.0,5757.0,449825.0,,530.3,30746.0,,2736.0,1091.7,294666.0,112388.0,93.5,1688.3,664230.0,12368.0,121413.0,141497.0,13395.0,11849.0,107032.0,1903721.0,,,,14348.0,44814.0,97954.0,38808.0,2071.4,2047.7,1992.8,,,3076026.0,,,35262.0,11302.0,,196652.0,4727.0,248679.0,384464.0,65366.0,10034.0,41537.0,,,201676.0,16673.0,3854.0,2720.0,669509.0,100106.0,71744.0,225870.0,39398.0,744746.0,449685.0,113.89,158664.0,,84438.0,2786977,30589.0,562627.0
2007-04-01,,125373.0,103131.0,18748.0,,,,21988.0,1518.8,46636.0,5466.0,,453157.0,,,30389.0,,2695.0,1139.9,300637.0,108452.0,96.8,1674.7,668089.0,12895.0,122890.0,140073.0,16554.0,11960.0,116040.0,1870617.0,,,,13951.0,46222.0,97247.0,31145.0,2131.1,2197.0,2113.8,,,3138780.0,,,34902.0,11377.0,,205116.0,,,456669.0,66230.0,10020.0,45872.0,,,211329.0,17220.0,4012.0,2817.0,682794.0,99821.0,72180.0,225626.0,40443.0,908680.0,473933.0,134.31,208944.0,,86522.0,2800103,50400.0,
2007-07-01,,128894.0,102772.0,18731.0,,,,22433.0,1565.4,49916.0,5539.0,,455030.0,,,30630.0,,2780.0,1161.7,307698.0,106374.0,101.0,1616.7,672224.0,12831.0,124087.0,140527.0,17237.0,11973.0,115475.0,1859389.0,,,,13146.0,50291.0,97204.0,33617.0,2150.5,2197.8,2074.6,,,3237785.0,,,35568.0,11790.0,,211675.0,,,381029.0,70004.0,10030.0,49222.0,,,223817.0,17073.0,4202.0,2892.0,690632.0,98604.0,72057.0,225527.0,39957.0,908187.0,511527.0,126.86,246201.0,,83075.0,2784117,45868.0,
2007-10-01,,126844.0,105405.0,18771.0,,,,22819.0,1695.2,49476.0,5656.0,,460475.0,,,30609.0,,2949.0,1187.8,315845.0,106982.0,108.7,1558.0,685139.0,12749.0,124502.0,143284.0,14244.0,10963.0,123603.0,1896346.0,,,,12790.0,48222.0,95692.0,33992.0,2144.9,2240.8,1935.8,,,3367748.0,,,45712.0,12058.0,,217507.0,,,450797.0,71847.0,10371.0,53673.0,,,232130.0,19832.0,4086.0,2865.0,704647.0,104778.0,72355.0,233280.0,40218.0,897446.0,533566.0,142.53,259699.0,,88993.0,2757412,43757.0,
2008-01-01,,130866.0,107979.0,19349.0,,,,22973.0,1651.2,48935.0,5791.0,6674.0,471011.0,,510.5,29542.0,,3268.0,1371.8,319780.0,109865.0,115.2,1577.9,684902.0,13007.0,126673.0,145158.0,14947.0,11347.0,119921.0,1921161.0,,,,14340.0,49959.0,97264.0,37172.0,2103.1,2137.6,2115.2,,,3418866.0,,,35881.0,11726.0,,210243.0,6314.0,267903.0,398952.0,73508.0,10345.0,54977.0,,,227131.0,19819.0,4050.0,3157.0,734695.0,101696.0,71446.0,232802.0,40172.0,826182.0,484849.0,126.09,197335.0,,84847.0,2714675,40603.0,584225.0
2008-04-01,,146973.0,110724.0,19798.0,,,,22988.0,1844.6,52995.0,7386.0,,468083.0,,,29899.0,,3032.0,1237.1,315611.0,105987.0,114.1,1469.2,676972.0,12939.0,125189.0,142674.0,14385.0,13051.0,123805.0,1897173.0,,,,11830.0,50138.0,95611.0,29704.0,1999.0,2203.4,2136.9,,,3459996.0,,,36847.0,11879.0,,207367.0,,,471790.0,75771.0,10337.0,57541.0,,,245715.0,20184.0,4398.0,3180.0,757914.0,100554.0,70643.0,228296.0,40860.0,834807.0,491532.0,136.03,227929.0,,85799.0,2692443,61446.0,
2008-07-01,,138451.0,111180.0,18824.0,,,,22498.0,1809.7,58878.0,6880.0,,464054.0,,,29747.0,,3002.0,1194.6,308762.0,105909.0,98.1,1399.9,667928.0,13021.0,124273.0,142523.0,13420.0,12312.0,120664.0,1904201.0,,,,11734.0,48896.0,93776.0,32618.0,1850.7,2088.4,2441.7,,,3458302.0,,,36987.0,11057.0,,213130.0,,,449247.0,74693.0,10058.0,58328.0,,,239120.0,19858.0,4235.0,3085.0,794109.0,101228.0,68536.0,225485.0,40496.0,827140.0,523214.0,121.68,238261.0,,81323.0,2624372,52115.0,
2008-10-01,,119111.0,110006.0,18809.0,,,,22123.0,1855.9,52211.0,6460.0,,444913.0,,,29863.0,,2992.0,1163.5,295738.0,101594.0,97.8,1259.1,649133.0,12197.0,120241.0,140418.0,14337.0,14197.0,104181.0,1896736.0,,,,10625.0,48042.0,88798.0,32809.0,1713.5,1893.8,2325.5,,,3336474.0,,,37426.0,10568.0,,209598.0,,,494200.0,74270.0,9886.0,57758.0,,,227880.0,18761.0,4068.0,2685.0,813172.0,97350.0,65332.0,225594.0,39085.0,753763.0,515102.0,119.59,199722.0,,79978.0,2451093,46565.0,
2009-01-01,104620.0,95501.0,106545.0,18428.0,,,,21436.0,1644.7,44291.0,6100.0,6942.0,400087.0,,560.8,30790.0,,2724.0,1244.9,289478.0,100097.0,88.8,1046.9,609568.0,11527.0,115288.0,129452.0,12504.0,7114.0,105527.0,1762568.0,,,,10476.0,48020.0,85820.0,34009.0,1484.9,1464.2,2062.7,,,3008471.0,,,33957.0,10044.0,,198334.0,5956.0,288480.0,413530.0,75928.0,9349.0,44465.0,,,189812.0,19740.0,3825.0,2518.0,756353.0,97280.0,60234.0,202339.0,37273.0,481641.0,392921.0,81.36,82869.0,,75261.0,2256202,36949.0,635201.0
2009-04-01,103406.0,99871.0,105653.0,18167.0,,,,21225.0,1492.7,48604.0,5938.0,,398186.0,,,31116.0,,2694.0,1078.0,281923.0,89659.0,90.1,866.9,592144.0,11115.0,112446.0,129619.0,12379.0,7511.0,108339.0,1760664.0,,,,10034.0,47845.0,84944.0,26721.0,1365.7,1261.6,1926.7,,,3001444.0,,,33306.0,10031.0,,193585.0,,,489762.0,71868.0,9409.0,36477.0,,,180858.0,21149.0,3091.0,2391.2,727837.0,99234.0,56204.0,198382.0,37084.0,649665.0,421238.0,105.91,100612.0,,72063.0,2174421,56921.0,
2009-07-01,99485.0,108714.0,106303.0,17877.0,,,,20819.0,1403.4,56608.0,5778.0,,410666.0,,,31669.0,,2619.0,995.7,277243.0,93926.0,88.6,847.6,588845.0,11067.0,111756.0,129634.0,12157.0,7456.0,122686.0,1697989.0,,,,9641.0,47145.0,83114.0,28653.0,1139.3,1159.8,1890.8,,,3034175.0,,,33438.0,9735.0,,188480.0,,,447942.0,71491.0,9608.0,38770.0,,,177308.0,20697.0,3326.0,2347.0,707259.0,101962.0,56229.0,196343.0,37478.0,686990.0,486474.0,100.4,111560.0,,72551.0,2182489,51837.0,
2009-10-01,95911.0,110460.0,111905.0,17467.0,,,,21103.0,1410.6,58971.0,4581.0,,430021.0,,,30779.0,,2423.2,971.2,281494.0,84776.0,95.7,826.1,586280.0,11302.0,112485.0,128346.0,12152.0,6304.0,115773.0,1703046.0,,,,9828.0,48503.0,84827.0,29659.0,1085.8,1206.6,1896.2,,,3028933.0,,,33790.0,9647.0,,200982.0,,,501110.0,69678.0,9198.0,35187.0,,,179788.0,21283.0,3204.0,2187.4,701469.0,104010.0,55589.0,199764.0,37616.0,791422.0,495052.0,112.33,132382.0,,71335.0,2193484,44354.0,
2010-01-01,93487.0,108786.0,111507.0,17324.0,,,,20815.0,1279.7,57136.0,4556.0,6259.0,445192.0,8200.0,560.6,31681.0,,2353.4,1190.6,278514.0,85597.0,101.1,814.4,579924.0,10812.0,113420.0,129225.0,10413.0,7868.0,113996.0,1592133.0,,502874.0,,8142.0,49034.0,83514.0,32654.0,952.4,1127.4,1928.4,,,3130823.0,328910.0,,31182.0,9795.0,,180007.0,5414.0,238452.0,478352.0,66036.0,9189.0,37802.0,,116439.0,170947.0,21960.0,3972.0,2098.1,695496.0,107409.0,54470.0,198232.0,38358.0,825831.0,458003.0,89.71,78174.0,326835.0,75138.0,2192686,39287.0,963320.0
2010-04-01,94293.0,130039.0,111245.0,17294.0,,,,20900.0,1338.4,59746.0,4546.0,,454670.0,8482.0,,33200.0,,2223.6,1034.5,281474.0,86743.0,107.1,888.1,592802.0,11556.0,114364.0,137494.0,9435.0,7615.0,124886.0,1587936.0,,523472.0,,8539.0,50960.0,84905.0,25892.0,953.4,1216.6,2171.4,,,3162279.0,871599.0,,31816.0,9876.0,,183376.0,,,631372.0,68331.0,9518.0,37035.0,,113243.0,169712.0,21808.0,3472.0,2063.0,675426.0,105787.0,54547.0,207147.0,38570.0,878790.0,485453.0,119.02,94528.0,,74022.0,2272707,46710.0,
2010-07-01,98847.0,139804.0,112077.0,17572.0,,,,21323.0,1385.0,65246.0,4419.0,,459829.0,8696.0,,33089.0,,2214.0,989.0,285824.0,87956.0,104.3,836.7,593468.0,11681.0,115882.0,138615.0,8279.0,7259.0,122864.0,1569504.0,,541677.0,,7914.0,52760.0,84711.0,28919.0,1026.9,1400.6,1834.9,,,3130372.0,1013989.0,,31520.0,9921.0,,180203.0,,,520720.0,68065.0,9024.0,36102.0,,110009.0,170860.0,22002.0,3499.0,2005.5,692891.0,104991.0,53874.0,217784.0,38554.0,934353.0,533280.0,130.58,109208.0,,76899.0,2285204,42328.0,
2010-10-01,86178.0,144754.0,112229.0,17825.0,,,,21550.0,1263.0,63567.0,4485.0,,467934.0,9256.0,,35220.0,,2209.9,1013.3,286011.0,86987.0,113.5,923.8,594031.0,11997.0,116458.0,137116.0,7758.0,9051.0,125368.0,1519241.0,,559819.0,,8705.0,55155.0,84603.0,30024.0,1050.2,1415.2,1870.4,,,3213026.0,1150190.0,,30845.0,10298.0,,187621.0,,,591252.0,70732.0,9410.0,37192.0,,144230.0,169433.0,22700.0,3653.0,1993.9,715928.0,107448.0,53090.0,220601.0,39342.0,899069.0,527235.0,148.54,142931.0,,78973.0,2328831,35808.0,
2011-01-01,98676.0,139564.0,116418.0,18235.0,,,,21825.0,1418.8,61837.0,4343.0,6933.0,472905.0,9803.0,723.3,35938.0,,2223.9,1106.8,286334.0,85676.0,109.6,1076.8,602070.0,11777.0,116482.0,144443.0,7264.0,8204.0,119693.0,1592612.0,696955.0,546295.0,,7589.0,55818.0,84740.0,33188.0,1145.0,1501.3,2111.1,,,3239081.0,769260.0,,33544.0,10609.0,,197870.0,5919.0,213946.0,533775.0,72714.0,8596.0,37999.0,3275.0,153072.0,170513.0,21726.0,4284.0,1953.4,742845.0,106457.0,51313.0,216461.0,39863.0,873193.0,509143.0,117.94,75480.0,316868.0,75922.0,2325257,28313.0,917334.0
2011-04-01,92722.0,153571.0,116113.0,18572.0,,,,22294.0,1323.0,64604.0,4368.0,,476987.0,9715.0,,36536.0,,2138.1,917.9,287597.0,88632.0,98.3,1098.9,604516.0,11868.0,116935.0,145594.0,7100.0,9448.0,136412.0,1535000.0,696955.0,568552.0,314451.0,8685.0,57351.0,84230.0,26246.0,1201.9,1535.1,2200.7,,,3373912.0,1676070.0,,32691.0,10385.0,,191648.0,,,529327.0,74951.0,8312.0,39688.0,4955.0,134858.0,170858.0,23540.0,4045.0,1945.1,718704.0,108587.0,50192.0,229557.0,39535.0,876007.0,531302.0,156.21,98449.0,,75107.0,2380022,34199.0,
2011-07-01,101576.0,164572.0,124585.0,18738.0,,,,22270.0,1384.9,69004.0,4445.0,,478900.0,9800.0,,38301.0,,2067.1,827.5,283696.0,86912.0,103.9,1223.2,604475.0,12038.0,117609.0,147139.0,6953.0,10819.0,139480.0,1522668.0,727749.0,582734.0,434485.0,7823.0,59139.0,83392.0,29554.0,1345.3,1576.6,2306.2,,,3457207.0,1926578.0,,32509.0,10531.0,,196768.0,,,504304.0,76860.0,7969.0,40415.0,6242.0,115095.0,175511.0,24899.0,4120.0,1927.4,751762.0,107647.0,49851.0,228051.0,39427.0,839141.0,549709.0,158.83,128649.0,,76824.0,2480401,31962.0,
2011-10-01,99332.0,156629.0,124344.0,18923.0,,,,22615.0,1427.5,67039.0,4396.0,,483591.0,10534.0,,38679.0,,2222.5,879.7,286339.0,87412.0,104.6,1283.2,601654.0,12152.0,119201.0,146412.0,5438.0,10992.0,141361.0,1536959.0,752162.0,618778.0,407910.0,8485.0,60083.0,81793.0,31110.0,1365.8,1596.0,2530.0,,,3552415.0,1219306.0,,32382.0,10910.0,,199404.0,,,561931.0,78031.0,7587.0,41405.0,9911.0,156553.0,195888.0,23871.0,4205.0,1912.7,756662.0,108569.0,48293.0,221326.0,40421.0,736834.0,511398.0,170.38,158398.0,,77501.0,2544234,28440.0,
2012-01-01,92527.0,134285.0,128384.0,18745.0,1080.7,,,22479.0,1293.9,63780.0,4512.0,8138.0,497002.0,10487.0,752.8,37557.0,,2064.6,985.5,282066.0,90069.0,105.9,1142.4,594878.0,12205.0,118215.0,146896.0,5407.0,11768.0,131491.0,1536575.0,820867.0,584461.0,448116.0,9010.0,61878.0,77096.0,34292.0,1527.9,1547.5,2370.3,,,3554383.0,1159353.0,,31537.0,11326.0,,201401.0,6174.0,259954.0,536233.0,77171.0,7329.0,41449.0,3687.0,171065.0,197874.0,25947.0,3729.0,1809.9,738914.0,110838.0,47984.0,227593.0,41482.0,787671.0,536019.0,127.44,87047.0,302539.0,78655.0,2624008,23870.0,938800.0
2012-04-01,90544.0,134409.0,132532.0,18482.0,1297.7,,,22556.0,1402.8,65323.0,4467.0,,502206.0,10605.0,,39095.0,,2097.6,742.8,280122.0,89815.0,103.2,1382.5,591194.0,11943.0,117520.0,147048.0,5747.0,9372.0,141717.0,1480785.0,763692.0,626152.0,320145.0,10879.0,61030.0,76028.0,27470.0,1505.7,1517.1,2360.8,,,3577114.0,1931209.0,,31376.0,11288.0,,203816.0,,,576754.0,76469.0,6726.0,40250.0,5348.0,130949.0,211411.0,25067.0,3804.0,1794.7,759358.0,106815.0,46739.0,222213.0,41419.0,824093.0,574984.0,156.53,116826.0,,76645.0,2677220,25977.0,
2012-07-01,94697.0,150231.0,132866.0,18964.0,1797.0,,,22479.0,1453.1,67979.0,4394.0,,501494.0,11639.0,,39089.0,,2085.6,685.1,273880.0,90236.0,105.6,1391.3,583722.0,11932.0,117983.0,146336.0,4777.0,8200.0,146778.0,1493511.0,767235.0,637812.0,297779.0,8663.0,60743.0,74855.0,30290.0,1482.1,1512.8,2356.0,,,3624423.0,1946378.0,,30536.0,11099.0,,214313.0,,,583210.0,74880.0,6583.0,41584.0,6668.0,138193.0,208494.0,25002.0,3768.0,1809.1,749406.0,106559.0,45368.0,216944.0,41785.0,857650.0,600105.0,160.51,124947.0,,75936.0,2681288,23974.0,
2012-10-01,85794.0,151946.0,133112.0,19066.0,1905.3,,,22068.0,1450.9,67447.0,4320.0,,505123.0,11906.0,,38695.0,,2003.6,590.4,270808.0,91527.0,99.8,1332.0,578341.0,11620.0,117531.0,145382.0,5010.0,9057.0,153405.0,1491385.0,769339.0,679304.0,281612.0,8684.0,60560.0,73139.0,31375.0,1478.2,1519.8,2258.2,,,3553634.0,1374522.0,,29380.0,11432.0,,225421.0,,,706153.0,75089.0,6400.0,41710.0,10191.0,147397.0,194694.0,26142.0,3692.0,1689.3,774489.0,106474.0,44753.0,222441.0,42032.0,798074.0,615870.0,176.15,155108.0,,78986.0,2729394,19448.0,
2013-01-01,92768.0,133273.0,130512.0,19021.0,1167.6,494605.0,,21901.0,1377.2,65664.0,4319.0,9380.0,507906.0,11150.0,805.4,41355.0,,2165.1,770.7,270436.0,90960.0,92.6,1199.9,567206.0,11678.0,116290.0,140122.0,4849.0,8010.0,125867.0,1514489.0,845527.0,628574.0,302393.0,8780.0,61383.0,70798.0,34327.0,1455.4,1565.8,2281.0,,,3554242.0,996723.0,,28569.0,11665.0,,213691.0,6935.0,204501.0,666024.0,73367.0,6296.0,38191.0,3881.0,167575.0,184357.0,26577.0,3692.0,1846.7,771424.0,108007.0,44708.0,217658.0,42029.0,847447.0,591254.0,146.11,92352.0,291481.0,76695.0,2782635,16195.0,993720.0
2013-04-01,92961.0,150469.0,128099.0,19115.0,1451.5,,,21963.0,1361.6,70868.0,4352.0,,508021.0,11601.0,,40996.0,,2163.2,607.3,268574.0,90943.0,97.6,1265.8,574442.0,11383.0,116800.0,145408.0,4988.0,8127.0,151775.0,1606536.0,785525.0,659187.0,273276.0,8293.0,61823.0,70946.0,28207.0,1439.1,1616.9,2458.9,,,3434900.0,1580784.0,,29486.0,12027.0,,225971.0,,,671315.0,75310.0,6410.0,39716.0,5546.0,139115.0,172897.0,26556.0,3746.0,1824.8,789831.0,111057.0,43903.0,221529.0,42156.0,827997.0,595457.0,179.11,95684.0,,79896.0,2811721,18341.0,
2013-07-01,78226.0,152737.0,129891.0,19287.0,2206.8,,,21907.0,1366.0,72975.0,4453.0,,508568.0,11613.0,,40652.0,,2003.9,622.2,270336.0,95850.0,104.2,1412.1,579200.0,11120.0,117135.0,145317.0,4745.0,9200.0,149413.0,1690171.0,779670.0,673791.0,284355.0,9631.0,63232.0,70743.0,32104.0,1393.4,1706.3,2496.1,,,3403999.0,2053779.0,,30484.0,12387.0,,228878.0,,,625707.0,77544.0,6460.0,39906.0,6679.0,145752.0,180209.0,28238.0,3778.0,1812.7,807410.0,111579.0,44404.0,226716.0,41961.0,869326.0,581591.0,186.93,113861.0,,81862.0,2863364,15145.0,
2013-10-01,90510.0,147747.0,128798.0,19144.0,2626.0,,,21777.0,1425.3,70437.0,4544.0,,510392.0,10832.0,,44530.0,,1981.4,530.6,273543.0,93777.0,109.9,1440.5,584358.0,11320.0,118478.0,148059.0,4966.0,8665.0,161037.0,1779226.0,787579.0,692823.0,298312.0,9590.0,62623.0,69273.0,33866.0,1370.9,1725.5,2192.1,,,3444691.0,1320454.0,,32446.0,12544.0,,229932.0,,,723699.0,78434.0,6574.0,38259.0,10283.0,168758.0,177501.0,26997.0,3959.0,1858.5,815426.0,112162.0,44838.0,227805.0,42487.0,882361.0,535139.0,196.87,141549.0,,81850.0,2910211,13711.0,
2014-01-01,84014.0,131371.0,128662.0,19065.0,1327.0,552170.0,4974.0,22304.0,1558.6,68397.0,4588.0,10229.0,511565.0,10990.0,883.2,44640.0,,1975.5,546.9,274825.0,94986.0,101.7,1308.8,587501.0,11099.0,117331.0,150732.0,4794.0,8222.0,132223.0,1832493.0,842151.0,662774.0,308087.0,10241.0,61796.0,69234.0,37348.0,1340.7,1732.5,2705.0,,,3475835.0,914321.0,77785.0,29512.0,12846.0,,225017.0,7101.0,221902.0,664363.0,82556.0,6334.0,40910.0,3876.0,167067.0,177211.0,28319.0,3770.0,1850.1,799782.0,113247.0,46407.0,232804.0,42771.0,881403.0,530624.0,167.52,73973.0,318205.0,84610.0,2946011,9961.0,1085937.0
2014-04-01,78120.0,141073.0,127329.0,19264.0,1449.3,,6372.0,22581.0,1462.3,66335.0,4594.0,,516002.0,11074.0,,45256.0,,1988.5,827.2,276087.0,94348.0,107.6,1294.1,585352.0,11252.0,117071.0,148718.0,4473.0,9242.0,142522.0,1841947.0,808569.0,685670.0,311720.0,9968.0,62085.0,68788.0,28720.0,1329.1,1723.3,2304.4,,,3554493.0,996769.0,77528.0,29255.0,13128.0,,227394.0,,,722481.0,84554.0,6525.0,40722.0,5400.0,165354.0,173264.0,27736.0,3884.0,1853.8,773339.0,113908.0,46325.0,234790.0,42987.0,882371.0,569054.0,180.25,77174.0,,84341.0,3032651,22178.0,
2014-07-01,82565.0,140281.0,125292.0,18953.0,2446.5,,6565.0,24228.0,1562.8,67540.0,4577.0,,523084.0,10559.0,,46327.0,,2083.0,429.6,280800.0,95274.0,109.6,1236.2,589782.0,11261.0,117838.0,148369.0,4731.0,9092.0,145614.0,1875935.0,815553.0,703110.0,351830.0,11224.0,62110.0,68825.0,31916.0,1357.1,1738.5,2455.0,,,3530680.0,1445269.0,74844.0,29316.0,13604.0,,224113.0,,,699837.0,86536.0,6682.0,41650.0,6431.0,148829.0,165774.0,28065.0,3922.0,1861.0,772753.0,114636.0,46106.0,237480.0,43154.0,952189.0,597110.0,189.61,81989.0,,85844.0,3094489,22253.0,
2014-10-01,91281.0,132033.0,124385.0,19128.0,3013.0,,8861.0,23124.0,1608.3,65847.0,4552.0,,530022.0,10777.0,,46734.0,,2082.5,540.2,286555.0,98482.0,123.1,1366.4,592859.0,11055.0,116826.0,149732.0,4932.0,10634.0,167064.0,1842597.0,793637.0,720916.0,339289.0,11305.0,63320.0,69111.0,33373.0,1384.8,1788.8,2744.0,,,3671258.0,1305516.0,78033.0,30223.0,13590.0,,219684.0,,,814599.0,88235.0,6787.0,41189.0,10118.0,187665.0,173610.0,28813.0,4050.0,1770.5,796275.0,114768.0,46271.0,243664.0,43799.0,923465.0,555727.0,206.46,103976.0,,88045.0,3137275,22511.0,
2015-01-01,85052.0,128790.0,123733.0,19128.0,1372.9,612135.0,4964.0,25450.0,1554.6,61943.0,4594.0,11312.0,507681.0,10632.0,992.7,47042.0,,2111.0,414.5,298418.0,97955.0,115.8,1223.2,594484.0,11165.0,117867.0,149460.0,5255.0,13353.0,138166.0,1799037.0,860337.0,693217.0,311495.0,12635.0,61441.0,69260.0,37408.0,1341.9,1844.8,2501.0,,74978.0,3610372.0,427361.0,75311.0,23800.0,13499.0,,217458.0,7012.0,280404.0,712050.0,91799.0,6942.0,43601.0,3708.0,179224.0,181845.0,27772.0,4298.0,1800.2,792660.0,117999.0,47596.0,246489.0,43489.0,878436.0,582945.0,171.37,56401.0,304129.0,91127.0,3150326,23825.0,1192359.0
2015-04-01,86132.0,143522.0,122269.0,19552.0,1584.9,,5086.0,22898.0,1511.7,58206.0,4645.0,,493691.0,10739.0,,47650.0,,2159.1,564.6,308097.0,100848.0,127.2,1198.5,635579.0,11135.0,117013.0,149899.0,4534.0,10728.0,146757.0,1961694.0,838302.0,713107.0,281524.0,14197.0,61713.0,70092.0,29558.0,1394.9,1861.9,2295.3,,77560.0,3738379.0,802153.0,83258.0,62153.0,13697.0,,217384.0,,,826570.0,89706.0,7037.0,42632.0,4809.0,183686.0,182234.0,28950.0,4692.0,1806.1,787506.0,119527.0,48671.0,251649.0,44100.0,943703.0,576655.0,205.54,66231.0,,91529.0,3184460,29375.0,
2015-07-01,85310.0,149008.0,120207.0,19590.0,2671.0,,5758.0,23602.0,1466.5,57462.0,4699.0,,487400.0,11181.0,,47932.0,,2238.9,510.3,310000.0,101287.0,137.7,1234.3,609653.0,11092.0,118405.0,150747.0,4139.0,10142.0,134989.0,1916185.0,844359.0,737767.0,294309.0,14870.0,61839.0,70192.0,33008.0,1317.4,1836.6,2389.2,,76447.0,3858512.0,1097445.0,81354.0,32908.0,14161.0,,212937.0,,,800272.0,92161.0,6933.0,42651.0,5556.0,167692.0,181724.0,29064.0,4911.0,1810.9,808831.0,122099.0,48725.0,251370.0,44385.0,972671.0,584868.0,206.66,77915.0,,90849.0,3220257,28301.0,
2015-10-01,91746.0,142300.0,119346.0,19902.0,2731.0,,6825.0,23738.0,1505.5,53115.0,4694.0,,483499.0,10806.0,,45471.0,,2282.0,813.3,311656.0,104140.0,144.8,1371.9,627494.0,11485.0,119772.0,154322.0,5032.0,11309.0,148822.0,2075645.0,874855.0,767265.0,284752.0,21555.0,63132.0,70474.0,34381.0,1285.3,1787.7,2219.7,,75438.0,3720710.0,911982.0,85594.0,33782.0,13811.0,,212547.0,,,962218.0,93563.0,6974.0,47821.0,9009.0,165079.0,185934.0,29377.0,5070.0,1821.3,795558.0,121376.0,49129.0,261516.0,44459.0,937818.0,606397.0,229.32,105570.0,,93835.0,3219485,27678.0,
2016-01-01,85604.0,124426.0,119732.0,20221.0,1196.0,1356679.0,3744.0,24606.0,1593.5,50336.0,4554.0,12455.0,473959.0,10870.0,1246.4,45179.0,,2232.4,358.4,301572.0,105014.0,130.8,1337.1,625385.0,11864.0,120968.0,156930.0,4614.0,11028.0,127470.0,1664774.0,934667.0,725587.0,298983.0,18675.0,65433.0,72111.0,37643.0,1258.6,1881.7,2269.3,,75036.0,3770011.0,415531.0,82864.0,34408.0,13967.0,,213476.0,8166.0,328466.0,848756.0,81373.0,6894.0,44570.0,3343.0,144959.0,188151.0,28389.0,4447.0,1659.0,791601.0,123409.0,49226.0,257785.0,45104.0,867073.0,610812.0,182.03,59440.0,304173.0,94838.0,3243156,25823.0,1311594.0
2016-04-01,86624.0,134589.0,118338.0,20378.0,1455.4,,4564.0,24340.0,1606.0,51973.0,4449.0,,470522.0,10659.0,,45668.0,,2347.9,1348.2,295033.0,109340.0,163.1,1359.8,634544.0,12400.0,120484.0,155310.0,4523.0,10777.0,138337.0,1660041.0,953527.0,742915.0,308176.0,23881.0,68240.0,72217.0,30095.0,1190.8,1904.8,2361.3,,82265.0,3724516.0,826434.0,90419.0,35615.0,14194.0,,225387.0,,,1041312.0,85247.0,6966.0,45310.0,4752.0,152357.0,193753.0,29422.0,4458.0,1727.6,802379.0,126750.0,49566.0,264156.0,45427.0,940267.0,595877.0,209.02,78206.0,,95631.0,3267121,28031.0,
2016-07-01,90991.0,137186.0,116086.0,20503.0,2266.9,,4672.0,26208.0,1564.6,51376.0,4401.0,,471885.0,10440.0,,44739.0,,2315.2,661.5,296157.0,109998.0,149.8,1265.0,637181.0,12361.0,121139.0,156840.0,4865.0,11488.0,144610.0,1777826.0,913935.0,769037.0,356067.0,22492.0,70679.0,73384.0,33292.0,1231.7,1862.1,2502.0,,77891.0,3752430.0,829353.0,89498.0,35624.0,14388.0,,229632.0,,,988307.0,84627.0,7170.0,42854.0,5648.0,124023.0,195983.0,28624.0,4156.0,1770.3,754634.0,129899.0,49452.0,262777.0,45060.0,998687.0,592302.0,208.68,96600.0,,98329.0,3303627,24490.0,
2016-10-01,93508.0,134852.0,119806.0,20430.0,2337.0,,6371.0,24512.0,1601.8,49054.0,4367.0,,464132.0,10440.0,,47073.0,,2337.1,1073.8,296929.0,111835.0,146.5,1347.3,645823.0,12284.0,122249.0,157324.0,5412.0,9879.0,157672.0,1828881.0,933180.0,804045.0,319130.0,27804.0,70107.0,74115.0,34882.0,1261.1,1931.3,2500.0,,76999.0,3808846.0,1183251.0,89059.0,35772.0,14108.0,,225642.0,,,1112378.0,85560.0,7566.0,41620.0,9629.0,180239.0,190546.0,29431.0,4162.0,1810.5,774415.0,132576.0,50451.0,265524.0,45479.0,991539.0,619552.0,231.07,134445.0,,97427.0,3333741,24388.0,
2017-01-01,92366.0,131486.0,120357.0,20897.0,1006.5,1599576.0,3591.0,24977.0,1645.3,47671.0,4416.0,13214.0,477459.0,10145.0,1320.2,45879.0,,2304.3,1034.3,302578.0,108642.0,130.5,1601.0,640908.0,12519.0,125077.0,158263.0,4473.0,12630.0,135416.0,1987545.0,986925.0,760190.0,377397.0,15510.0,68447.0,73815.0,38034.0,1275.3,1966.5,2682.0,,82183.0,3703262.0,634240.0,85936.0,35768.0,14244.0,,232174.0,7813.0,398614.0,948492.0,83670.0,7760.0,43926.0,3703.0,144622.0,192859.0,29763.0,4259.0,1849.8,771653.0,138022.0,51812.0,271747.0,46095.0,931504.0,623691.0,190.56,70258.0,305146.0,99077.0,3376900,20806.0,1449312.0
2017-04-01,97571.0,147918.0,121185.0,21118.0,1432.2,,4556.0,25369.0,1679.6,48000.0,4518.0,,481152.0,10213.0,,46104.0,,2353.1,741.9,309605.0,112524.0,142.3,1615.3,683937.0,12714.0,126486.0,161823.0,4406.0,11539.0,147853.0,2060420.0,963709.0,782621.0,350912.0,49285.0,70748.0,74754.0,30921.0,1373.6,2027.9,2781.0,,85477.0,3702095.0,1022978.0,96130.0,36160.0,14592.0,,228969.0,,,1133811.0,85394.0,7930.0,45637.0,5199.0,145597.0,201290.0,30226.0,4325.0,1895.6,751186.0,141126.0,52194.0,278694.0,46740.0,984308.0,606298.0,226.46,94687.0,,100304.0,3410548,25657.0,
2017-07-01,93597.0,160592.0,124498.0,21462.0,2228.8,,5118.0,25215.0,1821.0,50890.0,4569.0,,484748.0,10145.0,,47046.0,,2369.6,667.3,315379.0,115142.0,152.9,1493.7,661782.0,13076.0,128179.0,162974.0,6615.0,12038.0,140432.0,2101561.0,972543.0,823498.0,371023.0,14162.0,72378.0,76002.0,33839.0,1398.2,2083.2,2390.1,,83028.0,3741694.0,1106519.0,87559.0,37809.0,14956.0,,225485.0,,,1086787.0,86881.0,7966.0,45603.0,5915.0,127576.0,208749.0,30681.0,4798.0,1912.8,763995.0,142898.0,53605.0,286304.0,47220.0,922152.0,603031.0,234.93,108953.0,,99419.0,3436561,23757.0,
2017-10-01,96024.0,162114.0,124467.0,21311.0,2285.4,,7158.0,25501.0,1720.1,50993.0,4639.0,,500029.0,10624.0,,47016.0,,2367.5,1728.1,323118.0,117375.0,163.0,1369.4,666704.0,12929.0,129546.0,164064.0,5614.0,12050.0,162140.0,2145901.0,1019644.0,862454.0,324953.0,13874.0,73257.0,77237.0,35308.0,1418.3,2156.3,2302.0,,80405.0,3739580.0,1650403.0,92847.0,37786.0,15568.0,,230929.0,,,1242946.0,89395.0,8227.0,46718.0,9644.0,190035.0,215899.0,31223.0,4341.0,2024.7,772700.0,140731.0,54629.0,275888.0,47438.0,930763.0,630129.0,247.45,154021.0,,100952.0,3515953,24708.0,
2018-01-01,95964.0,152301.0,126260.0,21064.0,881.2,1668552.0,7006.0,25736.0,1807.5,49269.0,4730.0,15282.0,502230.0,10760.0,1428.8,45077.0,,2354.0,498.6,332340.0,115714.0,146.2,1653.3,669568.0,13234.0,129399.0,164288.0,5008.0,11777.0,141967.0,2227534.0,1127183.0,820401.0,368052.0,15437.0,77347.0,76898.0,38514.0,1508.5,2204.5,2396.1,,82365.0,3806198.0,928992.0,93057.0,38121.0,15644.0,2458765.0,225339.0,7418.0,482500.0,1040493.0,94701.0,8229.0,45761.0,3916.0,148935.0,236365.0,29308.0,4596.0,2018.5,769375.0,143459.0,54671.0,282925.0,48195.0,945659.0,644861.0,212.4,85856.0,302719.0,100378.0,3576791,21093.0,1568735.0
2018-04-01,100037.0,151659.0,125317.0,22160.0,1281.2,,7320.0,25781.0,1850.8,49896.0,4759.0,,502914.0,11041.0,,47352.0,,2401.4,909.1,340785.0,129645.0,163.1,1631.2,683563.0,13192.0,130960.0,166787.0,5937.0,14161.0,149940.0,2383938.0,1102112.0,828060.0,343286.0,16655.0,76856.0,78054.0,31367.0,1507.6,2245.1,2340.2,,86934.0,3796306.0,1371825.0,97523.0,38393.0,15946.0,2742192.0,236174.0,,,1335048.0,95287.0,8400.0,44366.0,5108.0,162384.0,244484.0,29188.0,4590.0,2080.6,761282.0,137869.0,56786.0,283308.0,47592.0,969946.0,628866.0,244.55,113461.0,,99211.0,3613793,27541.0,
2018-07-01,96625.0,142066.0,126121.0,22113.0,2008.4,,7556.0,26033.0,1926.3,55581.0,4783.0,,495344.0,10786.0,,47694.0,,2461.3,1000.4,350004.0,113821.0,171.0,1683.6,684860.0,13245.0,131959.0,168271.0,4547.0,11528.0,151740.0,2482034.0,1097685.0,880472.0,347250.0,18305.0,76036.0,77599.0,33524.0,1532.0,2323.5,2221.1,,85388.0,3766497.0,1374481.0,93523.0,37361.0,15653.0,2568950.0,235897.0,,,1244802.0,99240.0,8491.0,45624.0,6397.0,136213.0,242550.0,28775.0,4370.0,2158.5,756875.0,133685.0,57005.0,279003.0,46636.0,1074160.0,628443.0,226.32,125373.0,,99191.0,3623466,29055.0,
2018-10-01,96655.0,121489.0,123962.0,23032.0,1954.6,,10200.0,26583.0,1836.1,53145.0,4821.0,,488830.0,11138.0,,47852.0,,2558.0,1561.0,352386.0,113407.0,186.9,1700.3,711476.0,13431.0,133406.0,169967.0,4732.0,12886.0,152091.0,2551178.0,1150660.0,915377.0,300754.0,35858.0,77614.0,77720.0,35522.0,1594.1,2312.4,2425.2,,80905.0,3636558.0,1680528.0,97412.0,38893.0,15999.0,2799692.0,240411.0,,,1363004.0,99773.0,8734.0,46999.0,9190.0,175138.0,238603.0,28679.0,4662.0,2219.3,734844.0,135374.0,57207.0,283208.0,46542.0,1040354.0,657912.0,217.43,174220.0,,99058.0,3632827,29709.0,
2019-01-01,98520.0,114188.0,123413.0,23335.0,903.7,1679696.0,7289.0,27081.0,1986.0,50725.0,4911.0,17463.0,497737.0,11154.0,1511.8,48374.0,,2600.0,898.6,361632.0,117792.0,160.3,1718.1,699440.0,13078.0,134398.0,170077.0,4970.0,12379.0,131041.0,2706566.0,1190052.0,861641.0,344393.0,17406.0,78722.0,78219.0,38777.0,1567.2,2377.7,2518.0,,79544.0,3697088.0,1323975.0,95157.0,39696.0,16342.0,2795773.0,246552.0,,283961.0,1115073.0,100553.0,8986.0,46008.0,3888.0,155777.0,253102.0,29478.0,4823.0,2244.8,747152.0,132252.0,58688.0,280654.0,47485.0,1016526.0,664345.0,182.28,97481.0,313849.0,102105.0,3639847,26443.0,1689199.0
2019-04-01,99417.0,123592.0,120773.0,23220.0,1192.9,,7696.0,27175.0,2054.6,53584.0,4962.0,,496572.0,11452.0,,49334.0,,2656.0,1164.2,361984.0,114322.0,,1878.8,741055.0,13133.0,136693.0,170501.0,4950.0,9824.0,128607.0,2741144.0,1192378.0,865775.0,319864.0,54314.0,78218.0,79028.0,31476.0,1568.9,2450.8,2630.0,,86419.0,3579742.0,1594981.0,101540.0,40519.0,16486.0,3108123.0,257797.0,,,1307929.0,103190.0,8909.0,51279.0,5316.0,177535.0,270213.0,29539.0,4849.0,2262.7,739629.0,135128.0,58739.0,272591.0,47264.0,1049261.0,639526.0,193.32,118127.0,,101275.0,3706258,,
2019-07-01,94378.0,127742.0,122821.0,23283.0,1784.8,,7785.0,27514.0,1864.4,58284.0,4900.0,,507190.0,11467.0,,48614.0,,2673.0,1135.8,364981.0,117396.0,,1851.6,712046.0,13038.0,137914.0,170562.0,4999.0,9721.0,124844.0,2799348.0,1089056.0,917553.0,338087.0,19833.0,79327.0,78839.0,34800.0,1576.8,2469.9,2763.0,,82219.0,3534391.0,1808355.0,92370.0,41059.0,16450.0,2565488.0,261034.0,,,1310861.0,103259.0,8875.0,53179.0,6285.0,153892.0,288763.0,30310.0,4782.0,2231.7,755500.0,133190.0,59459.0,280753.0,47193.0,1081732.0,644623.0,193.8,138561.0,,102100.0,3748823,,
2019-10-01,86435.0,111465.0,122553.0,22777.0,2557.0,,11285.0,27624.0,1948.9,53667.0,4892.0,,503267.0,11561.0,,45857.0,,2741.0,1042.7,367368.0,116753.0,,1651.7,767921.0,13067.0,138380.0,170259.0,4851.0,10668.0,122265.0,2630421.0,1130775.0,952696.0,300609.0,77832.0,81333.0,77931.0,34634.0,1551.2,2431.6,2758.0,,80354.0,3484708.0,1886801.0,91646.0,40868.0,16668.0,2976480.0,262153.0,,,1441657.0,107698.0,8907.0,52649.0,9360.0,165527.0,315476.0,29449.0,4988.0,2181.0,727399.0,138083.0,58943.0,291557.0,48670.0,1176637.0,662287.0,218.96,203255.0,,100943.0,3738974,,
2020-01-01,83566.0,93439.0,122092.0,22291.0,953.4,1985393.0,7529.0,27033.0,1933.5,54279.0,4857.0,16985.0,495226.0,11220.0,1515.3,42245.0,,2534.0,1195.7,349738.0,117700.0,,1717.6,736212.0,13036.0,127214.0,168074.0,5141.0,9529.0,110350.0,2585316.0,1180371.0,876326.0,332082.0,69061.0,77157.0,71478.0,38109.0,1590.5,2442.0,2384.3,,76020.0,3373930.0,1282970.0,71569.0,41128.0,16040.0,2710517.0,253369.0,,325186.0,1095229.0,109174.0,8861.0,50721.0,3804.0,155403.0,283157.0,29475.0,4491.0,2093.3,705672.0,138526.0,57530.0,291697.0,47674.0,1136348.0,622337.0,180.44,77039.0,249894.0,97191.0,3708193,,1758456.0
2020-04-01,86636.0,76231.0,115308.0,20244.0,1210.1,,7328.0,22600.0,1748.4,45796.0,4948.0,,430683.0,9270.0,,28886.0,1167111.0,2270.2,710.4,342665.0,114991.0,,1505.1,616372.0,12947.0,111024.0,157366.0,4918.0,8956.0,101457.0,2447440.0,687227.0,791207.0,,15987.0,71623.0,61207.0,29914.0,1435.8,2181.2,2211.1,12313.0,61358.0,2426414.0,1434845.0,99181.0,37216.0,13219.0,2097443.0,243154.0,,,842833.0,100546.0,8092.0,50197.0,4883.0,139671.0,245185.0,20802.0,4196.0,1886.5,550009.0,137333.0,46342.0,272894.0,44587.0,1181206.0,590660.0,182.54,90935.0,,78563.0,3413976,,
2020-07-01,99905.0,116053.0,117499.0,22551.0,1757.9,,7589.0,26662.0,1918.5,53144.0,5010.0,,495131.0,9559.0,,36490.0,1222440.0,2606.0,1142.0,337558.0,120852.0,,1656.6,692161.0,12887.0,132705.0,164484.0,5232.0,7566.0,113197.0,2432784.0,1064781.0,857689.0,,22153.0,75095.0,77430.0,32296.0,1511.9,2439.6,2939.0,14167.0,72873.0,2896535.0,1825945.0,82636.0,39460.0,16713.0,2258009.0,242611.0,,,813441.0,100911.0,8931.0,52615.0,5804.0,136769.0,279049.0,23741.0,4392.0,2130.8,624932.0,137215.0,55396.0,289376.0,47871.0,1112262.0,628055.0,238.03,103842.0,,90756.0,3633585,,
2020-10-01,97052.0,128942.0,122812.0,22734.0,2744.0,,9467.0,27568.0,1927.7,59263.0,4966.0,,508243.0,10530.0,,39162.0,1494115.0,2742.0,1436.4,338374.0,132967.0,,2783.0,718716.0,12920.0,137857.0,169468.0,4865.0,,125271.0,2639651.0,1178366.0,893959.0,,33247.0,83245.0,78644.0,34363.0,1591.4,2614.0,2485.7,16910.0,70924.0,3052272.0,,81977.0,40138.0,16854.0,2695528.0,246662.0,,,1010289.0,99972.0,9017.0,53923.0,9357.0,152965.0,298638.0,27912.0,4254.0,2165.7,654676.0,139655.0,55300.0,288998.0,47852.0,1203128.0,645911.0,245.13,149353.0,,96147.0,3764741,,
2021-01-01,103342.0,129895.0,129022.0,23478.0,757.8,2165682.0,6583.0,27364.0,1920.1,60621.0,4753.0,18137.0,527867.0,11438.0,1916.7,43594.0,1283288.0,2743.0,1354.8,337119.0,127186.0,,2471.9,705287.0,13021.0,138457.0,164988.0,5694.0,,115832.0,2531853.0,1336310.0,874466.0,,16186.0,82664.0,82185.0,37261.0,1616.7,2624.0,2552.0,10331.0,73623.0,3181398.0,,79568.0,40948.0,17749.0,2709770.0,250293.0,,,895859.0,100529.0,9322.0,57420.0,4024.0,162392.0,312914.0,30480.0,4280.0,2257.4,636859.0,143147.0,55216.0,297859.0,47557.0,1263153.0,666535.0,203.41,71061.0,302859.0,93777.0,3849069,,
2021-04-01,116894.0,135908.0,132378.0,23728.0,992.3,,7133.0,27731.0,1953.5,58002.0,4716.0,,536777.0,11153.0,,41159.0,,2698.0,1179.0,342797.0,132895.0,,2325.0,718034.0,13294.0,140788.0,167230.0,5955.0,,123479.0,2673623.0,1144395.0,850707.0,,17418.0,84354.0,85768.0,30679.0,1649.2,2694.0,3822.0,,71446.0,3223698.0,,106964.0,40539.0,17431.0,2225630.0,244875.0,,,1177826.0,101859.0,9396.0,56344.0,5571.0,160041.0,307100.0,31276.0,4582.0,2291.9,635636.0,142524.0,55033.0,304835.0,48277.0,1346652.0,631058.0,220.8,104370.0,,98872.0,3904337,,
2021-07-01,109569.0,140945.0,133703.0,23099.0,1346.7,,6856.0,27248.0,2002.1,61007.0,4571.0,,517251.0,12187.0,,42016.0,,2676.0,1105.8,347716.0,128265.0,,1941.2,710604.0,12742.0,140714.0,161944.0,6152.0,,125822.0,2733941.0,1227684.0,889950.0,,16962.0,88360.0,88749.0,32632.0,1655.9,2597.0,2479.4,,65078.0,3312087.0,,93586.0,40304.0,16784.0,2427910.0,242223.0,,,941009.0,104509.0,9289.0,52255.0,6354.0,155922.0,324362.0,32041.0,4542.0,2349.0,634742.0,139369.0,54931.0,305786.0,47987.0,1461044.0,621999.0,234.22,120817.0,,98233.0,3888751,,
2021-10-01,110221.0,148087.0,133915.0,22800.0,1835.2,,9442.0,26635.0,2034.8,60278.0,4532.0,,526832.0,12263.0,,44521.0,,2697.0,845.5,350958.0,130104.0,,1793.7,731762.0,13234.0,140816.0,163140.0,6206.0,,122536.0,2746125.0,1220749.0,934096.0,,33928.0,92697.0,90536.0,33936.0,1647.3,2672.0,2762.0,,68835.0,3300748.0,,101694.0,40760.0,18431.0,2853508.0,254670.0,,,1117448.0,104576.0,9707.0,50954.0,10123.0,168913.0,335882.0,32002.0,4535.0,2408.4,644266.0,141399.0,55292.0,311924.0,49444.0,1378733.0,643321.0,248.88,172472.0,,98770.0,3907093,,
2022-01-01,119837.0,144254.0,134884.0,23433.0,659.8,2406274.0,6240.0,27070.0,1944.3,57038.0,4738.0,,532616.0,11967.0,1897.4,47085.0,,2773.0,1244.8,355620.0,129476.0,,1987.3,728140.0,13680.0,141271.0,166321.0,6573.0,,107929.0,2764859.0,1421436.0,910125.0,,18685.0,93256.0,93089.0,36095.0,1624.8,2701.0,2715.0,,73732.0,3356796.0,,74092.0,40443.0,18483.0,2871812.0,260662.0,,,994135.0,106040.0,9884.0,52900.0,4529.0,182782.0,323795.0,31750.0,4590.0,2395.9,662764.0,138804.0,56767.0,316060.0,48575.0,1380757.0,671030.0,209.15,,426544.0,103833.0,3976016,,
2022-04-01,111210.0,162032.0,134609.0,23005.0,768.4,,5370.0,26763.0,1877.9,59159.0,4741.0,,518904.0,12224.0,,46641.0,,2693.0,1542.6,355814.0,129512.0,,2136.8,733434.0,13384.0,142038.0,163988.0,6476.0,,124196.0,2792099.0,1303951.0,876983.0,,22186.0,94587.0,94464.0,29869.0,1654.3,2722.0,2644.0,,75562.0,3427250.0,,98018.0,41711.0,17665.0,2308326.0,261395.0,,,1324321.0,104412.0,9562.0,55169.0,5908.0,200580.0,322785.0,32282.0,4448.0,2376.3,665244.0,,56751.0,327471.0,49052.0,1480858.0,625024.0,229.26,,,104294.0,3974003,,
2022-07-01,117660.0,161813.0,135814.0,23281.0,941.9,,5647.0,27324.0,2018.6,64102.0,4756.0,,506769.0,12428.0,,47885.0,,2667.0,1174.6,353219.0,129011.0,,1980.3,741936.0,13339.0,144931.0,165094.0,6603.0,,107152.0,2733808.0,1285348.0,934275.0,,24361.0,98750.0,94865.0,32717.0,1682.4,2740.0,2727.0,,73626.0,3447111.0,,87408.0,41320.0,18515.0,2543940.0,260264.0,,,1030519.0,106707.0,9544.0,58002.0,6877.0,202773.0,327672.0,33122.0,4907.0,2431.4,667981.0,,57130.0,329607.0,49103.0,1466065.0,656416.0,229.9,,,106086.0,3930897,,
2022-10-01,121032.0,148090.0,135322.0,23650.0,1487.4,,7574.0,27554.0,2094.7,62222.0,4856.0,,500824.0,12367.0,,49365.0,,2682.0,897.0,356217.0,147245.0,,2010.3,743781.0,13194.0,145399.0,163534.0,7151.0,,112120.0,2549011.0,1282287.0,965191.0,,23808.0,98149.0,95894.0,33962.0,1656.4,2809.0,2686.0,,74895.0,3558942.0,,97527.0,42021.0,18126.0,2832566.0,261557.0,,,1186201.0,108143.0,9856.0,58613.0,10512.0,201409.0,330778.0,31752.0,5015.0,2439.0,677849.0,,55067.0,323464.0,48839.0,1380520.0,668852.0,250.5,117180.0,,106689.0,3876456,,
2023-01-01,128168.0,143816.0,138603.0,23210.0,653.1,2567097.0,6101.0,28007.0,1986.9,57862.0,4808.0,,499731.0,12451.0,,45259.0,,2757.0,1862.8,357984.0,126187.0,,1829.5,744702.0,13051.0,144369.0,165192.0,7113.0,,117502.0,2605144.0,1474836.0,929316.0,,19561.0,100852.0,97900.0,37299.0,1797.2,2882.0,2816.0,,77324.0,3665026.0,,72151.0,42813.0,18301.0,,260627.0,,,1102754.0,112154.0,9906.0,60658.0,4837.0,223097.0,330651.0,31906.0,4944.0,2583.0,690117.0,,56652.0,322512.0,49328.0,1315927.0,692162.0,217.03,,,108986.0,3905933,,
2023-04-01,123807.0,159384.0,142437.0,22807.0,851.0,,6229.0,28500.0,2318.0,58107.0,4885.0,,503450.0,12371.0,,43173.0,,2801.0,1206.0,373699.0,127811.0,,1746.8,748124.0,12717.0,144771.0,165086.0,7072.0,,121858.0,2499225.0,1414766.0,917570.0,,20236.0,102047.0,98052.0,30598.0,1764.6,2960.0,2708.0,,79741.0,,,94953.0,42880.0,18303.0,,261525.0,,,1381284.0,117329.0,9801.0,63307.0,6669.0,207324.0,336100.0,31713.0,5134.0,2634.0,717637.0,,57473.0,322807.0,48095.0,1276266.0,627563.0,242.26,,,107707.0,3955908,,
2023-07-01,121144.0,163421.0,144675.0,22529.0,1604.6,,6788.0,28964.0,2491.7,59766.0,5016.0,,498530.0,12105.0,,42495.0,,2840.0,1400.5,370818.0,131806.0,,2238.3,749223.0,12836.0,144638.0,165238.0,6921.0,,130378.0,2457612.0,1434931.0,988210.0,,19530.0,102339.0,99402.0,32814.0,1751.4,3107.0,2642.0,,,,,97537.0,41833.0,17746.0,,260145.0,,,1115018.0,119976.0,9903.0,64885.0,7403.0,191822.0,341687.0,32256.0,5261.0,2656.0,690446.0,,57140.0,320898.0,47903.0,1272848.0,666504.0,263.9,,,106244.0,3981301,,
2023-10-01,127329.0,137982.0,144342.0,22724.0,1837.5,,8979.0,27126.0,2495.0,59498.0,5037.0,,491685.0,11695.0,,41830.0,,2863.0,995.5,378306.0,122896.0,,2026.6,755815.0,12762.0,143354.0,161770.0,6740.0,,131719.0,2471204.0,1418043.0,1013620.0,,32305.0,76506.0,101356.0,34686.0,1776.3,3183.0,2508.0,,,,,116650.0,41107.0,17690.0,,261503.0,,,1306878.0,125305.0,10251.0,68466.0,11367.0,,348260.0,32744.0,5627.0,2661.0,689202.0,,56204.0,314997.0,47521.0,1255406.0,666213.0,277.3,208272.0,,107170.0,4016036,,
2024-01-01,,,,,,,,,,,,,495251.0,11680.0,,42884.0,,3034.0,,348473.0,129001.0,,2034.1,,12145.0,143804.0,163693.0,,,117875.0,,,964570.0,,,84549.0,101850.0,37325.0,1673.4,2976.0,,,,,,,41284.0,,,242481.0,,,1128523.0,,9938.0,,,,,31212.0,,2613.0,,,57671.0,,47738.0,1251749.0,,239.34,,,108688.0,4074510,,
