Date,AL,AR,AU,AT,AZ,BD,BY,BE,BA,BR,BG,KH,CA,CL,CN,CO,CR,HR,CY,CZ,DK,DO,EE,EU,FI,FR,DE,GR,HN,HK,HU,IN,ID,IR,IE,IL,IT,JP,LV,LT,LU,MO,MY,MX,MN,MA,NL,NZ,NG,NO,OM,PK,PA,PE,PH,PL,PT,RO,RU,SA,RS,SG,SK,SI,ZA,KR,ES,SE,CH,TW,TH,TR,UA,AE,UK,US,UZ,VE,VN
1947-01-01,,,,,,,,,,,,,,,,,,,,,,,,,,,,,,,,,,,,,,,,,,,,,,,,,,,,,,,,,,,,,,,,,,,,,,,,,,,,560515,,,
1947-04-01,,,,,,,,,,,,,,,,,,,,,,,,,,,,,,,,,,,,,,,,,,,,,,,,,,,,,,,,,,,,,,,,,,,,,,,,,,,,560091,,,
1947-07-01,,,,,,,,,,,,,,,,,,,,,,,,,,,,,,,,,,,,,,,,,,,,,,,,,,,,,,,,,,,,,,,,,,,,,,,,,,,,560034,,,
1947-10-01,,,,,,,,,,,,,,,,,,,,,,,,,,,,,,,,,,,,,,,,,,,,,,,,,,,,,,,,,,,,,,,,,,,,,,,,,,,,555556,,,
1948-01-01,,,,,,,,,,,,,,,,,,,,,,,,,,,,,,,,,,,,,,,,,,,,,,,,,,,,,,,,,,,,,,,,,,,,,,,,,,,,563895,,,
1948-04-01,,,,,,,,,,,,,,,,,,,,,,,,,,,,,,,,,,,,,,,,,,,,,,,,,,,,,,,,,,,,,,,,,,,,,,,,,,,,583846,,,
1948-07-01,,,,,,,,,,,,,,,,,,,,,,,,,,,,,,,,,,,,,,,,,,,,,,,,,,,,,,,,,,,,,,,,,,,,,,,,,,,,596087,,,
1948-10-01,,,,,,,,,,,,,,,,,,,,,,,,,,,,,,,,,,,,,,,,,,,,,,,,,,,,,,,,,,,,,,,,,,,,,,,,,,,,618100,,,
1949-01-01,,,,,,,,,,,,,,,,,,,,,,,,,,,,,,,,,,,,,,,,,,,,,,,,,,,,,,,,,,,,,,,,,,,,,,,,,,,,634547,,,
1949-04-01,,,,,,,,,,,,,,,,,,,,,,,,,,,,,,,,,,,,,,,,,,,,,,,,,,,,,,,,,,,,,,,,,,,,,,,,,,,,662174,,,
1949-07-01,,,,,,,,,,,,,,,,,,,,,,,,,,,,,,,,,,,,,,,,,,,,,,,,,,,,,,,,,,,,,,,,,,,,,,,,,,,,665721,,,
1949-10-01,,,,,,,,,,,,,,,,,,,,,,,,,,,,,,,,,,,,,,,,,,,,,,,,,,,,,,,,,,,,,,,,,,,,,,,,,,,,654121,,,
1950-01-01,,,,,,,,,,,,,,,,,,,,,,,,,,,,,,,,,,,,,,,,,,,,,,,,,,,,,,,,,,,,,,,,,,,,,,,,,,,,642039,,,
1950-04-01,,,,,,,,,,,,,,,,,,,,,,,,,,,,,,,,,,,,,,,,,,,,,,,,,,,,,,,,,,,,,,,,,,,,,,,,,,,,653806,,,
1950-07-01,,,,,,,,,,,,,,,,,,,,,,,,,,,,,,,,,,,,,,,,,,,,,,,,,,,,,,,,,,,,,,,,,,,,,,,,,,,,643275,,,
1950-10-01,,,,,,,,,,,,,,,,,,,,,,,,,,,,,,,,,,,,,,,,,,,,,,,,,,,,,,,,,,,,,,,,,,,,,,,,,,,,688730,,,
1951-01-01,,,,,,,,,,,,,,,,,,,,,,,,,,,,,,,,,,,,,,,,,,,,,,,,,,,,,,,,,,,,,,,,,,,,,,,,,,,,762013,,,
1951-04-01,,,,,,,,,,,,,,,,,,,,,,,,,,,,,,,,,,,,,,,,,,,,,,,,,,,,,,,,,,,,,,,,,,,,,,,,,,,,863552,,,
1951-07-01,,,,,,,,,,,,,,,,,,,,,,,,,,,,,,,,,,,,,,,,,,,,,,,,,,,,,,,,,,,,,,,,,,,,,,,,,,,,958430,,,
1951-10-01,,,,,,,,,,,,,,,,,,,,,,,,,,,,,,,,,,,,,,,,,,,,,,,,,,,,,,,,,,,,,,,,,,,,,,,,,,,,1009059,,,
1952-01-01,,,,,,,,,,,,,,,,,,,,,,,,,,,,,,,,,,,,,,,,,,,,,,,,,,,,,,,,,,,,,,,,,,,,,,,,,,,,1039017,,,
1952-04-01,,,,,,,,,,,,,,,,,,,,,,,,,,,,,,,,,,,,,,,,,,,,,,,,,,,,,,,,,,,,,,,,,,,,,,,,,,,,1074374,,,
1952-07-01,,,,,,,,,,,,,,,,,,,,,,,,,,,,,,,,,,,,,,,,,,,,,,,,,,,,,,,,,,,,,,,,,,,,,,,,,,,,1085214,,,
1952-10-01,,,,,,,,,,,,,,,,,,,,,,,,,,,,,,,,,,,,,,,,,,,,,,,,,,,,,,,,,,,,,,,,,,,,,,,,,,,,1103302,,,
1953-01-01,,,,,,,,,,,,,,,,,,,,,,,,,,,,,,,,,,,,,,,,,,,,,,,,,,,,,,,,,,,,,,,,,,,,,,,,,,,,1138261,,,
1953-04-01,,,,,,,,,,,,,,,,,,,,,,,,,,,,,,,,,,,,,,,,,,,,,,,,,,,,,,,,,,,,,,,,,,,,,,,,,,,,1161607,,,
1953-07-01,,,,,,,,,,,,,,,,,,,,,,,,,,,,,,,,,,,,,,,,,,,,,,,,,,,,,,,,,,,,,,,,,,,,,,,,,,,,1149285,,,
1953-10-01,,,,,,,,,,,,,,,,,,,,,,,,,,,,,,,,,,,,,,,,,,,,,,,,,,,,,,,,,,,,,,,,,,,,,,,,,,,,1146434,,,
1954-01-01,,,,,,,,,,,,,,,,,,,,,,,,,,,,,,,,,,,,,,,,,,,,,,,,,,,,,,,,,,,,,,,,,,,,,,,,,,,,1116653,,,
1954-04-01,,,,,,,,,,,,,,,,,,,,,,,,,,,,,,,,,,,,,,,,,,,,,,,,,,,,,,,,,,,,,,,,,,,,,,,,,,,,1078860,,,
1954-07-01,,,,,,,,,,,,,,,,,,,,,,,,,,,,,,,,,,,,,,,,,,,,,,,,,,,,,,,,,,,,,,,,,,,,,,,,,,,,1055542,,,
1954-10-01,,,,,,,,,,,,,,,,,,,,,,,,,,,,,,,,,,,,,,,,,,,,,,,,,,,,,,,,,,,,,,,,,,,,,,,,,,,,1049200,,,
1955-01-01,,,,,,,,,,,,,,,,,,,,,,,,,,,,,,,,,,,,,,,,,,,,,,,,,,,,,,,,,,,,,,,,,,,,,,,,,,,36375.0,1049830,,,
1955-04-01,,,,,,,,,,,,,,,,,,,,,,,,,,,,,,,,,,,,,,,,,,,,,,,,,,,,,,,,,,,,,,,,,,,,,,,,,,,36154.0,1039546,,,
1955-07-01,,,,,,,,,,,,,,,,,,,,,,,,,,,,,,,,,,,,,,,,,,,,,,,,,,,,,,,,,,,,,,,,,,,,,,,,,,,35977.0,1046213,,,
1955-10-01,,,,,,,,,,,,,,,,,,,,,,,,,,,,,,,,,,,,,,,,,,,,,,,,,,,,,,,,,,,,,,,,,,,,,,,,,,,35578.0,1025470,,,
1956-01-01,,,,,,,,,,,,,,,,,,,,,,,,,,,,,,,,,,,,,,,,,,,,,,,,,,,,,,,,,,,,,,,,,,,,,,,,,,,35447.0,1025219,,,
1956-04-01,,,,,,,,,,,,,,,,,,,,,,,,,,,,,,,,,,,,,,,,,,,,,,,,,,,,,,,,,,,,,,,,,,,,,,,,,,,35578.0,1045932,,,
1956-07-01,,,,,,,,,,,,,,,,,,,,,,,,,,,,,,,,,,,,,,,,,,,,,,,,,,,,,,,,,,,,,,,,,,,,,,,,,,,35932.0,1036749,,,
1956-10-01,,,,,,,,,,,,,,,,,,,,,,,,,,,,,,,,,,,,,,,,,,,,,,,,,,,,,,,,,,,,,,,,,,,,,,,,,,,35755.0,1063129,,,
1957-01-01,,,,,,,,,,,,,,,,,,,,,,,,,,,,,,,,,,,,,,,,,,,,,,,,,,,,,,,,,,,,,,,,,,,,,,,,,,,36205.0,1085921,,,
1957-04-01,,,,,,,,,,,,,,,,,,,,,,,,,,,,,,,,,,,,,,,,,,,,,,,,,,,,,,,,,,,,,,,,,,,,,,,,,,,35069.0,1080303,,,
1957-07-01,,,,,,,,,,,,,,,,,,,,,,,,,,,,,,,,,,,,,,,,,,,,,,,,,,,,,,,,,,,,,,,,,,,,,,,,,,,34988.0,1089494,,,
1957-10-01,,,,,,,,,,,,,,,,,,,,,,,,,,,,,,,,,,,,,,,,,,,,,,,,,,,,,,,,,,,,,,,,,,,,,,,,,,,34623.0,1107405,,,
1958-01-01,,,,,,,,,,,,,,,,,,,,,,,,,,,,,,,,,,,,,,,,,,,,,,,,,,,,,,,,,,,,,,,,,,,,,,,,,,,34212.0,1097821,,,
1958-04-01,,,,,,,,,,,,,,,,,,,,,,,,,,,,,,,,,,,,,,,,,,,,,,,,,,,,,,,,,,,,,,,,,,,,,,,,,,,34251.0,1125194,,,
1958-07-01,,,,,,,,,,,,,,,,,,,,,,,,,,,,,,,,,,,,,,,,,,,,,,,,,,,,,,,,,,,,,,,,,,,,,,,,,,,34327.0,1131649,,,
1958-10-01,,,,,,,,,,,,,,,,,,,,,,,,,,,,,,,,,,,,,,,,,,,,,,,,,,,,,,,,,,,,,,,,,,,,,,,,,,,34558.0,1154467,,,
1959-01-01,,,,,,,,,,,,,,,,,,,,,,,,,,,,,,,,,,,,,,,,,,,,,,,,,,,,,,,,,,,,,,,,,,,,,,,,,,,34585.0,1142671,,,
1959-04-01,,,,,,,,,,,,,,,,,,,,,,,,,,,,,,,,,,,,,,,,,,,,,,,,,,,,,,,,,,,,,,,,,,,,,,,,,,,34955.0,1156740,,,
1959-07-01,,,10939.0,,,,,,,,,,,,,,,,,,,,,,,,,,,,,,,,,,,,,,,,,,,,,,,,,,,,,,,,,,,,,,,,,,,,,,,,35176.0,1166589,,,
1959-10-01,,,10864.0,,,,,,,,,,,,,,,,,,,,,,,,,,,,,,,,,,,,,,,,,,,,,,,,,,,,,,,,,,,,,,,,,,,,,,,,35250.0,1157052,,,
1960-01-01,,,11198.0,,,,,,,,,,,,,,,,,,,,,,,,,,,,,,,,,,,,,,,,,,,,,,,,,,,,,,,,,,,,,,94246.0,,,,,,,,,,35397.0,1137363,,,
1960-04-01,,,10639.0,,,,,,,,,,,,,,,,,,,,,,,,,,,,,,,,,,,,,,,,,,,,,,,,,,,,,,,,,,,,,,101933.0,,,,,,,,,,35610.0,1150170,,,
1960-07-01,,,10816.0,,,,,,,,,,,,,,,,,,,,,,,,,,,,,,,,,,,,,,,,,,,,,,,,,,,,,,,,,,,,,,98312.0,,,,,,,,,,35716.0,1178324,,,
1960-10-01,,,11376.0,,,,,,,,,,,,,,,,,,,,,,,,,,,,,,,,,,,,,,,,,,,,,,,,,,,,,,,,,,,,,,100616.0,,,,,,,,,,36104.0,1186511,,,
1961-01-01,,,11529.0,,,,,,,,,,98078.0,,,,,,,,,,,,,,,,,,,,,,,,,,,,,,,,,,,,,,,,,,,,,,,,,,,,100907.0,,,,,,,,,,36473.0,1204136,,,
1961-04-01,,,11520.0,,,,,,,,,,98488.0,,,,,,,,,,,,,,,,,,,,,,,,,,,,,,,,,,,,,,,,,,,,,,,,,,,,102591.0,,,,,,,,,,36917.0,1207172,,,
1961-07-01,,,11899.0,,,,,,,,,,102535.0,,,,,,,,,,,,,,,,,,,,,,,,,,,,,,,,,,,,,,,,,,,,,,,,,,,,108438.0,,,,,,,,,,37360.0,1232997,,,
1961-10-01,,,11655.0,,,,,,,,,,101886.0,,,,,,,,,,,,,,,,,,,,,,,,,,,,,,,,,,,,,,,,,,,,,,,,,,,,108419.0,,,,,,,,,,37326.0,1260059,,,
1962-01-01,,,11781.0,,,,,,,,,,102819.0,,,,,,,,,,,,,,,,,,,,,,,,,,,,,,,,,,,,,,,,,,,,,,,,,,,,115989.0,,,,,,,,,,37870.0,1284377,,,
1962-04-01,,,11655.0,,,,,,,,,,106688.0,,,,,,,,,,,,,,,,,,,,,,,,,,,,,,,,,,,,,,,,,,,,,,,,,,,,117964.0,,,,,,,,,,38163.0,1290924,,,
1962-07-01,,,11762.0,,,,,,,,,,105117.0,,,,,,,,,,,,,,,,,,,,,,,,,,,,,,,,,,,,,,,,,,,,,,,,,,,,116570.0,,,,,,,,,,38229.0,1320783,,,
1962-10-01,,,12067.0,,,,,,,,,,106750.0,,,,,,,,,,,,,,,,,,,,,,,,,,,,,,,,,,,,,,,,,,,,,,,,,,,,133568.0,,,,,,,,,,38490.0,1329937,,,
1963-01-01,,,12498.0,,,,,,,,,,108820.0,,,,,,,,,,,,,,,,,,,,,,,,,,,,,,,,,,,,,,,,,,,,,,,,,,,,126386.0,,,,,,,,,,39119.0,1311923,,,
1963-04-01,,,12583.0,,,,,,,,,,108732.0,,,,,,,,,,,,,,,,,,,,,,,,,,,,,,,,,,,,,,,,,,,,,,,,,,,,122494.0,,,,,,,,,,38740.0,1312902,,,
1963-07-01,,,12221.0,,,,,,,,,,111041.0,,,,,,,,,,,,,,,,,,,,,,,,,,,,,,,,,,,,,,,,,,,,,,,,,,,,129812.0,,,,,,,,,,38677.0,1371177,,,
1963-10-01,,,12502.0,,,,,,,,,,111683.0,,,,,,,,,,,,,,,,,,,,,,,,,,,,,,,,,,,,,,,,,,,,,,,,,,,,126850.0,,,,,,,,,,39560.0,1357005,,,
1964-01-01,,,12848.0,,,,,,,,,,117906.0,,,,,,,,,,,,,,,,,,,,,,,,,,,,,,,,,,,,,,,,,,,,,,,,,,,,137962.0,,,,,,,,,,39617.0,1361263,,,
1964-04-01,,,12859.0,,,,,,,,,,115836.0,,,,,,,,,,,,,,,,,,,,,,,,,,,,,,,,,,,,,,,,,,,,,,,,,,,,136704.0,,,,,,,,,,39681.0,1373511,,,
1964-07-01,,,13133.0,,,,,,,,,,115021.0,,,,,,,,,,,,,,,,,,,,,,,,,,,,,,,,,,,,,,,,,,,,,,,,,,,,133199.0,,,,,,,,,,40130.0,1375153,,,
1964-10-01,,,13657.0,,,,,,,,,,118321.0,,,,,,,,,,,,,,,,,,,,,,,,,,,,,,,,,,,,,,,,,,,,,,,,,,,,137168.0,,,,,,,,,,40001.0,1374590,,,
1965-01-01,,,14079.0,,,,,,,,,,120100.0,,,,,,,,,,,,,,,,,,,,,,,,,,,,,,,,,,,,,,,,,,,,,,,,,,,,135562.0,,,,,,,,,,38901.0,1373018,,,
1965-04-01,,,14154.0,,,,,,,,,,120618.0,,,,,,,,,,,,,,,,,,,,,,,,,,,,,,,,,,,,,,,,,,,,,,,,,,,,152328.0,,,,,,,,,,41778.0,1389271,,,
1965-07-01,,,15041.0,,,,,,,,,,122173.0,,,,,,,,,,,,,,,,,,,,,,,,,,,,,,,,,,,,,,,,,,,,,,,,,,,,149812.0,,,,,,,,,,41441.0,1435360,,,
1965-10-01,,,15268.0,,,,,,,,,,124812.0,,,,,,,,,,,,,,,,,,,,,,,,,,,,,,,,,,,,,,,,,,,,,,,,,,,,154652.0,,,,,,,,,,41441.0,1462544,,,
1966-01-01,,,15058.0,,,,,,,,,,127441.0,,,,,,,,,,,,,,,,,,,,,,,,,,,,,,,,,,,,,,,,,,,,,,,,,,,,155367.0,,,,,,,,,,41099.0,1489775,,,
1966-04-01,,,15180.0,,,,,,,,,,131224.0,,,,,,,,,,,,,,,,,,,,,,,,,,,,,,,,,,,,,,,,,,,,,,,,,,,,164738.0,,,,,,,,,,42098.0,1517912,,,
1966-07-01,,,15679.0,,,,,,,,,,134400.0,,,,,,,,,,,,,,,,,,,,,,,,,,,,,,,,,,,,,,,,,,,,,,,,,,,,149463.0,,,,,,,,,,42681.0,1559275,,,
1966-10-01,,,15811.0,,,,,,,,,,138573.0,,,,,,,,,,,,,,,,,,,,,,,,,,,,,,,,,,,,,,,,,,,,,,,,,,,,152290.0,,,,,,,,,,42820.0,1586198,,,
1967-01-01,,,16164.0,,,,,,,,,,138765.0,,,,,,,,,,,,,,,,,,,,,,,,,,,,,,,,,,,,,,,,,,,,,,,,,,,,157884.0,,,,,,,,,,44144.0,1653233,,,
1967-04-01,,,16129.0,,,,,,,,,,144793.0,,,,,,,,,,,,,,,,,,,,,,,,,,,,,,,,,,,,,,,,,,,,,,,,,,,,158639.0,,,,,,,,,,44405.0,1646377,,,
1967-07-01,,,16635.0,,,,,,,,,,145585.0,,,,,,,,,,,,,,,,,,,,,,,,,,,,,,,,,,,,,,,,,,,,,,,,,,,,167061.0,,,,,,,,,,44379.0,1664669,,,
1967-10-01,,,17148.0,,,,,,,,,,147147.0,,,,,,,,,,,,,,,,,,,,,,,,,,,,,,,,,,,,,,,,,,,,,,,,,,,,162898.0,,,,,,,,,,45423.0,1677307,,,
1968-01-01,,,18049.0,,,,,,,,,,148575.0,,,,,,,,,,,,,,,,,,,,,,,,,,,,,,,,,,,,,,,,,,,,,,,,,,,,168242.0,,,,,,,,,,45465.0,1707281,,,
1968-04-01,,,17792.0,,,,,,,,,,151593.0,,,,,,,,,,,,,,,,,,,,,,,,,,,,,,,,,,,,,,,,,,,,,,,,,,,,168127.0,,,,,,,,,,45189.0,1716107,,,
1968-07-01,,,17543.0,,,,,,,,,,155722.0,,,,,,,,,,,,,,,,,,,,,,,,,,,,,,,,,,,,,,,,,,,,,,,,,,,,174341.0,,,,,,,,,,45365.0,1721216,,,
1968-10-01,,,17927.0,,,,,,,,,,158509.0,,,,,,,,,,,,,,,,,,,,,,,,,,,,,,,,,,,,,,,,,,,,,,,,,,,,180382.0,,,,,,,,,,45039.0,1722739,,,
1969-01-01,,,17995.0,,,,,,,,,,158224.0,,,,,,,,,,,,,,,,,,,,,,,,,,,,,,,,,,,,,,,,,,,,,,,,,,,,182957.0,,,,,,,,,,44979.0,1726594,,,
1969-04-01,,,18388.0,,,,,,,,,,161370.0,,,,,,,,,,,,,,,,,,,,,,,,,,,,,,,,,,,,,,,,,,,,,,,,,,,,182763.0,,,,,,,,,,44315.0,1721163,,,
1969-07-01,,,18964.0,,,,,,,,,,161540.0,,,,,,,,,,,,,,,,,,,,,,,,,,,,,,,,,,,,,,,,,,,,,,,,,,,,174186.0,,,,,,,,,,44220.0,1724612,,,
1969-10-01,,,19560.0,,,,,,,,,,164186.0,,,,,,,,,,,,,,,,,,,,,,,,,,,,,,,,,,,,,,,,,,,,,,,,,,,,193857.0,,,,,,,,,,44647.0,1701376,,,
1970-01-01,,,19094.0,,,,,,,,,,170251.0,,,,,,,,,,,,,,,,,,,,,,,,,,,,,,,,,,,,,,,,,,,,,,,,,,,,186693.0,,,,,,,,,,44259.0,1693165,,,
1970-04-01,,,19669.0,,,,,,,,,,176639.0,,,,,,,,,,,,,,,,,,,,,,,,,,,,,,,,,,,,,,,,,,,,,,,,,,,,201523.0,,,,,,,,,,45756.0,1673464,,,
1970-07-01,,,20189.0,,,,,,,,,,172600.0,,,,,,,,,,,,,,,,,,,,,,,,,,,,,,,,,,,,,,,,,,,,,,,,,,,,201039.0,,,,,,,,,,45448.0,1680531,,,
1970-10-01,,,20490.0,,,,,,,,,,176231.0,,,,,,,,,,,,,,,,,,,,,,,,,,,,,,,,,,,,,,,,,,,,,,,,,,,,202820.0,,,,,,,,,,45844.0,1681319,,,
1971-01-01,,,20451.0,,,,,,,,,,173434.0,,,,,,,,,,,,,,,,,,,,,,,,,,,,,,,,,,,,,,,,,,,,,,,,,,,,208395.0,,,,,,,,,,46085.0,1656742,,,
1971-04-01,,,20175.0,,,,,,,,,,179717.0,,,,,,,,,,,,,,,,,,,,,,,,,,,,,,,,,,,,,,,,,,,,,,,,,,,,210139.0,,,,,,,,,,46938.0,1652914,,,
1971-07-01,,,21137.0,,,,,,,,,,182690.0,,,,,,,,,,,,,,,,,,,,,,,,,,,,,,,,,,,,,,,,,,,,,,,,,,,,215172.0,,,,,,,,,,47374.0,1652012,,,
1971-10-01,,,20901.0,,,,,,,,,,185267.0,,,,,,,,,,,,,,,,,,,,,,,,,,,,,,,,,,,,,,,,,,,,,,,,,,,,221320.0,,,,,,,,,,47295.0,1640336,,,
1972-01-01,,,21487.0,,,,,,,,,,181616.0,,,,,,,,,,,,,,,,,,,,,,,,,,,,,,,,,,,,,,,,,,,,,,,,,,,,208300.0,,,,,,,,,,48403.0,1649269,,,
1972-04-01,,,21264.0,,,,,,,,,,184451.0,,,,,,,,,,,,,,,,,,,,,,,,,,,,,,,,,,,,,,,,,,,,,,,,,,,,217011.0,,,,,,,,,,48816.0,1655872,,,
1972-07-01,,,21473.0,,,,,,,,,,188582.0,,,,,,,,,,,,,,,,,,,,,,,,,,,,,,,,,,,,,,,,,,,,,,,,,,,,215056.0,,,,,,,,,,49517.0,1624317,,,
1972-10-01,,,21494.0,,,,,,,,,,191726.0,,,,,,,,,,,,,,,,,,,,,,,,,,,,,,,,,,,,,,,,,,,,,,,,,,,,210796.0,,,,,,,,,,49949.0,1637754,,,
1973-01-01,,,22280.0,,,,,,,,,,191353.0,,,,,,,,,,,,,,,,,9358.0,,,,,,,,,,,,,,,,,,,,,,,,,,,,,,,,,,,211416.0,,,,,,,,,,50480.0,1651865,,,
1973-04-01,,,22244.0,,,,,,,,,,193435.0,,,,,,,,,,,,,,,,,8773.0,,,,,,,,,,,,,,,,,,,,,,,,,,,,,,,,,,,218851.0,,,,,,,,,,50860.0,1640230,,,
1973-07-01,,,22618.0,,,,,,,,,,194462.0,,,,,,,,,,,,,,,,,9968.0,,,,,,,,,,,,,,,,,,,,,,,,,,,,,,,,,,,229809.0,,,,,,,,,,51322.0,1620936,,,
1973-10-01,,,21849.0,,,,,,,,,,202126.0,,,,,,,,,,,,,,,,,10562.0,,,,,,,,,,,,,,,,,,,,,,,,,,,,,,,,,,,228570.0,,,,,,,,,,51388.0,1633097,,,
1974-01-01,,,22727.0,,,,,,,,,,200856.0,,,,,,,,,,,,,,,,,10061.0,,,,,,,,,,,,,,,,,,,,,,,,,,,,,,,,,,,238734.0,,,,,,,,,,50687.0,1662599,,,
1974-04-01,,,22503.0,,,,,,,,,,206307.0,,,,,,,,,,,,,,,,,9582.0,,,,,,,,,,,,,,,,,,,,,,,,,,,,,,,,,,,231609.0,,,,,,,,,,51644.0,1670929,,,
1974-07-01,,,23548.0,,,,,,,,,,209335.0,,,,,,,,,,,,,,,,,11354.0,,,,,,,,,,,,,,,,,,,,,,,,,,,,,,,,,,,247466.0,,,,,,,,,,52227.0,1674253,,,
1974-10-01,,,24184.0,,,,,,,,,,212173.0,,,,,,,,,,,,,,,,,11206.0,,,,,,,,,,,,,,,,,,,,,,,,,,,,,,,,,,,239605.0,,,,,,,,,,52945.0,1682266,,,
1975-01-01,,,24644.0,,,,,,,,,,213934.0,,,,,,,,,,,,,,,,,11529.0,,,,,,,,,,,,,,,,,,,,,,,,,,,,,,,,833.8,,,249150.0,,,,,,,,,,55074.0,1700574,,,
1975-04-01,,,25294.0,,,,,,,,,,221187.0,,,,,,,,,,,,,,,,,10965.0,,,,,,,,,,,,,,,,,,,,,,,,,,,,,,,,875.6,,,276332.0,,,,,,,,,,54366.0,1686211,,,
1975-07-01,,,26266.0,,,,,,,,,,223747.0,,,,,,,,,,,,,,,,,11150.0,,,,,,,,,,,,,,,,,,,,,,,,,,,,,,,,940.2,,,271879.0,,,,,,,,,,54512.0,1717716,,,
1975-10-01,,,25953.0,,,,,,,,,,223544.0,,,,,,,,,,,,,,,,,11485.0,,,,,,,,,,,,,,,,,,,,,,,,,,,,,,,,942.1,,,275906.0,,,,,,,,,,55622.0,1732769,,,
1976-01-01,,,26923.0,,,,,,,,,,222615.0,,,,,,,,,,,,,,,,,11952.0,,,,,,,,,,,,,,,,,,,,,,,,,,,,,,,,932.7,,,283301.0,,,,,,,,,,55635.0,1735490,,,
1976-04-01,,,26564.0,,,,,,,,,,225182.0,,,,,,,,,,,,,,,,,11531.0,,,,,,,,,,,,,,,,,,,,,,,,,,,,,,,,904.4,,,289517.0,,,,,,,,,,56110.0,1716171,,,
1976-07-01,,,26634.0,,,,,,,,,,224016.0,,,,,,,,,,,,,,,,,12170.0,,,,,,,,,,,,,,,,,,,,,,,,,,,,,,,,962.3,,,285779.0,,,,,,,,,,55859.0,1711140,,,
1976-10-01,,,26244.0,,,,,,,,,,226494.0,,,,,,,,,,,,,,,,,12196.0,,,,,,,,,,,,,,,,,,,,,,,,,,,,,,,,938.9,,,273680.0,,,,,,,,,,55364.0,1710087,,,
1977-01-01,,,27013.0,,,,,,,,,,230653.0,,,,,,,,,,,,,,,,,13173.0,,,,,,,,,,,,,,,,,,,,,,,,,,,,,,,,1010.8,,,292711.0,,,,,,,,,,54823.0,1724629,,,
1977-04-01,,,26492.0,,,,,,,,,,235418.0,,,,,,,,,,,,,,,,,12422.0,,,,,,,,,,,,,,,,,,,,,,,,,,,,,,,,1065.6,,,288703.0,,,,,,,,,,55220.0,1740413,,,
1977-07-01,,,26996.0,,,,,,,,,,233702.0,,,,,,,,,,,,,,,,,12897.0,,,,,,,,,,,,,,,,,,,,,,,,,,,,,,,,948.5,,,290252.0,,,,,,,,,,55107.0,1747409,,,
1977-10-01,,,26952.0,,,,,,,,,,235465.0,,,,,,,,,,,,,,,,,13520.0,,,,,,,,,,,,,,,,,,,,,,,,,,,,,,,,1049.6,,,303978.0,,,,,,,,,,54985.0,1743244,,,
1978-01-01,,,27949.0,,,,,,,,,,234947.0,,,,,,,,,,,,,,,,,14435.0,,,,,,,,,,,,,,,,,,,,66580.0,,,,,,,,,,,,1165.1,,,296428.0,,,,,,,,,,55571.0,1743682,,,
1978-04-01,,,27657.0,,,,,,,,,,236487.0,,,,,,,,,,,,,,,,,13504.0,,,,,,,,,,,,,,,,,,,,65307.0,,,,,,,,,,,,1072.6,,,287580.0,,,,,,,,,,55652.0,1787410,,,
1978-07-01,,,28534.0,,,,,,,,,,236856.0,,,,,,,,,,,,,,,,,14410.0,,,,,,,,,,,,,,,,,,,,67118.0,,,,,,,,,,,,1103.5,,,295479.0,,,,,,,,,,56187.0,1803917,,,
1978-10-01,,,28430.0,,,,,,,,,,237267.0,,,,,,,,,,,,,,,,,14584.0,,,,,,,,,,,,,,,,,,,,68033.0,,,,,,,,,,,,1168.4,,,304055.0,,,,,,,,,,56429.0,1820148,,,
1979-01-01,,,28271.0,,,,,,,,,,236720.0,,,,,,,,,,,,,,,,,16340.0,,,,,,,,,,,,,,,,,,,,68535.0,,,,,,,,,,,,1072.1,,,294879.0,,,,,,,,,,56201.0,1802151,,,
1979-04-01,,,27944.0,,,,,,,,,,240017.0,,,,,,,,,,,,,,,,,14762.0,,,,,,,,,,,,,,,,,,,,70045.0,,,,,,,,,,,,1137.7,,,306051.0,,,,,,,,,,57314.0,1819707,,,
1979-07-01,,,28407.0,,,,,,,,,,238029.0,,,,,,,,,,,,,,,,,15439.0,,,,,,,,,,,,,,,,,,,,70673.0,,,,,,,,,,,,1217.9,,,313950.0,,,,,,,,,,56734.0,1825020,,,
1979-10-01,,,29038.0,,,,,,,,,,239613.0,,,,,,,,,,,,,,,,,16181.0,,,,,,,,,,,,,,,,,,,,71366.0,,,,,,,,,,,,1109.6,,,325508.0,,,,,,,,,,57018.0,1837039,,,
1980-01-01,,,28659.0,,,,,,,,,,241143.0,,,,,,,,,,,,,66286.0,,,,16696.0,,,,,,,,,,,,,,,,,,,,72435.0,,,,,,,,,,,,1085.4,,,330405.0,,,,9438.0,,,,,,57351.0,1864003,,,
1980-04-01,,,29629.0,,,,,,,,,,244202.0,,,,,,,,,,,,,66804.0,,,,15993.0,,,,,,,,,,,,,,,,,,,,72580.0,,,,,,,,,,,,1469.7,,,337453.0,,,,9616.0,,,,,,56854.0,1867666,,,
1980-07-01,,,29070.0,,,,,,,,,,247679.0,,,,,,,,,,,,,67305.0,,,,16742.0,,,,,,,,,,,,,,,,,,,,73518.0,,,,,,,,,,,,1224.1,,,343029.0,,,,9716.0,,,,,,57743.0,1842245,,,
1980-10-01,,,30848.0,,,,,,,,,,246671.0,,,,,,,,,,,,,67644.0,,,,18164.0,,,,,,,,,,,,,,,,,,,,74333.0,,,,,,,,,,,,1287.0,,,342564.0,,,,9769.0,,,,,,57933.0,1841838,,,
1981-01-01,,,30292.0,,,,,,,,,,247790.0,,,,,,,,,,,,,68084.0,,,,23304.0,,,,,,,,,,,,,,,,,,,,74391.0,,,,,,,,,,,,1094.8,,,333813.0,,,,9819.0,154544.0,,,,,57275.0,1866472,,,
1981-04-01,,,30782.0,,,,,,,,,,247312.0,,,,,,,,,,,,,68637.0,,,,18582.0,,,,,,,,,,,,,,,,,,,,75659.0,,,,,,,,,,,,1466.9,,,361769.0,,,,9870.0,156539.0,,,,,57786.0,1870062,,,
1981-07-01,,,31616.0,,,,,,,,,,250330.0,,,,,,,,,,,,,69256.0,,,,18934.0,,,,,,,,,,,,,,,,,,,,76060.0,,,,,,,,,,,,1375.8,,,343687.0,,,,9860.0,149624.0,,,,,57861.0,1863621,,,
1981-10-01,,,30223.0,,,,,,,,,,251010.0,,,,,,,,,,,,,69746.0,,,,21233.0,,,,,,,,,,,,,,,,,,,,76686.0,,,,,,,,,,,,1428.8,,,339815.0,,,,9867.0,149519.0,,,,,56741.0,1887304,,,
1982-01-01,,,29383.0,,,,,,,,,,248899.0,,,,,,,,,,,,,70819.0,,,,22365.0,,,,,,,,,,,,,,,,,,,,76534.0,,,,,,,,,,,,1405.3,,,380142.0,,,,9869.0,167873.0,,,,,57564.0,1885192,,,
1982-04-01,,,31588.0,,,,,,,,,,251446.0,,,,,,,,,,,,,71330.0,,,,21273.0,,,,,,,,,,,,,,,,,,,,77694.0,,,,,,,,,,,,1403.3,,,365468.0,,,,9870.0,168630.0,,,,,57650.0,1892356,,,
1982-07-01,,,30154.0,,,,,,,,,,253589.0,,,,,,,,,,,,,72497.0,,,,21847.0,,,,,,,,,,,,,,,,,,,,77976.0,,,,,,,,,,,,1549.9,,,359775.0,,,,9884.0,158490.0,,,,,57749.0,1907531,,,
1982-10-01,,,31367.0,,,,,,,,,,254303.0,,,,,,,,,,,,,73028.0,,,,21233.0,,,,,,,,,,,,,,,,,,,,78064.0,,,,,,,,,,,,1661.4,,,360898.0,,,,10044.0,157463.0,,,,,58123.0,1936943,,,
1983-01-01,,,32248.0,,,,,,,,,,249896.0,,,,,,,,,,,,,73377.0,,,,23237.0,,,,,,,,,,,,,,,,,,,,80441.0,,,,,,,,,,,,1707.2,,,355865.0,,,,10110.0,176578.0,,,,,57949.0,1955554,,,
1983-04-01,,,32165.0,,,,,,,,,,254544.0,,,,,,,,,,,,,73420.0,,,,22875.0,,,,,,,,,,,,,,,,,,,,78725.0,,,,,,,,,,,,1602.5,,,372843.0,,,,10193.0,178146.0,,,,,58968.0,1971659,,,
1983-07-01,,,32211.0,,,,,,,,,,257223.0,,,,,,,,,,,,,73955.0,,,,23039.0,,,,,,,,,,,,,,,,,,,,79556.0,,,,,,,,,,,,1574.7,,,377859.0,,,,10200.0,168291.0,,,,,58679.0,2005680,,,
1983-10-01,,,32779.0,,,,,,,,,,257505.0,,,,,,,,,,,,,74429.0,,,,23064.0,,,,,,,,,,,,,,,,,,,,80904.0,,,,,,,,,,,,1656.4,,,386279.0,,,,10196.0,168536.0,,,,,59104.0,1973580,,,
1984-01-01,,,33306.0,,,,,,,,,,258138.0,,,,,,,,,,,,,74448.0,,,,24568.0,,,,,,,,,,,,,,,,,,,,79756.0,,,,,,,,,,,,1671.9,,,379484.0,,,,10199.0,190013.0,,,,,59530.0,1994498,,,
1984-04-01,,,33506.0,,,,,,,,,,258237.0,,,,,,,,,,,,,74981.0,,,,22894.0,,,,,,,,,,,,,,,,,,,,81162.0,,,,,,,,,,,,1573.7,,,400220.0,,,,10273.0,189115.0,,,,,58960.0,2037823,,,
1984-07-01,,,35780.0,,,,,,,,,,261238.0,,,,,,,,,,,,,75860.0,,,,24437.0,,,,,,,,,,,,,,,,,,,,81580.0,,,,,,,,,,,,1839.7,,,417548.0,,,,10385.0,189021.0,,,,,59399.0,2054317,,,
1984-10-01,,,34645.0,,,,,,,,,,264575.0,,,,,,,,,,,,,76301.0,,,,24150.0,,,,,,,,,,,,,,,,,,,,81981.0,,,,,,,,,,,,1845.4,,,397199.0,,,,10482.0,185044.0,,,,,59609.0,2097444,,,
1985-01-01,,,36314.0,,,,,,,,,,268573.0,,,,,,,,,,,,,76885.0,,,,25112.0,,,,,,,,,,,,,,,,,,,,82203.0,,,,,,,,,,,,2044.8,,,408099.0,,,,10644.0,201346.0,,,,,60270.0,2120284,,,
1985-04-01,,,36707.0,,,,,,,,,,270876.0,,,,,,,,,,,,,77514.0,,,,23464.0,,,,,,,,,,,,,,,,,,,,83124.0,,,,,,,,,,,,2118.0,,,396909.0,,,,10860.0,203491.0,,,,,58284.0,2167338,,,
1985-07-01,,,36643.0,,,,,,,,,,268773.0,,,,,,,,,,,,,77801.0,,,,24982.0,,,,,,,,,,,,,,,,,,,,83755.0,,,,,,,,,,,,2112.9,,,441884.0,,,,10950.0,200090.0,,,,,59059.0,2216743,,,
1985-10-01,,,37139.0,,,,,,,,,,275438.0,,,,,,,,,,,,,78440.0,,,,25424.0,,,,,,,,,,,,,,,,,,,,84087.0,,,,,,,,,,,,2055.9,,,402388.0,,,,11002.0,200158.0,,,,,59175.0,2225878,,,
1986-01-01,,,37460.0,,,,,,,,,,275589.0,,,,,,,,,,,,,78832.0,,,,26718.0,,,,,,,,,,,,,,,,,,,,85325.0,,,,,,,,,,,,2134.0,,,420005.0,,,,11108.0,212133.0,,,,,60639.0,2243464,,,
1986-04-01,,,38436.0,,,,,,,,,,273788.0,,,,,,,,,,,,,79380.0,,,,25275.0,,,,,,,,,,,,,,,,,,,,83787.0,,,,,,,,,,,,2124.5,,,435068.0,,,,11189.0,217388.0,,,,,60280.0,2290227,,,
1986-07-01,,,39050.0,,,,,,,,,,276499.0,,,,,,,,,,,,,79922.0,,,,26182.0,,,,,,,,,,,,,,,,,,,,85477.0,,,,,,,,,,,,2043.7,,,414063.0,,,,11257.0,201499.0,,,,,59758.0,2340115,,,
1986-10-01,,,38397.0,,,,,,,,,,275463.0,,,,,,,,,,,,,80568.0,,,,27073.0,,,,,,,,,,,,,,,,,,,,85951.0,,,,,,,,,,,,2067.2,,,417935.0,,,,11296.0,206056.0,,,,,59777.0,2330449,,,
1987-01-01,,,38371.0,,,,,,,,,,277776.0,,,,,,,,,,,,,80902.0,,,,27856.0,,,,,,,,,,,,,,,,,,,,86951.0,,,,,,,,,,,,1953.2,,,443684.0,,,,11383.0,226161.0,,,,,59542.0,2344118,,,
1987-04-01,,,38931.0,,,,,,,,,,279902.0,,,,,,,,,,,,,81425.0,,,,25808.0,,,,,,,,,,,,,,,,,,5477.0,,89283.0,,,,,,,,,,,,1970.6,,,446916.0,,,,11439.0,233997.0,,,,,60473.0,2362291,,,
1987-07-01,,,39295.0,,,,,,,,,,277962.0,,,,,,,,,,,,,82111.0,,,,27004.0,,,,,,,,,,,,,,,,,,5583.0,,89286.0,,,,,,,,,,,,2117.9,,,419290.0,,,,11476.0,231170.0,,,,,60248.0,2364769,,,
1987-10-01,,,40283.0,,,,,,,,,,281444.0,,,,,,,,,,,,,83175.0,,,,27970.0,,,,,,,,,,,,,,,,,,5590.0,,89529.0,,,,,,,,,,,,2528.0,,,440295.0,,,,11587.0,236599.0,,,,,60075.0,2400223,,,
1988-01-01,,,40772.0,,,,,,,,,,284771.0,,,,,,,,,,,,,84086.0,,,,28315.0,,,,,,,,,,,,,,,,,,5510.0,,87248.0,,,,,,,,,,,,2002.3,,,443586.0,,,,11681.0,244688.0,,,,,60296.0,2380198,,,
1988-04-01,,,40222.0,,,,,,,,,,287417.0,,,,,,,,,,,,,84569.0,,,,26902.0,,,,,,,,,,,,,,,,,,5482.0,,87351.0,,,,,,,,,,,,1948.3,,,437598.0,,,,11890.0,251678.0,,,,,60208.0,2387303,,,
1988-07-01,,,40814.0,,,,,,,,,,288719.0,,,,,,,,,,,,,85107.0,,,,29423.0,,,,,,,,,,,,,,,,,,5542.0,,88027.0,,,,,,,,,,,,1984.9,,,444026.0,,,,12064.0,252117.0,,,,,59687.0,2387578,,,
1988-10-01,,,40319.0,,,,,,,,,,288805.0,,,,,,,,,,,,,84965.0,,,,28349.0,,,,,,,,,,,,,,,,,,5601.0,,88924.0,,,,,,,,,,,,2034.9,,,453982.0,,,,12344.0,255466.0,,,,,60530.0,2433900,,,
1989-01-01,,,41038.0,,,,,,,,,,289888.0,,,,,,,,,,,,,85477.0,,,,30820.0,,,,,,,,,,,,,,,,,,5545.0,,89643.0,,,,,,,,,,,,2132.6,,,469467.0,,,,12670.0,268534.0,,,,,60084.0,2423185,,,
1989-04-01,,,43125.0,,,,,,,,,,293888.0,,,,,,,,,,,,,85578.0,,,,28297.0,,,,,,,,,,,,,,,,,,5665.0,,89627.0,,,,,,,,,,,,2142.9,,,454116.0,,,,12908.0,275576.0,,,,,60355.0,2460441,,,
1989-07-01,,,41160.0,,,,,,,,,,297318.0,,,,,,,,,,,,,86059.0,,,,29132.0,,,,,,,,,,,,,,,,,,5707.0,,91782.0,,,,,,,,,,,,2101.5,,,459369.0,,,,13236.0,299578.0,,,,,61294.0,2482562,,,
1989-10-01,,,41824.0,,,,,,,,,,296904.0,,,,,,,,,,,,,86771.0,,,,30654.0,,,,,,,,,,,,,,,,,,5852.0,,91477.0,,,,,,,,,,,,2088.7,,,467699.0,,,,13372.0,297728.0,,,,,61014.0,2495007,,,
1990-01-01,,,42816.0,,,,,,,,,,302683.0,,,,,,,,,,,,9924.0,87812.0,,,,32803.0,,,,,,,,,,,,,,,,,,6136.0,,91198.0,,,,,,,,,,,,2421.8,,,483635.0,18826.0,,,13471.0,314869.0,,,,,61555.0,2534913,,,
1990-04-01,,,43875.0,,,,,,,,,,299097.0,,,,,,,,,,,,9936.0,88096.0,,,,28989.0,,,,,,,,,,,,,,,,,,5970.0,,95914.0,,,,,,,,,,,,2048.5,,,461774.0,19222.0,,,13562.0,322063.0,,,,,61782.0,2538916,,,
1990-07-01,,,42890.0,,,,,,,,,,305704.0,,,,,,,,,,,,10029.0,89153.0,,,,31759.0,,,,,,,,,,,,,,,,,,5980.0,,96533.0,,,,,,,,,,,,2440.2,,,470554.0,19427.0,,,13694.0,328085.0,,,,,62278.0,2542963,,,
1990-10-01,,,43299.0,,,,,,,,,,309111.0,,,,,,,,,,,,10136.0,89735.0,,,,31621.0,,,,,,,,,,,,,,,,,,5832.0,,95140.0,,,,,,,,,,,,2384.0,,,476559.0,19698.0,,,13883.0,325398.0,,,,,62827.0,2559964,,,
1991-01-01,,,44592.0,,,,,,,,,,307509.0,,,,,,,,,28.4,,,10163.0,90528.0,95394.0,,,35143.0,,,,,,,,,,,,,,,,,,5816.0,,98828.0,,,,,,,,,,,,2585.0,,,481444.0,19732.0,,,13984.0,339352.0,,,,,62996.0,2575220,,,
1991-04-01,,,44326.0,,,,,,,,,,313289.0,,,,,,,,,30.6,,,10218.0,91700.0,96720.0,,,32636.0,,,,,,,,,,,,,,,,,,6017.0,,98928.0,,,,,,,,,,,,2495.3,,,488976.0,20017.0,,,14046.0,347111.0,,,,,64605.0,2585693,,,
1991-07-01,,,46075.0,,,,,,,,,,311016.0,,,,,,,,,28.6,,,10203.0,92145.0,99446.0,,,33310.0,,,,,,,,,,,,,,,,,,5649.0,,100429.0,,,,,,,,,,,,2457.5,,,477592.0,20397.0,,,14156.0,350930.0,,,,,64119.0,2578454,,,
1991-10-01,,,45019.0,,,,,,,,,,313447.0,,,,,,,,,33.5,,,10141.0,92943.0,99908.0,,,34234.0,,,,,,,,,,,,,,,,,,5811.0,,102694.0,,,,,,,,,,,,2576.0,,,487279.0,20776.0,,,14249.0,349308.0,,,,,64009.0,2559584,,,
1992-01-01,,,44044.0,,,,,,,,,,313952.0,,,,,,,,,31.5,,,10057.0,93470.0,101964.0,,,39232.0,,,,,,,,,,,,,,,,,,5871.0,,105549.0,,,,,,,,,,,,2488.3,,,492455.0,20941.0,,,14266.0,354702.0,,,,,64266.0,2582280,,,
1992-04-01,,,44433.0,,,,,,,,,,312184.0,,,,,,,,,34.5,,,9939.0,94129.0,102962.0,,,37336.0,,,,,,,,,,,,,,,,,,5996.0,,105360.0,,,,,,,,,,,,2608.0,,,495913.0,21289.0,,,14244.0,358383.0,,,,,64522.0,2577285,,,
1992-07-01,,,46015.0,,,,,,,,,,312118.0,,,,,,,,,37.6,,,9775.0,95238.0,104318.0,,,38505.0,,,,,,,,,,,,,,,,,,5826.0,,106148.0,,,,,,,,,,,,2634.0,,,490903.0,21770.0,,,14113.0,357318.0,,,,,64510.0,2593701,,,
1992-10-01,,,46380.0,,,,,,,,,,317134.0,,,,,,,,,40.6,,,9648.0,96130.0,104139.0,,,38521.0,,,,,,,,,,,,,,,,,,5895.0,,108123.0,,,,,,,,,,,,2722.0,,,492129.0,21982.0,,,13991.0,355836.0,,,,,64806.0,2593400,,,
1993-01-01,,,45786.0,,,,,,,,,360.7,314100.0,,,,,,,,,36.6,,,9567.0,97170.0,104697.0,,,39304.0,,,,,,,,,,,,,,1400359.0,,,,5896.0,,109706.0,,,,,,,,,,,,3086.0,,,493909.0,21962.0,,224342.0,14028.0,374690.0,111819.0,,,,64235.0,2561222,,,
1993-04-01,,,45957.0,,,,,,,,,,315441.0,,,,,,,,,42.3,,,9489.0,98249.0,104355.0,,,39122.0,,,,,,,,,,,,,,1407199.0,,,,5939.0,,110226.0,,,,,,,,,,,,2861.0,,,497422.0,22759.0,,223327.0,14204.0,372317.0,116963.0,,,,63699.0,2561456,,,
1993-07-01,,,46056.0,,,,,,,,,,311795.0,,,,,,,,,43.0,,,9441.0,98411.0,104057.0,,,39488.0,,,,,,,,,,,,,,1408027.0,,,,6001.0,,107601.0,,,,,,,,,,,,3145.0,,,500255.0,22331.0,,222458.0,14239.0,359068.0,137745.0,,,,64437.0,2565100,,,
1993-10-01,,,46502.0,,,,,,,,,,311541.0,,,,,,,,,46.9,,,9421.0,98634.0,103401.0,,,39707.0,,,,,,,,,,,,,,1424336.0,,,,6002.0,,113065.0,,,,,,,,,,,,2822.0,,,502923.0,22548.0,,221833.0,14418.0,364902.0,125080.0,,,,64382.0,2574165,,,
1994-01-01,,,47001.0,,,,,,,,,618.9,307003.0,,,,,,,,,43.6,,,9380.0,98446.0,106802.0,,,40999.0,,,,,,,,17899.0,,,,,,1447756.0,,,,6065.0,,108939.0,,,,,,,,,,,,2785.0,,,505201.0,22656.0,,220097.0,14525.0,376349.0,128859.0,,,,64297.0,2542324,,,
1994-04-01,,,46581.0,,,,,,,,,,310889.0,,,,,,,,,52.7,,,9455.0,98446.0,107561.0,,,40939.0,,,,,,,,18160.0,,,,,,1456462.0,,,,5982.0,,111548.0,,,,,,,,,,,,3121.0,,,505206.0,22988.0,,220868.0,14376.0,381483.0,126162.0,,,,65276.0,2554916,,,
1994-07-01,,,47804.0,,,,,,,,,,311184.0,,,,,,,,,49.0,,,9530.0,98468.0,107666.0,,,40928.0,,,,,,,,17979.0,,,,,,1451315.0,,,,6155.0,,111972.0,,,,,,,,,,,,3147.0,,,502942.0,23335.0,,220108.0,14656.0,356427.0,153572.0,,,,65234.0,2597991,,,
1994-10-01,,,47947.0,,,,,,,,,,309573.0,,,,,,,,,45.3,,,9628.0,98453.0,108470.0,,,41019.0,,,,,,,,18298.0,,,,,,1453236.0,,,,6273.0,,114485.0,,,,,,,,,,,,3001.0,,,497292.0,23592.0,,219607.0,14731.0,366005.0,124600.0,,,,65005.0,2575394,,,
1995-01-01,,,48289.0,12527.0,,,,18036.0,,,2883.0,475.3,309216.0,,,,,1909.1,381.0,174500.0,90900.0,42.2,704.4,466183.0,9761.0,98154.0,107427.0,8496.0,,42300.0,1361223.0,,,,4493.0,19205.0,,18674.0,871.9,1289.5,1147.1,,,1443225.0,,,,6311.0,,112560.0,,,,,,43962.0,6117.0,22303.0,,,87783.0,2970.0,2259.8,1173.1,484801.0,23531.0,29954.0,221450.0,14709.0,412258.0,139038.0,,,,65683.0,2584415,,,
1995-04-01,,,50121.0,12642.0,,,,18169.0,,,4047.0,,308306.0,,,,,1922.5,384.2,171956.0,91349.0,45.5,696.7,471318.0,9764.0,98217.0,109379.0,8527.0,,41510.0,1325327.0,,,,4365.0,19324.0,,18758.0,854.8,1291.6,1156.1,,,1431993.0,,,,6312.0,,110521.0,,,,,,44770.0,6185.0,46160.0,,,94690.0,3222.0,2345.3,1183.6,474173.0,23885.0,29939.0,221124.0,14681.0,421310.0,137207.0,,,,65932.0,2593101,,,
1995-07-01,,,49187.0,12659.0,,,,18253.0,,,3849.0,,305815.0,,,,,1930.1,389.2,170398.0,91897.0,45.0,695.8,471856.0,9810.0,98582.0,111077.0,8714.0,,42827.0,1306690.0,,,,4373.0,19302.0,,18659.0,842.8,1286.9,1161.3,,,1439921.0,,,,6302.0,,112243.0,,,,,,44952.0,6249.0,6306.0,,,94905.0,3456.0,2366.9,1185.3,465912.0,24240.0,29934.0,221678.0,14718.0,421373.0,159073.0,,,,65770.0,2586304,,,
1995-10-01,,,50641.0,12771.0,,,,18459.0,,,5216.0,,303017.0,,,,,1922.4,409.0,169043.0,92446.0,43.2,691.6,474649.0,9808.0,99072.0,112150.0,8886.0,,42613.0,1298772.0,,,,4220.0,19146.0,,19012.0,831.4,1330.1,1166.7,,,1430877.0,,,,6267.0,,113137.0,,,,,,45014.0,6309.0,17778.0,,,91968.0,3730.0,2408.8,1190.5,464938.0,24496.0,30075.0,221312.0,14724.0,425459.0,134606.0,,,,66052.0,2559248,,,
1996-01-01,,,51619.0,12782.0,,,,18352.0,,35503.0,3199.0,594.9,303238.0,,,,,1887.1,404.1,170559.0,93551.0,44.6,684.0,475115.0,9913.0,99855.0,111342.0,8920.0,,43303.0,1279663.0,,,,4651.0,19529.0,70678.0,19168.0,816.2,1295.2,1175.6,,,1425252.0,,,27660.0,6259.0,,114485.0,,,,,,45447.0,6358.0,24068.0,,,95813.0,3687.0,2533.0,1200.0,476574.0,25075.0,30067.0,221448.0,14780.0,423149.0,147928.0,,,,66423.0,2576137,,,
1996-04-01,,,50917.0,12756.0,,,,18525.0,,36963.0,3487.0,,303211.0,,,,,1886.4,406.6,167644.0,94394.0,46.1,678.3,477655.0,9990.0,100588.0,112519.0,9080.0,,43481.0,1291969.0,,,,4507.0,19954.0,70419.0,19207.0,816.0,1272.2,1182.0,,,1429013.0,,,27837.0,6443.0,,113939.0,,,,,,45371.0,6392.0,23012.0,,,96221.0,3394.0,2470.4,1206.9,486270.0,25468.0,30169.0,221386.0,14790.0,475761.0,150738.0,,,,65943.0,2608232,,,
1996-07-01,,,51500.0,12793.0,,,,18557.0,,38784.0,2623.0,,298582.0,,,,,1866.3,405.4,173752.0,95032.0,46.4,678.8,481125.0,10063.0,101028.0,114098.0,9244.0,,44748.0,1294540.0,,,,4528.0,20387.0,70732.0,18959.0,808.5,1321.9,1194.0,,,1437126.0,,,28075.0,6293.0,,116150.0,,,,,,45988.0,6408.0,21558.0,,,96318.0,4566.0,2506.0,1225.3,494635.0,25802.0,30387.0,219868.0,14763.0,436682.0,168628.0,,,,66355.0,2608223,,,
1996-10-01,,,50988.0,12840.0,,,,18590.0,,33803.0,2893.0,,297912.0,,,,,1912.3,460.0,172996.0,94792.0,54.0,673.4,482192.0,9988.0,101613.0,113815.0,9212.0,,44607.0,1278020.0,,,,4366.0,20561.0,70678.0,19529.0,806.2,1304.0,1201.4,,,1453464.0,,,28262.0,6433.0,,116534.0,,,,,,46830.0,6417.0,24056.0,,,94819.0,3739.0,2533.0,1230.4,504256.0,26469.0,30597.0,222165.0,14746.0,462989.0,158534.0,,,,66554.0,2626227,,,
1997-01-01,,,51727.0,12951.0,,,,18684.0,,35941.0,1874.7,606.6,300334.0,,,,,1916.3,447.3,180776.0,94285.0,48.3,671.4,482991.0,10179.0,101687.0,114031.0,8857.0,,45495.0,1290155.0,,,,4618.0,20412.0,70694.0,19509.0,810.0,1314.6,1211.6,,,1485117.0,,,28552.0,6390.0,,114166.0,,,,,,47110.0,6432.0,24750.0,,,92834.0,3956.0,2459.8,1248.5,501583.0,25872.0,30642.0,220678.0,14747.0,454696.0,156280.0,,,,65866.0,2612572,,,
1997-04-01,,,52413.0,13102.0,,,,18684.0,,36670.0,2273.3,,298101.0,,,,,1908.4,446.6,178822.0,94987.0,53.5,678.3,485138.0,10257.0,101804.0,114776.0,8761.0,,46472.0,1277404.0,,,,4838.0,20490.0,70704.0,19629.0,800.6,1401.9,1226.1,,,1501048.0,,,28685.0,6479.0,,121389.0,,,,,,47090.0,6480.0,23234.0,,,96478.0,3857.0,2513.0,1260.9,501786.0,26260.0,31165.0,220902.0,14781.0,488739.0,154225.0,,,,64880.0,2646418,,,
1997-07-01,,,53677.0,13158.0,,,,18733.0,,36567.0,2105.3,,298712.0,,,,,1945.5,437.5,176618.0,95333.0,54.3,670.3,485990.0,10377.0,101912.0,114522.0,8817.0,,44691.0,1261537.0,,,,4819.0,20729.0,70705.0,19272.0,801.4,1379.7,1238.4,,,1512204.0,,,28955.0,6657.0,,118597.0,,,,,,47456.0,6566.0,25114.0,,,129564.0,4137.0,2542.0,1276.1,500609.0,26422.0,31311.0,222483.0,14832.0,472417.0,174222.0,,,,65802.0,2658663,,,
1997-10-01,,,53947.0,13334.0,,,,18823.0,,37682.0,2321.8,,298651.0,,,,,1959.9,529.3,170280.0,95091.0,60.4,677.5,484105.0,10464.0,101757.0,112466.0,8875.0,,44536.0,1262081.0,,,,4952.0,20854.0,70714.0,19664.0,901.9,1333.1,1245.9,,,1524290.0,,,29204.0,6592.0,,120379.0,,,,,,47958.0,6686.0,23694.0,,,115821.0,4470.0,2545.0,1296.0,499664.0,26724.0,31275.0,221306.0,14865.0,486712.0,158448.0,,,,67132.0,2672005,,,
1998-01-01,,,53194.0,13387.0,,,,18979.0,,36380.0,2867.0,561.7,306684.0,,,,,1980.0,541.4,168100.0,96609.0,55.0,693.6,490997.0,10411.0,101237.0,116325.0,8925.0,,46725.0,1236830.0,,,,5014.0,20877.0,71620.0,19605.0,908.6,1410.1,1265.4,,,1508124.0,,,29664.0,6682.0,,121096.0,2133.2,,,,103189.0,47932.0,6825.0,20868.0,,,116105.0,4163.0,2598.0,1294.9,493239.0,26897.0,31647.0,228942.0,14838.0,486850.0,152521.0,53.57,,,67729.0,2662448,,12858.0,
1998-04-01,,,54171.0,13523.0,,,,18992.0,,37499.0,3128.0,,303542.0,,,,,2011.7,531.3,173539.0,97678.0,57.4,699.5,493249.0,10489.0,100916.0,116951.0,8994.0,,43778.0,1239265.0,,,,5076.0,20895.0,71898.0,19846.0,921.8,1396.9,1274.8,,,1517947.0,,,29909.0,6696.0,,122778.0,,,,,117013.0,48605.0,6949.0,20102.0,,,113204.0,4556.0,2607.0,1311.2,492184.0,27162.0,31952.0,229142.0,14882.0,533423.0,151098.0,58.04,,,67892.0,2709053,,27026.0,
1998-07-01,,,55494.0,13527.0,,,,19095.0,,38533.0,2873.0,,304696.0,,,,,1973.6,553.3,170421.0,98559.0,58.6,710.5,494895.0,10653.0,100882.0,116951.0,9063.0,,46693.0,1240673.0,,,,5246.0,21195.0,72150.0,19609.0,938.1,1426.2,1257.4,,,1533346.0,,,30154.0,6735.0,,123200.0,,,,,107466.0,48934.0,7041.0,19607.0,,,113296.0,4340.0,2618.0,1327.2,488539.0,27580.0,32359.0,231117.0,14990.0,457064.0,191065.0,56.91,,,68542.0,2729468,,20405.0,
1998-10-01,,,56263.0,13676.0,,,,19155.0,,39180.0,3475.0,,303877.0,,,,,1934.5,508.3,175860.0,98572.0,62.5,706.5,496496.0,10561.0,101344.0,116414.0,9232.0,,46022.0,1247464.0,,,,5355.0,20928.0,72205.0,20030.0,947.3,1477.0,1272.2,,,1547863.0,,,30269.0,6732.0,,124278.0,,,,,100898.0,48784.0,7102.0,29696.0,,,118781.0,4702.0,2631.0,1344.5,485191.0,27887.0,32810.0,230887.0,15017.0,516450.0,178120.0,65.87,,,68605.0,2745584,,17285.0,
1999-01-01,,,56404.0,13830.0,,,,19336.0,,36637.0,2650.0,655.8,307260.0,,,,,1985.7,543.4,175673.0,100425.0,55.4,714.3,501622.0,10603.0,101988.0,118616.0,9347.0,,48683.0,1260673.0,,,,5349.0,20896.0,72613.0,20210.0,952.3,1408.4,1326.9,,,1587031.0,,,30346.0,7030.0,,125331.0,2094.0,,,,105083.0,49356.0,7144.0,29762.0,,,109914.0,5187.0,2422.8,1355.5,486590.0,28205.0,33149.0,233586.0,15088.0,498065.0,156766.0,58.33,,,68446.0,2765048,,16895.0,
1999-04-01,,,57320.0,13965.0,,,,19406.0,,37870.0,2720.0,,309229.0,,,,,1995.7,559.8,176551.0,100991.0,58.5,711.2,501738.0,10590.0,102291.0,117751.0,9269.0,,45325.0,1260675.0,,,,5394.0,21145.0,72559.0,20516.0,964.2,1377.9,1338.0,,,1606261.0,,,30449.0,6888.0,,126678.0,,,,,111781.0,49620.0,7187.0,29690.0,,,112265.0,4314.0,2438.2,1372.9,489499.0,28580.0,33473.0,233360.0,15218.0,521885.0,172374.0,58.76,,,70748.0,2775035,,29516.0,
1999-07-01,,,56823.0,14084.0,,,,19566.0,,38952.0,2721.0,,314132.0,,,,,2005.2,548.4,177310.0,100774.0,60.1,704.4,502882.0,10506.0,102843.0,118496.0,9420.0,,46828.0,1264359.0,,,,5561.0,21777.0,72465.0,20404.0,973.5,1347.4,1350.0,,,1614942.0,,,30758.0,6818.0,,126947.0,,,,,101486.0,49653.0,7241.0,19587.0,,,119435.0,4362.0,2426.4,1385.1,493335.0,28984.0,33334.0,231908.0,15289.0,454900.0,185489.0,59.92,,,71647.0,2808440,,22688.0,
1999-10-01,,,57704.0,14014.0,,,,19730.0,,40692.0,3471.0,,314546.0,,,,,2000.4,558.4,179461.0,102030.0,72.3,706.5,506024.0,11132.0,103433.0,117558.0,9480.0,,48753.0,1260464.0,,,,5591.0,21742.0,73505.0,20754.0,891.6,1326.8,1369.8,,,1618334.0,,,31042.0,6970.0,,127876.0,,,,,94656.0,50355.0,7312.0,28454.0,,,113232.0,4553.0,2409.0,1392.2,498241.0,29182.0,33691.0,232309.0,15411.0,470948.0,182444.0,69.23,,,71724.0,2852137,,19241.0,
2000-01-01,,,59175.0,13951.0,,,,19826.0,1339.1,37940.0,2893.0,736.9,318113.0,,,,,1956.3,514.9,174610.0,103200.0,63.8,688.7,511828.0,10806.0,104082.0,120444.0,9525.0,3481.0,50611.0,1305606.0,,,,5660.0,21523.0,74580.0,20993.0,898.6,1356.5,1373.4,,,1664639.0,,,31237.0,6942.0,,159435.0,2205.5,498151.0,,,196144.0,51644.0,7402.0,25502.0,,,128943.0,5645.0,2436.8,1420.1,501248.0,29056.0,34303.0,231119.0,15438.0,465123.0,167918.0,58.07,,,71135.0,2831903,,18332.0,
2000-04-01,,,59044.0,13993.0,,,,19908.0,1334.8,38367.0,2952.0,,321619.0,,,,,1933.1,520.8,178726.0,103146.0,66.1,692.3,513134.0,10725.0,104484.0,119833.0,9648.0,3516.0,46726.0,1301558.0,,,,5830.0,21267.0,74835.0,21350.0,910.5,1364.2,1390.5,,,1656977.0,,,31504.0,6842.0,,157960.0,,,,,224339.0,52613.0,7492.0,27328.0,,,130793.0,4713.0,2458.4,1425.5,504406.0,28708.0,34549.0,231196.0,15515.0,483294.0,169695.0,63.28,,,73461.0,2859814,,32096.0,
2000-07-01,,,58801.0,14074.0,,,,19979.0,1324.5,38046.0,3008.0,,323123.0,,,,,1932.7,552.1,176612.0,104526.0,61.4,683.9,516490.0,10785.0,104817.0,119565.0,9799.0,3602.0,48271.0,1311038.0,,,,5944.0,21483.0,75722.0,21164.0,917.3,1362.5,1405.2,,,1657834.0,,,31878.0,6953.0,,158841.0,,,,,212407.0,53960.0,7579.0,27448.0,,,127419.0,4692.0,2502.0,1427.9,508044.0,28796.0,35409.0,231975.0,15540.0,489197.0,198356.0,63.97,,,74048.0,2847750,,24720.0,
2000-10-01,,,58726.0,14000.0,,,,20170.0,1308.8,39565.0,2969.0,,325095.0,,,,,1904.0,551.8,174509.0,105200.0,66.5,680.6,518419.0,11061.0,105002.0,120191.0,9899.0,3702.0,48620.0,1339823.0,,,,6295.0,21809.0,75838.0,21550.0,929.4,1382.9,1415.6,,,1647775.0,,,32037.0,7010.0,,159308.0,,,,,195842.0,54416.0,7657.0,25637.0,,,124082.0,6887.0,2573.0,1440.1,511590.0,29174.0,35421.0,230937.0,15601.0,520382.0,180336.0,72.87,,,73902.0,2865194,,20648.0,
2001-01-01,,,59187.0,14031.0,,,,20201.0,1288.7,38350.0,2950.0,802.1,329259.0,,,,,1870.7,555.2,177564.0,104534.0,62.2,698.2,523852.0,10932.0,105235.0,120742.0,10061.0,3660.0,53584.0,1326211.0,,,,6243.0,22003.0,78938.0,21588.0,942.4,1393.2,1477.4,,,1608104.0,,,32844.0,7152.0,,165307.0,2334.8,464701.0,,,197424.0,54907.0,7722.0,27917.0,,,134420.0,5550.0,2547.0,1453.7,515284.0,30117.0,35723.0,231219.0,15726.0,462845.0,171876.0,58.99,81491.0,,76237.0,2909984,,19290.0,
2001-04-01,,,60403.0,13890.0,,,,20285.0,1275.4,39229.0,2992.0,,333396.0,,,,,1881.3,575.9,179333.0,105341.0,69.4,692.9,524666.0,11064.0,105445.0,120429.0,10088.0,3819.0,49150.0,1360468.0,,,,6410.0,21941.0,78913.0,21859.0,950.5,1382.5,1487.4,,,1606072.0,,,32994.0,7252.0,,163713.0,,,,,227298.0,55276.0,7782.0,23993.0,,,135822.0,5738.0,2566.0,1462.4,519527.0,30210.0,36127.0,231752.0,15538.0,488911.0,179345.0,63.38,92415.0,,75005.0,2960454,,34665.0,
2001-07-01,,,60753.0,13904.0,,,,20448.0,1268.2,39377.0,2945.0,,334353.0,,,,,1860.0,584.1,183714.0,106776.0,71.9,703.0,526481.0,11133.0,105807.0,120161.0,10238.0,3840.0,51795.0,1382867.0,,,,6580.0,22278.0,79306.0,21564.0,960.7,1395.5,1496.3,,,1616532.0,,,33151.0,7257.0,,165293.0,,,,,206386.0,55359.0,7840.0,24712.0,,,138580.0,6148.0,2600.0,1476.7,524441.0,31267.0,36295.0,232344.0,15626.0,498016.0,204636.0,62.6,94445.0,,76950.0,2957571,,27492.0,
2001-10-01,,,61002.0,14005.0,,,,20647.0,1266.1,40988.0,3058.0,,334806.0,,,,,1865.0,588.1,182545.0,107341.0,79.6,710.9,531443.0,11283.0,106092.0,121383.0,10340.0,3895.0,51999.0,1397552.0,,,,6897.0,23051.0,80390.0,22074.0,970.6,1379.6,1505.5,,,1615945.0,,,33311.0,7251.0,,166670.0,,,,,186652.0,56009.0,7897.0,25203.0,,,147795.0,5973.0,2609.0,1484.8,529275.0,31606.0,36900.0,234359.0,15688.0,563576.0,179055.0,73.43,113533.0,,78478.0,3006637,,26510.0,
2002-01-01,,,61294.0,14146.0,,,,20808.0,1266.8,39988.0,3054.0,881.4,337134.0,,,,,1970.4,598.3,192891.0,107031.0,79.3,697.2,533120.0,11506.0,106348.0,121241.0,10357.0,3860.0,54896.0,1379655.0,,,,6901.0,23184.0,80120.0,22115.0,980.1,1384.9,1541.8,,,1615125.0,,,34003.0,7290.0,,168215.0,2472.5,539597.0,,,185698.0,56128.0,7951.0,26524.0,,,148808.0,5437.0,2608.0,1496.5,535521.0,32430.0,36929.0,235949.0,15850.0,462661.0,190701.0,61.71,81683.0,,78182.0,3059334,,24712.0,
2002-04-01,,,61959.0,14098.0,,,,21031.0,1272.2,40846.0,2938.0,,338513.0,,,,,1982.3,603.1,194207.0,108043.0,77.9,721.7,536686.0,11352.0,107315.0,121763.0,10436.0,3906.0,50873.0,1430055.0,,,,6975.0,23482.0,80368.0,22244.0,990.6,1407.3,1533.6,,,1606600.0,,,34624.0,7356.0,,172042.0,,,,,220816.0,56508.0,7998.0,25731.0,,,153628.0,6544.0,2639.0,1509.6,542199.0,32713.0,37281.0,236908.0,15893.0,505181.0,182900.0,66.53,87247.0,,79508.0,3082755,,36448.0,
2002-07-01,,,62071.0,13913.0,,,,21188.0,1283.9,41023.0,3037.0,,341855.0,,,,,2031.5,618.7,200459.0,109190.0,76.9,740.9,539998.0,11255.0,107891.0,122239.0,10463.0,3978.0,53805.0,1449450.0,,,,7017.0,23895.0,81469.0,22087.0,1004.6,1418.4,1537.7,,,1626900.0,,,34678.0,7373.0,,173298.0,,,,,204648.0,56794.0,8042.0,23348.0,,,154594.0,6799.0,2643.0,1520.7,549520.0,32616.0,37878.0,237496.0,16012.0,504293.0,204525.0,67.61,84950.0,,80631.0,3098595,,29350.0,
2002-10-01,,,62277.0,14212.0,,,,21239.0,1302.4,42115.0,3010.0,,344446.0,,,,,2015.3,598.3,195305.0,108762.0,73.0,740.1,541694.0,11377.0,108584.0,123297.0,10582.0,3948.0,52879.0,1508052.0,,,,7042.0,23805.0,79852.0,22299.0,1014.7,1456.5,1550.0,,,1620340.0,,,34698.0,7376.0,,171334.0,,,,,176674.0,57023.0,8078.0,23590.0,,,152333.0,5946.0,2660.0,1540.1,556764.0,33504.0,38460.0,238523.0,16016.0,578166.0,181867.0,77.2,102499.0,,80726.0,3121374,,26535.0,
2003-01-01,,,63611.0,13986.0,,,,21245.0,1326.4,39688.0,3220.0,923.7,348223.0,,,,,2014.5,643.6,205165.0,107926.0,66.2,762.2,543404.0,11426.0,108709.0,122247.0,10761.0,4044.0,55724.0,1528468.0,,,,7185.0,23651.0,81150.0,22472.0,1025.6,1456.4,1559.4,,,1624909.0,,,35323.0,7397.0,,173224.0,2452.6,564255.0,,,193910.0,57574.0,8114.0,20722.0,,,153879.0,5528.0,2742.0,1543.2,564375.0,33956.0,38746.0,238871.0,16098.0,476274.0,182701.0,62.87,82369.0,,81559.0,3124051,,24846.0,
2003-04-01,,,63841.0,14247.0,,,,21375.0,1344.6,40950.0,3260.0,,349462.0,,,,,2000.8,639.6,204414.0,108509.0,73.2,746.4,545814.0,11420.0,109362.0,122426.0,10814.0,4033.0,51379.0,1500796.0,,,,7142.0,22888.0,81508.0,22685.0,1035.8,1473.1,1568.7,,,1636900.0,,,35370.0,7531.0,,173387.0,,,,,217669.0,58169.0,8139.0,20433.0,,,150002.0,6796.0,2723.0,1554.8,572133.0,34151.0,39374.0,238987.0,16136.0,479547.0,196266.0,67.16,92948.0,,82704.0,3152710,,36323.0,
2003-07-01,,,64823.0,14417.0,,,,21590.0,1353.4,41846.0,3261.0,,350364.0,,,,,2033.8,643.9,207033.0,108646.0,69.6,741.6,549532.0,11561.0,109778.0,123558.0,10729.0,4068.0,54461.0,1510849.0,,,,7209.0,23147.0,81812.0,22444.0,1040.3,1455.2,1584.6,,,1598542.0,,,35492.0,7749.0,,174192.0,,,,,219997.0,58985.0,8176.0,23700.0,,,166003.0,6273.0,2719.0,1563.0,580549.0,34577.0,39715.0,239620.0,16265.0,524647.0,220488.0,68.76,91946.0,,83793.0,3159860,,28774.0,
2003-10-01,,,65506.0,14355.0,,,,21630.0,1353.3,44106.0,3204.0,,353119.0,,,,,2123.1,680.3,214157.0,108996.0,73.4,757.7,551775.0,11652.0,110578.0,123886.0,10792.0,4134.0,55940.0,1521127.0,,,,7236.0,22547.0,81846.0,22800.0,1048.3,1471.0,1596.7,,,1597594.0,,,35584.0,7866.0,,172412.0,,,,,189452.0,59486.0,8223.0,22097.0,,,162647.0,6370.0,3001.0,1568.1,590420.0,35226.0,39929.0,238905.0,16332.0,558330.0,199488.0,75.5,113543.0,,85348.0,3178923,,26550.0,
2004-01-01,,49687.0,65611.0,14433.0,,,,21891.0,1344.2,41136.0,3200.0,862.1,355400.0,,,,,2098.7,636.5,202577.0,110048.0,69.0,753.5,550917.0,11653.0,111210.0,122284.0,11048.0,4149.0,59130.0,1529661.0,,,,6783.0,22133.0,81897.0,22976.0,1053.5,1493.0,1605.1,,,1601957.0,,,34936.0,7927.0,,173366.0,2774.0,565984.0,,,207095.0,60115.0,8279.0,22954.0,,,165236.0,6044.0,2622.0,1590.4,599502.0,35371.0,40907.0,237400.0,16282.0,483516.0,197790.0,67.24,83590.0,,85615.0,3193302,,24786.0,
2004-04-01,,52072.0,67180.0,14530.0,,,,21941.0,1342.7,43595.0,3312.0,,354761.0,,,,,2095.6,658.4,207628.0,110725.0,78.4,781.0,554207.0,11682.0,111826.0,122105.0,11081.0,4251.0,51757.0,1525240.0,,,,7392.0,22578.0,82030.0,22863.0,1066.1,1504.6,1621.9,,,1606465.0,,,35403.0,7979.0,,175076.0,,,,,221251.0,60383.0,8346.0,26228.0,,,173221.0,6477.0,2646.0,1598.9,606379.0,35954.0,41483.0,237290.0,16464.0,492217.0,203926.0,67.59,93996.0,,86593.0,3201827,,35071.0,
2004-07-01,,53721.0,67095.0,14588.0,,,,21989.0,1343.3,43653.0,3411.0,,357677.0,,,,,2098.5,674.0,203119.0,110042.0,78.1,765.6,555652.0,11664.0,112129.0,122880.0,11160.0,4323.0,54211.0,1543455.0,,,,7487.0,22463.0,82043.0,22631.0,1068.6,1550.1,1639.5,,,1583921.0,,,35323.0,8022.0,,175462.0,,,,,217024.0,60849.0,8426.0,18452.0,,,174234.0,6072.0,2646.0,1613.4,610533.0,36298.0,42430.0,236302.0,16435.0,527887.0,222259.0,69.1,95434.0,,87065.0,3207809,,27995.0,
2004-10-01,,60195.0,67422.0,14337.0,,,,22082.0,1346.2,44662.0,3582.0,,359613.0,,,,,2149.8,592.2,202771.0,109881.0,74.6,773.8,556696.0,11727.0,112463.0,121912.0,11544.0,4429.0,55421.0,1515257.0,,,,7574.0,22239.0,82423.0,22916.0,1071.6,1546.6,1644.6,,,1602558.0,,,35440.0,8182.0,,177731.0,,,,,193032.0,61798.0,8509.0,19962.0,,,170019.0,6424.0,2707.0,1648.8,611915.0,36636.0,42847.0,235917.0,16517.0,559311.0,206100.0,88.28,114422.0,,87908.0,3205846,,25793.0,
2005-01-01,,54179.0,67808.0,14713.0,,,,22034.0,1350.2,42662.0,3499.0,887.1,357687.0,,,17839.0,,2159.0,628.8,204602.0,110948.0,70.7,774.7,559388.0,11757.0,112820.0,121897.0,11554.0,4697.0,56986.0,1561363.0,,,,7494.0,22576.0,83137.0,23213.0,1083.9,1575.5,1663.9,,,1611601.0,,,35207.0,8348.0,,176411.0,3121.0,585370.0,,,210418.0,61918.0,8583.0,22202.0,,,164897.0,6452.0,2743.0,1633.0,608712.0,37075.0,43668.0,236921.0,16623.0,473851.0,212930.0,70.48,83990.0,,87543.0,3221699,,23808.0,84251.0
2005-04-01,,58212.0,68828.0,14840.0,,,,22092.0,1361.2,43852.0,3438.0,,358952.0,,,17772.0,,2169.5,654.1,208702.0,110941.0,78.4,776.0,563036.0,11911.0,113270.0,123655.0,11568.0,4713.0,50842.0,1571580.0,,,,7565.0,22771.0,82539.0,23076.0,1086.9,1577.8,1679.5,,,1616666.0,,,35565.0,8554.0,,181942.0,,,,,250907.0,63040.0,8631.0,23550.0,,,163111.0,6344.0,2784.0,1652.3,609872.0,37637.0,44112.0,236768.0,16656.0,516485.0,218730.0,69.68,95281.0,,88907.0,3219797,,32917.0,
2005-07-01,,58978.0,68498.0,14770.0,,,,22062.0,1370.9,44402.0,3433.0,,360982.0,,,17538.0,,2169.2,636.4,208699.0,111623.0,87.4,802.1,564844.0,11962.0,113624.0,123252.0,11711.0,4754.0,53470.0,1578916.0,,,,7715.0,22938.0,82592.0,22707.0,1104.1,1583.0,1679.3,,,1643593.0,,,36056.0,8574.0,,175978.0,,,,,210662.0,63994.0,8650.0,27654.0,,,163492.0,6233.0,2862.0,1670.2,613099.0,38393.0,44294.0,236554.0,16564.0,529076.0,246263.0,73.12,96980.0,,89272.0,3230377,,26091.0,
2005-10-01,,65562.0,69972.0,14907.0,,,,22033.0,1380.0,45611.0,3361.0,,365004.0,,,17226.0,,2195.9,701.3,203052.0,112498.0,92.7,819.9,564563.0,12022.0,113683.0,123312.0,11848.0,4725.0,53558.0,1524110.0,,,,7779.0,23180.0,81979.0,23116.0,1115.8,1585.1,1682.9,,,1666526.0,,,36065.0,8671.0,,180985.0,,,,,191371.0,64960.0,8636.0,20121.0,,,168835.0,6885.0,2864.0,1679.1,622850.0,38858.0,44923.0,237264.0,16571.0,554068.0,218511.0,89.74,120120.0,,89771.0,3232898,,24373.0,
2006-01-01,,56879.0,70031.0,15108.0,,,,22134.0,1385.9,43927.0,3589.0,843.5,366465.0,,,18543.0,,2259.1,694.1,207353.0,113596.0,82.6,826.2,571630.0,11995.0,114423.0,124053.0,12394.0,4943.0,58076.0,1724256.0,,,,7811.0,22951.0,82157.0,23109.0,1131.8,1585.6,1680.9,,,1689242.0,,,38225.0,8752.0,,182557.0,3307.0,857461.0,,,232880.0,66096.0,8611.0,21035.0,,,172680.0,7180.0,3111.0,1691.8,632866.0,39856.0,45375.0,239599.0,16684.0,463804.0,221189.0,77.69,94455.0,,90598.0,3273905,,22651.0,91410.0
2006-04-01,,60003.0,71167.0,15208.0,,,,22183.0,1402.2,44897.0,3639.0,,370375.0,,,18307.0,,2282.0,722.6,207206.0,114259.0,92.6,829.2,572488.0,12046.0,114895.0,123889.0,12310.0,4804.0,50477.0,1566765.0,,,,7963.0,23066.0,82034.0,23178.0,1149.8,1595.2,1672.4,,,1689150.0,,,38646.0,8775.0,,181866.0,,,,,275899.0,66563.0,8592.0,19153.0,,,176126.0,6569.0,3059.0,1708.2,633278.0,40490.0,45947.0,240051.0,16546.0,501861.0,226177.0,80.95,104595.0,,90130.0,3272721,,31121.0,
2006-07-01,,60840.0,71496.0,15383.0,,,,22236.0,1414.4,45542.0,3614.0,,371577.0,,,18518.0,,2340.7,706.6,208547.0,114759.0,92.7,839.3,574956.0,12043.0,114975.0,124590.0,12447.0,4772.0,53490.0,1514379.0,,,,8064.0,24008.0,81951.0,22852.0,1165.5,1633.6,1673.7,,,1671347.0,,,38686.0,8865.0,,182904.0,,,,,245446.0,66927.0,8583.0,20156.0,,,180128.0,7094.0,2987.0,1714.4,638693.0,41275.0,46667.0,242357.0,16673.0,529175.0,252712.0,82.36,100563.0,,91164.0,3267713,,24896.0,
2006-10-01,,68029.0,72036.0,15520.0,,,,22326.0,1423.8,48446.0,3546.0,,373907.0,,,18676.0,,2380.7,685.4,207699.0,114721.0,96.8,839.9,580681.0,12118.0,115578.0,125036.0,12703.0,5099.0,54731.0,1543166.0,,,,8201.0,24088.0,82549.0,23179.0,1194.7,1640.0,1684.4,,,1664790.0,,,39299.0,8909.0,,183761.0,,,,,214170.0,66720.0,8597.0,30619.0,,,182027.0,6816.0,2995.0,1731.0,642169.0,41946.0,47657.0,242833.0,16758.0,567837.0,216656.0,93.38,112495.0,,91286.0,3294635,,23521.0,
2007-01-01,,61224.0,72527.0,15290.0,,,,22428.0,1426.0,45834.0,3559.0,1536.1,375405.0,,104.06,18820.0,,2432.4,726.2,209142.0,115315.0,98.8,865.6,581917.0,12181.0,116260.0,125945.0,12873.0,5382.0,59922.0,1508008.0,,,,8450.0,23608.0,82330.0,23338.0,1202.0,1646.1,1678.7,,,1680785.0,,,39538.0,8965.0,,183894.0,3488.0,848199.0,2655.0,7999.0,263396.0,67410.0,8624.0,21342.0,,,176390.0,7085.0,3025.0,1703.0,653630.0,42734.0,48053.0,242040.0,16850.0,471035.0,241499.0,82.22,94699.0,,91933.0,3299115,,20567.0,99549.0
2007-04-01,,65260.0,72220.0,15409.0,,,,22555.0,1450.0,47861.0,3490.0,,377161.0,,,18847.0,,2484.8,705.6,206388.0,115148.0,99.2,871.6,585061.0,12113.0,116888.0,126437.0,13133.0,5554.0,52368.0,1498679.0,,,,8508.0,24701.0,82482.0,23522.0,1207.8,1657.0,1676.6,,,1704157.0,,,39711.0,9187.0,,185559.0,,,,7888.0,302268.0,67978.0,8645.0,21839.0,,,174001.0,6971.0,3002.0,1731.2,667655.0,43288.0,48910.0,243854.0,16943.0,509153.0,244804.0,92.13,107500.0,,91848.0,3329139,,30009.0,
2007-07-01,,65412.0,73175.0,15607.0,,,,22748.0,1470.2,47761.0,3487.0,,382422.0,,,19741.0,,2496.5,743.4,206214.0,115174.0,100.0,888.5,587860.0,12224.0,117402.0,126273.0,13126.0,5598.0,54803.0,1513053.0,,,,8602.0,24604.0,82541.0,23142.0,1216.2,1623.1,1681.9,,,1718767.0,,,40098.0,9279.0,,188094.0,,,,8475.0,239834.0,68377.0,8656.0,23098.0,,,176889.0,7175.0,3050.0,1746.6,684590.0,43626.0,49887.0,243183.0,16966.0,548496.0,277775.0,85.88,102509.0,,92672.0,3344222,,24234.0,
2007-10-01,,73097.0,73993.0,15851.0,,,,22860.0,1485.9,48795.0,3632.0,,382552.0,,,20019.0,,2454.1,728.3,214420.0,117187.0,102.0,902.3,593024.0,12293.0,117618.0,127375.0,13404.0,5590.0,56533.0,1557891.0,,,,8600.0,24432.0,83010.0,23689.0,1214.7,1647.6,1701.4,,,1733120.0,,,40363.0,9290.0,,188277.0,,,,9062.0,231713.0,69388.0,8657.0,26712.0,,,190658.0,7198.0,3099.0,1788.0,699150.0,44596.0,50334.0,244934.0,17014.0,579557.0,231046.0,97.87,114939.0,,91879.0,3370950,,23010.0,
2008-01-01,,63538.0,74892.0,15906.0,,,,23058.0,1485.9,47196.0,3543.0,1612.9,385977.0,,91.27,20108.0,,2450.3,715.6,208469.0,117848.0,101.6,901.6,596128.0,12302.0,117649.0,129446.0,12891.0,5808.0,60157.0,1573802.0,,,,8590.0,24537.0,83540.0,23704.0,1220.2,1636.6,1704.6,,,1723185.0,,,40986.0,9428.0,,187754.0,3599.0,840345.0,2877.0,8402.0,257821.0,69916.0,8652.0,22335.0,,,182869.0,7668.0,3152.0,1804.4,719188.0,44623.0,51327.0,244835.0,17247.0,486004.0,238755.0,86.86,93843.0,,93323.0,3378654,,20751.0,107036.0
2008-04-01,,69148.0,75116.0,16176.0,,,,23243.0,1506.0,48081.0,3606.0,,394401.0,,,20284.0,,2446.2,729.8,211706.0,118627.0,102.6,922.3,601103.0,12427.0,117813.0,131979.0,12757.0,5660.0,54037.0,1563082.0,,,,8630.0,24390.0,83854.0,23375.0,1231.3,1637.5,1735.4,,,1757042.0,,,41033.0,9508.0,,191785.0,,,,8365.0,294099.0,71154.0,8670.0,22392.0,,,187396.0,7439.0,3214.0,1810.2,726066.0,45108.0,52009.0,245724.0,17366.0,517940.0,243026.0,90.03,109837.0,,92738.0,3407753,,29820.0,
2008-07-01,,69623.0,76362.0,16095.0,,,,23443.0,1512.4,49640.0,3553.0,,394258.0,,,20212.0,,2504.0,901.5,212060.0,120117.0,103.1,937.1,604963.0,12419.0,118458.0,131159.0,12783.0,5872.0,56086.0,1596858.0,,,,8598.0,24426.0,83740.0,23031.0,1247.0,1656.8,1749.1,,,1767207.0,,,41274.0,9573.0,,192646.0,,,,8876.0,258554.0,72225.0,8713.0,31812.0,,,188089.0,7472.0,3275.0,1824.8,732713.0,45818.0,52456.0,246530.0,17434.0,541393.0,296991.0,91.12,97078.0,,94397.0,3435100,,23759.0,
2008-10-01,,75973.0,77477.0,16355.0,,,,23655.0,1512.1,49224.0,3739.0,,399973.0,,,20460.0,,2560.0,741.1,214797.0,121291.0,103.7,937.3,606302.0,12528.0,119270.0,132306.0,12902.0,5745.0,57875.0,1529480.0,,,,8625.0,24606.0,83604.0,23498.0,1244.2,1648.6,1766.0,,,1788913.0,,,41521.0,9778.0,,192751.0,,,,9400.0,232026.0,72646.0,8784.0,22167.0,,,185091.0,7563.0,3299.0,1889.4,734567.0,47092.0,53189.0,245996.0,17572.0,597748.0,265375.0,101.35,123432.0,,95402.0,3458839,,22517.0,
2009-01-01,34604.0,65839.0,77490.0,16631.0,,,,23592.0,1532.4,48697.0,3436.0,1962.7,400012.0,,93.12,20801.0,,2540.0,778.8,215471.0,122140.0,105.0,903.2,612724.0,12569.0,120038.0,134247.0,13570.0,6192.0,60985.0,1563871.0,,,,8813.0,24897.0,83203.0,23576.0,1253.2,1647.4,1786.8,,,1790276.0,,,42588.0,9758.0,,197407.0,3872.0,946713.0,2926.0,9278.0,273082.0,73503.0,8866.0,23816.0,,,183787.0,7505.0,3349.0,1852.3,735328.0,47930.0,53651.0,252685.0,17821.0,502890.0,270962.0,87.51,93999.0,,94802.0,3498103,,20422.0,115167.0
2009-04-01,35005.0,71368.0,78157.0,16435.0,,,,23629.0,1511.9,49121.0,3480.0,,403150.0,,,21089.0,,2538.0,777.6,216352.0,122400.0,106.6,906.4,614079.0,12674.0,120964.0,135036.0,13219.0,6133.0,55440.0,1576623.0,,,,8238.0,25450.0,83098.0,23886.0,1153.9,1642.0,1806.3,,,1807998.0,,,43116.0,9570.0,,199692.0,,,,9304.0,328676.0,73242.0,8931.0,23334.0,,,184548.0,7816.0,3425.0,1870.1,738332.0,48649.0,54165.0,250540.0,17962.0,530294.0,284670.0,94.07,108083.0,,94564.0,3549027,,29108.0,
2009-07-01,35328.0,74331.0,77927.0,16543.0,,,,23801.0,1514.6,49793.0,3521.0,,405287.0,,,21489.0,,2535.0,809.3,218485.0,123532.0,108.3,889.9,617952.0,12653.0,121567.0,135960.0,13213.0,6169.0,57973.0,1557338.0,,,,8219.0,25712.0,84344.0,23782.0,1056.1,1609.5,1819.8,,,1822305.0,,,43357.0,9661.0,,200180.0,,,,10067.0,290351.0,73308.0,8958.0,22064.0,,,182590.0,8267.0,3442.0,1879.8,744915.0,49059.0,54832.0,251544.0,18119.0,563307.0,312769.0,97.51,92886.0,,95362.0,3558540,,22757.0,
2009-10-01,35606.0,82423.0,77987.0,16593.0,,,,23852.0,1524.9,52249.0,3344.0,,408613.0,,,21546.0,,2553.0,915.8,221264.0,124276.0,110.6,906.8,619838.0,12488.0,122231.0,136228.0,12420.0,6195.0,59056.0,1611316.0,,,,8222.0,25642.0,83808.0,24208.0,985.5,1603.8,1863.0,,,1824400.0,,,43505.0,9627.0,,200101.0,,,,10623.0,265495.0,74337.0,8949.0,25641.0,,,180272.0,8211.0,3500.0,1877.6,745387.0,49149.0,55080.0,252155.0,18190.0,615948.0,284299.0,120.92,118844.0,,96110.0,3565188,,21247.0,
2010-01-01,36238.0,70569.0,78821.0,16520.0,,,,23894.0,1539.1,50142.0,3460.0,2208.0,412274.0,5032.0,86.11,21948.0,,2528.0,825.8,218456.0,125173.0,112.3,910.7,620517.0,12608.0,122266.0,137360.0,11228.0,6014.0,63313.0,1560958.0,,101960.0,,8135.0,25833.0,84253.0,23999.0,998.7,1589.1,1870.1,,,1823280.0,262455.0,,43443.0,9575.0,,204974.0,4092.0,941250.0,3126.0,9839.0,332186.0,74739.0,8905.0,22070.0,,93643.0,181909.0,8349.0,3510.0,1871.0,738546.0,50480.0,55119.0,252694.0,18096.0,512397.0,296598.0,95.45,97530.0,106755.0,94805.0,3549775,8173.0,19006.0,284486.0
2010-04-01,36246.0,77185.0,79850.0,16446.0,,,,23778.0,1544.5,51646.0,3488.0,,411805.0,5028.0,,22205.0,,2538.0,814.2,220421.0,125463.0,113.3,900.1,620197.0,12452.0,122500.0,136124.0,10979.0,6046.0,57341.0,1580289.0,,135090.0,,7915.0,25803.0,84398.0,24415.0,1009.4,1570.9,1883.5,,,1856040.0,309688.0,,43517.0,9673.0,,203693.0,,,,9584.0,353662.0,75616.0,8884.0,23741.0,,98001.0,181984.0,8545.0,3515.0,1868.9,739043.0,51111.0,55194.0,254038.0,18108.0,544612.0,310383.0,94.6,103524.0,,95123.0,3560566,,25608.0,
2010-07-01,36674.0,76311.0,79480.0,16620.0,,,,23761.0,1547.7,52201.0,3549.0,,413263.0,5109.0,,22463.0,,2553.0,808.4,220147.0,125033.0,113.0,891.5,622534.0,12521.0,122950.0,137629.0,10612.0,6232.0,60132.0,1588450.0,,154803.0,,7843.0,25890.0,84655.0,24162.0,1019.0,1573.1,1894.5,,,1868052.0,244038.0,,43627.0,9792.0,,203597.0,,,,10278.0,271834.0,76493.0,8752.0,23595.0,,87034.0,182230.0,8594.0,3504.0,1873.8,739399.0,51750.0,55387.0,253707.0,18197.0,571154.0,337852.0,98.89,98741.0,,95137.0,3535371,,19867.0,
2010-10-01,36988.0,85923.0,80494.0,16652.0,,,,23794.0,1553.5,53707.0,3528.0,,416126.0,5136.0,,22747.0,,2491.4,854.4,219270.0,124576.0,112.8,882.6,621637.0,12675.0,123018.0,138031.0,10540.0,6145.0,60494.0,1567487.0,,226326.0,,8086.0,26160.0,83443.0,24663.0,1027.4,1561.7,1891.9,,,1863650.0,421747.0,,43650.0,9792.0,,202606.0,,,,11103.0,248236.0,76015.0,8659.0,24013.0,,121496.0,184437.0,9499.0,3475.0,1870.5,738707.0,52398.0,55338.0,255383.0,18296.0,610238.0,310852.0,117.67,131131.0,,95696.0,3512905,,18617.0,
2011-01-01,36603.0,74066.0,81779.0,16560.0,,,,23831.0,1546.9,51438.0,3609.0,2379.8,416461.0,5075.0,101.1,23131.0,,2592.0,819.0,215571.0,123877.0,110.3,909.4,621049.0,12466.0,123517.0,138009.0,10125.0,5919.0,65253.0,1595749.0,204165.0,110555.0,,8193.0,26228.0,83054.0,24818.0,1031.2,1563.3,1910.9,,,1875124.0,303489.0,,43436.0,9959.0,,205428.0,4618.0,941446.0,3294.0,10078.0,282310.0,75538.0,8570.0,23920.0,5284.0,122554.0,184634.0,8247.0,3456.0,1871.6,744803.0,51969.0,55749.0,255286.0,18317.0,526783.0,310749.0,90.98,99484.0,119833.0,96262.0,3469798,10737.0,16890.0,296701.0
2011-04-01,37249.0,80830.0,82650.0,16558.0,,,,23779.0,1530.8,53344.0,3595.0,,418038.0,5134.0,,23725.0,,2592.0,833.9,213681.0,125840.0,109.8,908.0,620948.0,12591.0,123590.0,138500.0,10153.0,6034.0,58404.0,1574829.0,204165.0,145607.0,334677.0,8284.0,26380.0,82460.0,24890.0,1029.6,1568.1,1933.1,,,1889659.0,326018.0,,43558.0,9989.0,,205722.0,,,,10311.0,378231.0,74947.0,8574.0,23061.0,5268.0,121626.0,184944.0,8902.0,3426.0,1866.8,770420.0,52378.0,55576.0,256095.0,18451.0,551034.0,324269.0,99.0,107015.0,,94581.0,3446079,,22691.0,
2011-07-01,36869.0,81814.0,83434.0,16536.0,,,,24010.0,1524.9,53123.0,3549.0,,419860.0,5289.0,,24081.0,,2564.0,857.9,209307.0,124124.0,108.9,926.4,619970.0,12532.0,124308.0,138441.0,10316.0,6067.0,61249.0,1581795.0,257147.0,162057.0,334677.0,8201.0,26918.0,82006.0,24619.0,1035.8,1569.1,1958.2,,,1927087.0,281643.0,,43364.0,9911.0,,207336.0,,,,11203.0,298732.0,74145.0,8427.0,23016.0,5339.0,113332.0,185146.0,8912.0,3408.0,1869.7,779646.0,53168.0,55165.0,256709.0,18488.0,584955.0,361458.0,97.3,89433.0,,94423.0,3396917,,18239.0,
2011-10-01,36696.0,87429.0,83943.0,16671.0,,,,24069.0,1526.7,54368.0,3593.0,,420780.0,5333.0,,24214.0,,2566.0,844.3,208906.0,123264.0,110.6,912.6,619935.0,12603.0,124622.0,139454.0,9734.0,6183.0,62295.0,1568378.0,220375.0,234074.0,334677.0,7956.0,27096.0,82372.0,25075.0,1035.3,1574.0,1966.7,,,1945440.0,516576.0,,43265.0,10004.0,,205289.0,,,,12225.0,269628.0,74208.0,8330.0,21944.0,5478.0,108975.0,186980.0,8957.0,3386.0,1864.9,781523.0,53497.0,54646.0,256951.0,18438.0,624902.0,305964.0,123.63,122694.0,,95249.0,3394613,,17216.0,
2012-01-01,37291.0,77065.0,84255.0,16652.0,475.8,,,24050.0,1538.6,52512.0,3505.0,2517.0,421337.0,5301.0,97.55,24240.0,,2554.0,825.6,209930.0,124767.0,113.4,935.0,620064.0,12711.0,125284.0,139696.0,10098.0,6141.0,67253.0,1543289.0,286688.0,119114.0,334677.0,7980.0,27013.0,81562.0,25383.0,973.5,1579.8,1982.5,,,1967812.0,348931.0,,42914.0,9932.0,,207601.0,5484.0,1010601.0,3318.0,10672.0,352315.0,74081.0,8256.0,24543.0,5439.0,121427.0,189039.0,8861.0,3370.0,1844.3,790056.0,54745.0,53889.0,258288.0,18375.0,539149.0,319580.0,97.13,102997.0,123018.0,98228.0,3380162,13410.0,15726.0,321920.0
2012-04-01,36334.0,82454.0,85106.0,16700.0,557.9,,,24213.0,1551.3,54474.0,3492.0,,420190.0,5400.0,,24687.0,,2558.0,817.1,207802.0,124918.0,116.3,934.1,619699.0,12533.0,125890.0,140292.0,9659.0,6143.0,60778.0,1551422.0,228823.0,170035.0,316374.0,8026.0,27350.0,81079.0,25246.0,1050.3,1584.7,2001.7,,,1984923.0,399076.0,,42880.0,9931.0,,209086.0,,,,11231.0,417495.0,74168.0,8229.0,24655.0,5389.0,119845.0,191744.0,8593.0,3347.0,1831.9,802526.0,54660.0,53112.0,259737.0,18405.0,574281.0,349943.0,105.36,112336.0,,94967.0,3362330,,20902.0,
2012-07-01,36826.0,84029.0,84108.0,16700.0,834.2,,,24250.0,1555.9,54153.0,3514.0,,422795.0,5344.0,,25035.0,,2493.9,808.6,206929.0,125092.0,118.2,937.4,619494.0,12655.0,126220.0,140649.0,9119.0,6275.0,63726.0,1559136.0,286153.0,158887.0,316374.0,7993.0,27042.0,80955.0,24948.0,1049.0,1592.5,2025.7,,,1968840.0,343771.0,,42788.0,9891.0,,210151.0,,,,11949.0,345576.0,74550.0,8131.0,25159.0,5459.0,146446.0,183199.0,8953.0,3339.0,1819.4,812756.0,55263.0,52596.0,261825.0,18434.0,589847.0,388299.0,109.69,98092.0,,95861.0,3357201,,16321.0,
2012-10-01,36605.0,90345.0,84082.0,16338.0,1008.8,,,24310.0,1557.6,55968.0,3599.0,,422510.0,5500.0,,25762.0,,2550.0,823.1,206430.0,126094.0,120.6,955.0,619244.0,12575.0,126641.0,140873.0,9358.0,6212.0,64245.0,1580824.0,189645.0,233782.0,316374.0,7896.0,27998.0,80229.0,25498.0,1051.9,1594.4,2043.0,,,1973828.0,619691.0,,43098.0,9933.0,,209492.0,,,,13590.0,303855.0,74865.0,8079.0,24289.0,5562.0,116559.0,180032.0,8700.0,3345.0,1808.2,818422.0,55821.0,52239.0,262418.0,18441.0,638452.0,338031.0,126.45,124104.0,,97132.0,3324137,,15549.0,
2013-01-01,37075.0,80963.0,85152.0,16842.0,543.2,368135.0,,24317.0,1554.2,52447.0,3517.0,2648.0,418089.0,5442.0,94.16,26189.0,,2587.0,789.5,212362.0,123601.0,122.5,959.0,620824.0,12695.0,127151.0,141986.0,8807.0,6452.0,68806.0,1600431.0,269642.0,122652.0,316374.0,7656.0,27787.0,80278.0,25566.0,1047.2,1597.3,2091.3,,,1960699.0,412410.0,,43081.0,9976.0,,209952.0,6078.0,1112404.0,3437.0,11626.0,377580.0,75589.0,8034.0,24711.0,5443.0,136384.0,181915.0,9945.0,3358.0,1799.4,823408.0,56733.0,51782.0,264142.0,18543.0,535930.0,320399.0,105.37,105096.0,142664.0,95904.0,3293099,17126.0,13990.0,345485.0
2013-04-01,37722.0,87052.0,85323.0,16651.0,576.1,,,24203.0,1549.9,55113.0,3516.0,,416227.0,5498.0,,26650.0,,2538.0,779.4,211286.0,124688.0,124.6,968.0,620877.0,12820.0,127829.0,141748.0,8780.0,6416.0,62943.0,1613555.0,272181.0,175300.0,485260.0,7682.0,28237.0,80200.0,25774.0,1051.5,1596.6,2094.3,,,1955944.0,459860.0,,42865.0,9942.0,,210005.0,,,,12212.0,456070.0,75487.0,7996.0,24617.0,5387.0,129797.0,180612.0,9643.0,3376.0,1792.2,831875.0,57766.0,51951.0,264350.0,18658.0,562062.0,355283.0,114.98,111374.0,,96483.0,3288858,,17832.0,
2013-07-01,37525.0,87994.0,85853.0,16746.0,890.9,,,24279.0,1538.1,55496.0,3583.0,,418312.0,5561.0,,27437.0,,2539.0,786.2,214118.0,125402.0,124.7,969.2,622763.0,12740.0,128191.0,142850.0,9230.0,6321.0,65467.0,1610010.0,279485.0,178021.0,485260.0,7889.0,28682.0,79757.0,25396.0,1060.9,1604.6,2098.4,,,1999580.0,455352.0,,42922.0,10090.0,,211402.0,,,,12760.0,360322.0,75864.0,7938.0,23446.0,5462.0,113197.0,183784.0,9761.0,3419.0,1786.4,833531.0,57842.0,51887.0,264526.0,18835.0,583780.0,400228.0,119.25,96603.0,,96425.0,3272825,,14140.0,
2013-10-01,37526.0,95656.0,86834.0,16667.0,934.0,,,24157.0,1548.6,57330.0,3655.0,,420884.0,5647.0,,28320.0,,2541.0,761.9,213400.0,126682.0,126.1,968.8,623829.0,12809.0,128628.0,142895.0,9120.0,6365.0,65710.0,1604864.0,195395.0,251839.0,485260.0,7958.0,28298.0,79883.0,25833.0,1068.0,1597.8,2108.1,,,2022431.0,654490.0,,42820.0,10206.0,,213054.0,,,,14421.0,295382.0,76303.0,8042.0,24043.0,5569.0,180924.0,181606.0,9880.0,3448.0,1782.6,836872.0,58694.0,52014.0,265740.0,18944.0,628092.0,341469.0,134.47,120471.0,,98238.0,3247579,,13845.0,
2014-01-01,38675.0,85482.0,85791.0,16714.0,567.0,397163.0,2757.0,24345.0,1560.4,53515.0,3694.0,2711.0,422097.0,5716.0,93.34,28312.0,,2560.0,732.1,213450.0,126487.0,126.4,964.4,625335.0,12696.0,129006.0,143569.0,9021.0,6267.0,70554.0,1671328.0,232765.0,130084.0,485260.0,7907.0,28579.0,79656.0,26086.0,1081.1,1603.4,2110.2,,,2010119.0,449508.0,47582.0,43167.0,10274.0,,214063.0,6474.0,1129117.0,3497.0,12609.0,391488.0,77009.0,7990.0,24648.0,5316.0,178198.0,183627.0,9145.0,3483.0,1778.3,841838.0,59273.0,51795.0,266032.0,19011.0,558704.0,330742.0,112.86,98856.0,147949.0,98813.0,3233646,22137.0,12631.0,353258.0
2014-04-01,39228.0,88842.0,85775.0,16821.0,654.9,,2760.0,24403.0,1566.2,55795.0,3637.0,,420519.0,5711.0,,28078.0,,2589.0,731.9,214575.0,126502.0,128.7,977.7,627493.0,12709.0,129360.0,144254.0,9161.0,6250.0,64574.0,1692357.0,278564.0,172068.0,438800.0,8102.0,28385.0,79421.0,25818.0,1090.3,1602.4,2116.6,,,2013624.0,590347.0,47754.0,43252.0,10299.0,,216047.0,,,,12625.0,464651.0,78365.0,7960.0,25661.0,5255.0,149461.0,184549.0,10724.0,3513.0,1782.5,846810.0,59826.0,51529.0,268111.0,19102.0,577085.0,360924.0,113.81,117165.0,,99424.0,3238033,,16785.0,
2014-07-01,39564.0,90662.0,86688.0,16953.0,938.1,,2775.0,24614.0,1567.7,56071.0,3553.0,,420711.0,5732.0,,28199.0,,2612.0,717.7,213677.0,127812.0,129.9,985.1,629608.0,12789.0,129894.0,145387.0,8628.0,6206.0,67816.0,1689157.0,307609.0,180100.0,438800.0,8064.0,30876.0,79489.0,25606.0,1096.2,1604.5,2118.9,,,2064595.0,474168.0,47894.0,43257.0,10434.0,,217644.0,,,,13707.0,357840.0,79067.0,7931.0,26108.0,5326.0,129938.0,183546.0,9843.0,3537.0,1779.8,848657.0,60394.0,51503.0,269387.0,19161.0,606463.0,404292.0,120.44,96657.0,,99523.0,3259900,,13091.0,
2014-10-01,40914.0,97036.0,87202.0,16949.0,1057.3,,2791.0,24769.0,1588.6,56796.0,3416.0,,419438.0,5916.0,,29086.0,,2579.0,702.3,217990.0,129260.0,134.3,993.9,630829.0,12703.0,130233.0,145908.0,8759.0,6176.0,68038.0,1708405.0,251973.0,254031.0,438800.0,8017.0,30095.0,79543.0,26046.0,1103.8,1608.5,2132.6,,,2059113.0,709844.0,48099.0,42864.0,10485.0,,219376.0,,,,15401.0,329361.0,79226.0,7933.0,26248.0,5421.0,170079.0,182824.0,10085.0,3582.0,1804.7,852437.0,61408.0,51515.0,270512.0,19273.0,654950.0,361218.0,142.2,125834.0,,99309.0,3257472,,13109.0,
2015-01-01,39342.0,88813.0,88577.0,16905.0,666.4,431921.0,2750.0,24549.0,1578.8,53311.0,3618.0,2830.0,425153.0,5906.0,93.97,29879.0,,2558.0,729.7,215990.0,130293.0,137.2,1005.3,632604.0,12802.0,130445.0,146787.0,9106.0,6310.0,73379.0,1706130.0,216005.0,133877.0,438800.0,8228.0,30327.0,79011.0,26518.0,1106.7,1607.1,2146.8,,32731.0,2085719.0,445346.0,48366.0,43095.0,10522.0,,220805.0,6217.0,1220931.0,3763.0,13296.0,392958.0,79543.0,7964.0,24149.0,5120.0,152710.0,178093.0,10155.0,3638.0,1810.9,837770.0,61708.0,52062.0,271748.0,19251.0,542866.0,337651.0,106.95,99737.0,149970.0,99538.0,3277170,26412.0,12308.0,380936.0
2015-04-01,39627.0,97228.0,89373.0,16943.0,692.2,,2760.0,24692.0,1586.6,54886.0,3653.0,,425599.0,5902.0,,30217.0,,2576.0,743.7,217474.0,129959.0,138.3,1002.6,634976.0,12906.0,130672.0,147875.0,8990.0,6365.0,66924.0,1687253.0,291843.0,176584.0,356856.0,8194.0,29828.0,78926.0,26319.0,1110.2,1615.0,2150.9,,34967.0,2070619.0,587058.0,48618.0,43051.0,10685.0,,222750.0,,,,13793.0,476327.0,80054.0,8048.0,25571.0,5068.0,166121.0,175888.0,10800.0,3698.0,1823.0,837585.0,62557.0,52522.0,271443.0,19293.0,581657.0,364687.0,121.58,110590.0,,100405.0,3309301,,18648.0,
2015-07-01,39898.0,98087.0,90472.0,16985.0,1143.8,,2768.0,24545.0,1600.4,55073.0,3613.0,,428068.0,6070.0,,31279.0,,2578.0,730.2,219963.0,129849.0,138.6,1014.8,637633.0,12866.0,130948.0,149454.0,9156.0,6433.0,69703.0,1741589.0,335329.0,192869.0,356856.0,8209.0,30023.0,78928.0,26060.0,1113.2,1608.3,2168.3,,35910.0,2070031.0,461333.0,48848.0,43032.0,10614.0,,222964.0,,,,14709.0,414450.0,80675.0,8021.0,24885.0,5134.0,135300.0,177233.0,11096.0,3744.0,1838.3,838002.0,62416.0,52771.0,274586.0,19262.0,608464.0,409984.0,125.08,95870.0,,101277.0,3326769,,13668.0,
2015-10-01,40151.0,103040.0,91280.0,17176.0,1216.0,,2741.0,24617.0,1590.6,55715.0,3563.0,,426881.0,6319.0,,27813.0,,2581.0,721.2,221475.0,128542.0,141.0,1020.2,642398.0,12971.0,131455.0,151808.0,9070.0,6314.0,70254.0,1758031.0,272799.0,272068.0,356856.0,8343.0,30634.0,79479.0,26654.0,1113.5,1598.0,2166.4,,50413.0,2077119.0,625474.0,49180.0,43151.0,10586.0,,221405.0,,,,16914.0,381728.0,81903.0,8047.0,24269.0,5227.0,162607.0,176255.0,11170.0,3783.0,1841.7,843805.0,63407.0,53062.0,277082.0,19266.0,661180.0,381513.0,154.35,139852.0,,100928.0,3341055,,12943.0,
2016-01-01,40850.0,90566.0,92641.0,17264.0,663.1,1217531.0,2766.0,24688.0,1590.3,53237.0,3568.0,2990.0,430380.0,6311.0,105.22,29815.0,,2605.0,734.0,221098.0,128731.0,141.8,1027.7,645743.0,13008.0,131992.0,153446.0,9038.0,6569.0,75712.0,1755166.0,232831.0,138468.0,356856.0,8512.0,30575.0,79507.0,27229.0,1119.3,1603.1,2156.4,,33638.0,2093772.0,521528.0,49435.0,43416.0,10690.0,,224485.0,5613.0,1321395.0,4142.0,15045.0,443226.0,82128.0,8088.0,24594.0,5192.0,120669.0,176365.0,10829.0,3779.0,1862.2,847723.0,64762.0,53154.0,280022.0,19279.0,578160.0,366010.0,119.6,101021.0,152389.0,101150.0,3371646,30947.0,11446.0,395546.0
2016-04-01,41280.0,94086.0,94337.0,17202.0,750.7,,2771.0,24565.0,1581.9,55179.0,3694.0,,434964.0,6524.0,,30564.0,,2603.0,720.5,223920.0,130285.0,142.8,1037.7,647824.0,12895.0,132252.0,154832.0,9041.0,6616.0,69436.0,1752124.0,298933.0,187556.0,396286.0,8516.0,31541.0,79620.0,26742.0,1124.6,1601.1,2178.0,,36916.0,2118500.0,603844.0,49732.0,43505.0,10695.0,,226102.0,,,,15169.0,545076.0,82367.0,8119.0,23586.0,5138.0,121630.0,176083.0,11420.0,3784.0,1873.4,858716.0,65230.0,53113.0,283175.0,19336.0,594539.0,370766.0,140.4,107992.0,,101277.0,3369042,,16607.0,
2016-07-01,42039.0,96874.0,95875.0,17405.0,1096.1,,2770.0,24794.0,1591.8,55051.0,3715.0,,434878.0,6652.0,,30511.0,,2598.0,745.7,225235.0,130970.0,141.3,1040.6,650235.0,12783.0,132922.0,155502.0,9128.0,6724.0,72174.0,1725893.0,343179.0,187162.0,396286.0,8606.0,31670.0,79632.0,26455.0,1133.6,1611.0,2185.3,,36718.0,2151328.0,591371.0,50245.0,43706.0,10803.0,,228702.0,,,,15094.0,430953.0,82690.0,8059.0,25301.0,5209.0,98830.0,176611.0,11098.0,3792.0,1880.8,861934.0,65500.0,53080.0,282306.0,19326.0,629654.0,398323.0,131.14,97098.0,,101465.0,3383696,,12737.0,
2016-10-01,42479.0,103612.0,95617.0,17406.0,1194.4,,2750.0,24815.0,1585.3,55980.0,3758.0,,435798.0,6559.0,,30472.0,,2597.0,731.5,226838.0,129449.0,140.1,1036.7,652647.0,13300.0,133486.0,156202.0,9035.0,6631.0,72581.0,1710801.0,289775.0,261119.0,396286.0,8793.0,31736.0,79690.0,26827.0,1146.3,1613.2,2209.7,,48367.0,2156069.0,626082.0,50501.0,44023.0,10885.0,,229322.0,,,,16441.0,402112.0,82875.0,8073.0,25275.0,5307.0,167411.0,178724.0,11491.0,3794.0,1868.2,856517.0,65670.0,53216.0,283157.0,19361.0,679889.0,391156.0,163.69,137616.0,,101092.0,3389649,,11445.0,
2017-01-01,42426.0,92114.0,97110.0,17454.0,566.6,1305224.0,2747.0,24668.0,1591.3,52396.0,3819.0,3186.0,440122.0,6645.0,98.98,30729.0,,2634.0,737.2,227440.0,130412.0,143.6,1045.8,652353.0,12792.0,133645.0,156206.0,8904.0,6690.0,77452.0,1727590.0,269710.0,142183.0,396286.0,8830.0,31869.0,79419.0,27163.0,1156.5,1607.0,2240.0,,36245.0,2132335.0,505574.0,50770.0,43690.0,10988.0,,229532.0,5661.0,1390837.0,4406.0,14399.0,433777.0,83531.0,8083.0,25455.0,5320.0,113732.0,180650.0,11244.0,3823.0,1872.2,855988.0,66514.0,53456.0,282785.0,19392.0,554373.0,362603.0,131.29,111308.0,183487.0,101335.0,3380244,36653.0,12239.0,417736.0
2017-04-01,43382.0,98370.0,98206.0,17480.0,678.8,,2760.0,24732.0,1613.6,54668.0,3821.0,,440746.0,6803.0,,31494.0,,2644.0,749.2,228434.0,131081.0,141.9,1054.1,655316.0,12977.0,134340.0,157204.0,9039.0,6681.0,71301.0,1773412.0,363307.0,183935.0,436516.0,8869.0,32160.0,79417.0,26789.0,1168.3,1606.6,2269.2,,38211.0,2126828.0,611281.0,50977.0,43912.0,11036.0,,231414.0,,,,15307.0,583654.0,84161.0,8091.0,25615.0,5271.0,113718.0,181130.0,11617.0,3833.0,1871.4,853179.0,67523.0,53488.0,282981.0,19464.0,604306.0,373533.0,140.11,105372.0,,101859.0,3389811,,15526.0,
2017-07-01,43496.0,99418.0,98152.0,17491.0,987.4,,2742.0,24796.0,1617.7,54626.0,3850.0,,444040.0,6864.0,,31574.0,,2674.0,736.1,228092.0,131348.0,142.0,1058.5,658671.0,13154.0,135018.0,157830.0,8970.0,6706.0,74777.0,1800695.0,368364.0,193619.0,436516.0,9035.0,31747.0,79679.0,26507.0,1175.9,1602.7,2296.7,,38257.0,2139480.0,490263.0,51266.0,44292.0,11330.0,,232076.0,,,,15911.0,464841.0,84723.0,8104.0,26325.0,5341.0,106770.0,182256.0,11812.0,3833.0,1877.3,853095.0,68739.0,53905.0,284805.0,19537.0,640387.0,408298.0,139.53,106499.0,,102258.0,3394009,,12775.0,
2017-10-01,42674.0,105392.0,99826.0,17414.0,1048.9,,2706.0,24843.0,1614.8,56286.0,3879.0,,447828.0,6956.0,,31986.0,,2661.0,762.9,229300.0,131164.0,143.2,1057.0,660786.0,13172.0,135269.0,159052.0,9062.0,6840.0,74601.0,1833386.0,319987.0,271020.0,436516.0,9162.0,32676.0,79767.0,26886.0,1180.9,1602.1,2310.4,,51737.0,2177278.0,693902.0,51668.0,44394.0,11285.0,,232786.0,,,,18142.0,457607.0,85477.0,8124.0,25900.0,5441.0,191076.0,185127.0,11724.0,3821.0,1894.1,853104.0,68653.0,53894.0,284905.0,19646.0,672982.0,385716.0,173.7,143445.0,,102180.0,3424498,,10692.0,
2018-01-01,43606.0,92056.0,101153.0,17540.0,523.3,1374107.0,4746.0,25014.0,1628.0,52924.0,3956.0,3430.0,452103.0,6916.0,95.94,33056.0,,2682.0,756.7,234743.0,130921.0,143.0,1048.6,660714.0,13132.0,135086.0,157960.0,8902.0,6780.0,80645.0,1818576.0,293184.0,146069.0,436516.0,9259.0,33554.0,79716.0,27312.0,1183.1,1607.6,2412.0,,36399.0,2210783.0,534021.0,52309.0,44638.0,11360.0,905375.0,232677.0,5649.0,1510861.0,4694.0,15245.0,494233.0,85962.0,8125.0,26176.0,5389.0,109965.0,185053.0,12075.0,3812.0,1911.6,860339.0,70223.0,54329.0,284988.0,19613.0,593113.0,371488.0,136.49,110689.0,190358.0,101885.0,3431709,41922.0,11904.0,437286.0
2018-04-01,42721.0,97624.0,101375.0,17825.0,659.1,,4744.0,25217.0,1623.3,55350.0,4050.0,,456686.0,7048.0,,33370.0,,2732.0,760.4,236046.0,131312.0,147.3,1062.6,663972.0,13269.0,135563.0,159167.0,8532.0,6857.0,74496.0,1825050.0,387341.0,193534.0,469781.0,9513.0,32630.0,79658.0,27094.0,1189.0,1608.1,2389.1,,39451.0,2223852.0,623569.0,52836.0,44746.0,11531.0,926947.0,232659.0,,,,15709.0,655488.0,87183.0,8145.0,25120.0,5339.0,137655.0,189080.0,11720.0,3817.0,1924.8,867387.0,70427.0,54704.0,287515.0,19696.0,642963.0,384989.0,153.07,119187.0,,101964.0,3456309,,15499.0,
2018-07-01,43399.0,96924.0,102390.0,17659.0,911.9,,4787.0,25191.0,1633.8,55492.0,4062.0,,458262.0,7046.0,,34023.0,,2722.0,742.7,239116.0,131158.0,146.4,1061.5,665114.0,13346.0,135550.0,158780.0,8795.0,6842.0,77263.0,1824224.0,398078.0,205734.0,469781.0,9650.0,33425.0,79569.0,26728.0,1198.9,1609.6,2394.1,,40265.0,2199856.0,500082.0,53199.0,44805.0,11571.0,927592.0,232482.0,,,,15913.0,531757.0,88390.0,8146.0,27281.0,5409.0,117409.0,190503.0,11840.0,3855.0,1935.1,861991.0,71793.0,55110.0,286934.0,19667.0,633450.0,420339.0,147.5,98774.0,,102537.0,3483628,,13207.0,
2018-10-01,43506.0,101214.0,104140.0,17710.0,974.3,,4975.0,25234.0,1636.7,55925.0,4082.0,,461436.0,7118.0,,34581.0,,2701.0,833.1,239247.0,130736.0,150.1,1091.2,667951.0,13342.0,136248.0,159495.0,8650.0,6962.0,78370.0,1794288.0,331283.0,283540.0,469781.0,9493.0,33111.0,79571.0,27296.0,1214.6,1606.8,2411.6,,53915.0,2185948.0,655598.0,53847.0,45163.0,11617.0,1027351.0,233508.0,,,,18625.0,518159.0,89894.0,8185.0,28489.0,5510.0,209196.0,192230.0,12017.0,3901.0,1955.4,862750.0,73450.0,55440.0,287907.0,19686.0,701852.0,394229.0,181.09,137612.0,,103785.0,3488352,,13119.0,
2019-01-01,44342.0,87956.0,105301.0,18052.0,573.2,1558227.0,4750.0,25631.0,1644.5,52718.0,4077.0,3663.0,459393.0,7124.0,94.82,34936.0,,2756.0,826.9,240663.0,131148.0,150.2,1103.2,673923.0,13616.0,136377.0,161580.0,8787.0,6892.0,84261.0,1875679.0,318244.0,153748.0,469781.0,9938.0,33517.0,79648.0,27562.0,1235.8,1611.4,2424.1,,38559.0,2181585.0,584265.0,54710.0,45816.0,11778.0,985809.0,234783.0,,1523005.0,4924.0,15473.0,523615.0,91655.0,8242.0,27612.0,5508.0,113458.0,187972.0,12472.0,3976.0,1957.4,870389.0,74192.0,55685.0,289638.0,19693.0,578256.0,383403.0,144.94,91382.0,204858.0,105264.0,3535387,60440.0,13198.0,461075.0
2019-04-01,44440.0,93382.0,108794.0,17865.0,691.9,,4774.0,25758.0,1646.6,55088.0,4080.0,,459071.0,7189.0,,35457.0,,2772.0,845.4,243415.0,132733.0,,1090.9,675830.0,13506.0,136836.0,161938.0,9125.0,7008.0,77343.0,1907750.0,379819.0,209471.0,461862.0,10021.0,34406.0,79518.0,27608.0,1252.2,1609.1,2445.6,,39460.0,2160652.0,712288.0,55482.0,45858.0,11968.0,928257.0,235068.0,,,,16292.0,697011.0,92658.0,8297.0,28735.0,5464.0,134253.0,191106.0,11895.0,4011.0,1964.3,875018.0,75351.0,55840.0,286805.0,19735.0,628852.0,389448.0,155.51,102663.0,,107139.0,3588929,,,
2019-07-01,44743.0,88666.0,109876.0,18084.0,901.4,,4816.0,25776.0,1642.3,54842.0,4146.0,,462808.0,7318.0,,35651.0,,2812.0,909.0,246805.0,133215.0,,1100.1,680237.0,13578.0,137329.0,164381.0,8764.0,7007.0,82173.0,1927253.0,420439.0,207784.0,461862.0,10249.0,34452.0,79093.0,27423.0,1264.0,1598.8,2481.3,,40413.0,2154780.0,556207.0,55697.0,46236.0,12211.0,948571.0,235629.0,,,,17025.0,575719.0,93892.0,8352.0,29208.0,5544.0,127639.0,197656.0,12135.0,4041.0,1968.5,884300.0,76609.0,55984.0,286932.0,19854.0,661196.0,429802.0,157.31,91297.0,,106851.0,3629001,,,
2019-10-01,44447.0,92993.0,111484.0,17675.0,1176.7,,5002.0,25740.0,1653.7,55974.0,4174.0,,466957.0,6738.0,,36108.0,,2780.0,890.1,242230.0,131396.0,,1110.0,679389.0,13467.0,137537.0,164277.0,8908.0,6710.0,82751.0,1981765.0,347495.0,284959.0,461862.0,10046.0,33599.0,78358.0,27896.0,1271.5,1594.8,2511.0,,54226.0,2165778.0,775724.0,56384.0,46378.0,12436.0,1257270.0,236291.0,,,,19050.0,603522.0,94497.0,8406.0,29414.0,5644.0,181814.0,195153.0,12749.0,4054.0,1979.4,886311.0,78038.0,56203.0,287199.0,20031.0,717161.0,392930.0,183.83,117371.0,,107338.0,3652085,,,
2020-01-01,44718.0,87736.0,114144.0,17818.0,701.9,1588635.0,4773.0,25455.0,1662.4,52655.0,4370.0,4137.0,466398.0,6942.0,85.12,34952.0,,2884.0,914.7,251887.0,131322.0,,1107.1,679622.0,13622.0,132764.0,165755.0,9057.0,7012.0,92184.0,1875553.0,343854.0,159694.0,461862.0,10377.0,31897.0,79767.0,28046.0,1276.3,1581.3,2551.0,,40624.0,2211082.0,619908.0,54479.0,46592.0,12576.0,1052886.0,236840.0,,1679873.0,5720.0,16612.0,560060.0,95673.0,8280.0,29827.0,5591.0,120218.0,202370.0,13267.0,4042.0,2064.8,888229.0,79270.0,56832.0,284433.0,20340.0,598874.0,373675.0,149.21,81821.0,198957.0,103574.0,3691924,87048.0,,466792.0
2020-04-01,44466.0,87929.0,116155.0,17422.0,1038.0,,4608.0,24785.0,1661.0,50754.0,4452.0,,449603.0,6542.0,,34662.0,1213271.0,2869.0,946.7,250823.0,127155.0,,1133.9,660050.0,13430.0,116835.0,165636.0,9022.0,6605.0,84998.0,1917517.0,413195.0,195839.0,,11129.0,34242.0,78093.0,28036.0,1278.0,1570.1,2604.0,11821.0,39709.0,2140178.0,782267.0,54950.0,45604.0,12803.0,2304793.0,225499.0,,,,15838.0,848877.0,96709.0,8020.0,29706.0,5575.0,130660.0,201242.0,14304.0,3762.0,2024.3,884328.0,80050.0,57373.0,277216.0,20502.0,625643.0,396412.0,155.39,99247.0,,84624.0,3768904,,,
2020-07-01,45161.0,86985.0,118916.0,17859.0,1368.8,,4758.0,26532.0,1664.7,52414.0,4442.0,,474621.0,6778.0,,34938.0,1216401.0,2992.0,992.6,251033.0,126667.0,,1144.7,696324.0,13632.0,137997.0,173458.0,9189.0,6789.0,87770.0,1916067.0,310473.0,228165.0,,11358.0,33947.0,79182.0,28201.0,1285.2,1580.0,2678.0,13044.0,43587.0,2138416.0,667695.0,55440.0,47454.0,12983.0,1889405.0,235839.0,,,,17731.0,609090.0,97889.0,8521.0,28408.0,5662.0,129060.0,192799.0,14375.0,4080.0,2052.5,886068.0,80167.0,58221.0,281940.0,20647.0,687004.0,444688.0,160.12,87234.0,,99934.0,3709691,,,
2020-10-01,46051.0,93009.0,119980.0,18274.0,1624.4,,4848.0,26002.0,1699.8,54735.0,4505.0,,481009.0,7101.0,,36519.0,1598286.0,2764.0,1001.1,259804.0,134216.0,,1152.3,701072.0,14108.0,137631.0,174158.0,9309.0,,87399.0,1976378.0,331726.0,290447.0,,11498.0,36378.0,79792.0,28827.0,1300.9,1580.6,2683.0,14791.0,55801.0,2144989.0,,56181.0,47471.0,13251.0,1409721.0,238704.0,,,,23455.0,633848.0,99352.0,8592.0,28342.0,5763.0,195608.0,196368.0,14010.0,4101.0,2049.5,890040.0,79834.0,59256.0,283831.0,20875.0,745701.0,402524.0,190.69,122252.0,,104835.0,3691493,,,
2021-01-01,48193.0,87311.0,120343.0,18600.0,887.9,1697889.0,4658.0,26241.0,1689.9,51554.0,4374.0,7394.0,487907.0,7358.0,108.66,37527.0,1517645.0,2777.0,1031.2,251273.0,135315.0,,1176.6,700286.0,14186.0,137099.0,170784.0,9222.0,,99635.0,1959103.0,424730.0,163833.0,,11700.0,32837.0,80000.0,28928.0,1313.4,1592.6,2742.0,9208.0,43448.0,2142190.0,,58031.0,48203.0,13551.0,1004813.0,238158.0,,,,17708.0,650700.0,100477.0,8495.0,28900.0,5733.0,121965.0,205069.0,14325.0,4158.0,2149.1,884835.0,81092.0,59646.0,289151.0,21194.0,627676.0,377355.0,147.02,84618.0,222378.0,105864.0,3743069,100789.0,,
2021-04-01,49429.0,93103.0,122026.0,19263.0,958.0,,4639.0,26678.0,1735.0,54883.0,4385.0,,491742.0,7603.0,,38376.0,,3094.0,1039.2,251756.0,136771.0,,1168.6,710439.0,14159.0,137680.0,176266.0,9258.0,,88557.0,1928646.0,379485.0,212084.0,,11884.0,34918.0,79919.0,29396.0,1325.8,1597.7,2778.0,,44201.0,2181390.0,,58871.0,49413.0,13730.0,1070299.0,241617.0,,,,18180.0,814245.0,101731.0,8768.0,29304.0,5803.0,132664.0,198738.0,14439.0,4198.0,2157.4,889515.0,84291.0,59959.0,290580.0,21282.0,638643.0,399002.0,161.48,102321.0,,114096.0,3701847,,,
2021-07-01,47916.0,94735.0,126151.0,19469.0,1032.5,,4728.0,27465.0,1731.8,55603.0,4553.0,,494208.0,7833.0,,39471.0,,2918.0,1015.7,263341.0,132461.0,,1181.9,716133.0,14257.0,141840.0,176519.0,9431.0,,93608.0,1966384.0,325630.0,229749.0,,11684.0,35413.0,80196.0,29247.0,1335.7,1603.6,2772.0,,44707.0,2134913.0,,59523.0,49238.0,13917.0,1142918.0,246001.0,,,,19340.0,693780.0,102967.0,8877.0,28744.0,5808.0,130445.0,211246.0,14495.0,4161.0,2180.7,894942.0,85348.0,60098.0,289986.0,21349.0,712405.0,455726.0,173.81,89257.0,,115146.0,3688204,,,
2021-10-01,48221.0,102968.0,127307.0,19504.0,1277.9,,4827.0,27708.0,1722.6,57304.0,4546.0,,498773.0,8294.0,,39548.0,,3059.0,1060.5,260921.0,138775.0,,1183.4,720956.0,14322.0,142977.0,176608.0,9436.0,,91249.0,1971860.0,329449.0,305654.0,,11984.0,38494.0,81041.0,29344.0,1335.9,1606.6,2791.0,,58911.0,2125121.0,,60533.0,49640.0,14456.0,1173404.0,244894.0,,,,22125.0,683980.0,104259.0,8779.0,31445.0,5899.0,195152.0,209862.0,14726.0,4138.0,2203.6,896953.0,86446.0,59766.0,290344.0,21273.0,779662.0,444596.0,194.23,123762.0,,116404.0,3685796,,,
2022-01-01,46383.0,91690.0,130707.0,19370.0,653.5,1803863.0,4607.0,28015.0,1732.6,53624.0,4564.0,,505107.0,8232.0,93.56,39716.0,,2967.0,1048.4,255531.0,136561.0,,1172.8,722283.0,14093.0,143559.0,178515.0,9449.0,,105617.0,2047492.0,445830.0,153026.0,,12068.0,33536.0,81407.0,29680.0,1341.8,1601.8,2824.0,,46434.0,2143992.0,,60056.0,49425.0,14656.0,905224.0,243244.0,,,,18888.0,675243.0,105027.0,8870.0,29101.0,5814.0,126813.0,210670.0,13768.0,4064.0,2203.1,905316.0,86413.0,59666.0,288372.0,21165.0,628666.0,407310.0,153.89,,205320.0,117600.0,3658819,,,
2022-04-01,45793.0,97917.0,129592.0,19293.0,801.3,,4592.0,28317.0,1737.6,55886.0,4809.0,,506158.0,8337.0,,40656.0,,2991.0,1070.8,255892.0,130241.0,,1173.5,720706.0,13785.0,142840.0,179216.0,9575.0,,99456.0,2007612.0,416509.0,202300.0,,12338.0,33988.0,80679.0,29852.0,1357.2,1612.2,2833.0,,45223.0,2163471.0,,61751.0,49687.0,14665.0,1003616.0,244339.0,,,,17856.0,904956.0,105497.0,8816.0,28784.0,5990.0,147789.0,208553.0,14613.0,3977.0,2138.6,897410.0,,58916.0,288805.0,21068.0,689477.0,409494.0,163.63,,,114550.0,3641161,,,
2022-07-01,46363.0,95073.0,129647.0,18925.0,977.4,,4744.0,28169.0,1753.9,57074.0,4683.0,,512764.0,8278.0,,38363.0,,3039.0,1085.7,259000.0,130321.0,,1184.5,719905.0,14129.0,143312.0,176758.0,9630.0,,98341.0,1993909.0,336707.0,224004.0,,12521.0,35337.0,80655.0,29361.0,1374.0,1602.5,2871.0,,47596.0,2179219.0,,60906.0,49978.0,14699.0,1035661.0,245572.0,,,,19041.0,700083.0,105465.0,8825.0,28219.0,6003.0,147215.0,204699.0,14207.0,3940.0,2150.4,901826.0,,59757.0,291218.0,21075.0,736728.0,448908.0,181.22,,,115094.0,3666982,,,
2022-10-01,46220.0,100607.0,130435.0,19311.0,1280.4,,4870.0,28433.0,1746.1,57452.0,4760.0,,511080.0,8363.0,,37502.0,,3174.0,1069.4,260146.0,131002.0,,1191.0,722248.0,14330.0,144165.0,176668.0,9549.0,,99308.0,2005314.0,352789.0,291228.0,,12455.0,37192.0,81603.0,29963.0,1397.4,1608.0,2881.0,,60690.0,2167480.0,,62134.0,50502.0,14344.0,1011789.0,248121.0,,,,21414.0,708326.0,97597.0,8896.0,28302.0,6134.0,212625.0,203498.0,14404.0,3924.0,2159.8,895626.0,,60694.0,291858.0,21090.0,836618.0,413210.0,206.96,144349.0,,114440.0,3714800,,,
2023-01-01,47792.0,94253.0,130582.0,18934.0,695.9,1992586.0,4651.0,28467.0,1767.6,53937.0,4706.0,,513658.0,8528.0,,39061.0,,3201.0,1104.3,263422.0,131521.0,,1176.6,723408.0,14688.0,143646.0,174452.0,9710.0,,106897.0,2006037.0,507720.0,158085.0,,12162.0,34975.0,82655.0,30148.0,1422.6,1609.4,2876.0,,45431.0,2159786.0,,61686.0,50880.0,14176.0,,249776.0,,,,18516.0,716945.0,105383.0,8878.0,29675.0,6269.0,145228.0,201524.0,14533.0,3925.0,2178.7,904556.0,,60740.0,294098.0,20779.0,651208.0,382984.0,162.81,,,113488.0,3758768,,,
2023-04-01,49541.0,101105.0,131328.0,19187.0,1053.7,,4572.0,28668.0,1743.8,57151.0,4602.0,,514806.0,8422.0,,40613.0,,3261.0,1092.1,264992.0,132369.0,,1183.3,726045.0,15099.0,143827.0,174556.0,9682.0,,90004.0,2049146.0,415961.0,223483.0,,12509.0,35249.0,81674.0,30094.0,1448.8,1607.7,2911.0,,46922.0,,,63665.0,51412.0,14660.0,,252301.0,,,,18559.0,840453.0,105789.0,8910.0,30027.0,6421.0,146064.0,205240.0,14422.0,3941.0,2201.9,921548.0,,61540.0,295238.0,20656.0,691531.0,392033.0,177.76,,,116016.0,3789786,,,
2023-07-01,50911.0,97046.0,133274.0,19390.0,1206.7,,4754.0,28720.0,1760.2,57514.0,4704.0,,520749.0,8439.0,,39575.0,,3255.0,1088.8,268475.0,132122.0,,1171.6,730669.0,14378.0,144375.0,176940.0,9595.0,,94534.0,2065738.0,383289.0,215207.0,,12773.0,36870.0,81768.0,29650.0,1476.5,1611.5,2945.0,,,,,63220.0,52061.0,14417.0,,254936.0,,,,19605.0,746801.0,106453.0,8975.0,30667.0,6428.0,157262.0,208806.0,14780.0,3969.0,2217.3,926320.0,,62550.0,295113.0,20646.0,737342.0,426622.0,191.57,,,117255.0,3843355,,,
2023-10-01,52831.0,97370.0,134015.0,19115.0,1599.6,,4861.0,28857.0,1762.5,59176.0,4763.0,,517447.0,8441.0,,39509.0,,3287.0,1088.9,270136.0,132378.0,,1156.9,733869.0,14683.0,145067.0,177983.0,9809.0,,94171.0,2028119.0,341625.0,299422.0,,12903.0,51462.0,82286.0,30006.0,1503.5,1610.1,2992.0,,,,,64992.0,52376.0,14442.0,,257409.0,,,,22972.0,700904.0,106891.0,9006.0,30918.0,6499.0,,214967.0,14593.0,3966.0,2258.0,923307.0,,63195.0,296697.0,20658.0,839109.0,400819.0,210.53,407285.0,,117343.0,3886999,,,
2024-01-01,,,,,,,,,,,,,520170.0,8841.0,,39399.0,,3266.0,,272759.0,134950.0,,1172.9,,15001.0,145924.0,177223.0,,,103673.0,,,189549.0,,,49346.0,82393.0,30211.0,1530.9,1599.7,,,,,,,52694.0,,,258801.0,,,,19440.0,729210.0,,9007.0,,,,,15369.0,,2285.6,,,62579.0,,20702.0,658669.0,,167.7,,,117727.0,3899938,,,
